mutation_id,gene,change,drug,n_samples
katG|p.Ser315Thr,katG,p.Ser315Thr,isoniazid,760
rpoB|p.Ser450Leu,rpoB,p.Ser450Leu,rifapentine,426
rpoB|p.Ser450Leu,rpoB,p.Ser450Leu,rifampicin,426
embB|p.Met306Val,embB,p.Met306Val,ethambutol,377
gyrA|p.Ala90Val,gyrA,p.Ala90Val,levofloxacin,321
gyrA|p.Ala90Val,gyrA,p.Ala90Val,moxifloxacin,321
rrs|n.1401A>G,rrs,n.1401A>G,kanamycin,320
rrs|n.1401A>G,rrs,n.1401A>G,amikacin,320
rrs|n.1401A>G,rrs,n.1401A>G,capreomycin,320
embB|p.Met306Ile,embB,p.Met306Ile,ethambutol,284
inhA|c.-770T>A,inhA,c.-770T>A,ethionamide,265
inhA|c.-770T>A,inhA,c.-770T>A,isoniazid,265
inhA|c.-770T>A,inhA,c.-770T>A,prothionamide,265
rpoB|p.Leu452Pro,rpoB,p.Leu452Pro,rifapentine,246
rpoB|p.Leu452Pro,rpoB,p.Leu452Pro,rifampicin,246
pncA|c.456dupC,pncA,c.456dupC,pyrazinamide,221
rpoB|p.Asp435Gly,rpoB,p.Asp435Gly,rifampicin,193
rpoB|p.Asp435Gly,rpoB,p.Asp435Gly,rifapentine,193
rrs|n.514A>C,rrs,n.514A>C,streptomycin,177
gyrA|p.Asp94Gly,gyrA,p.Asp94Gly,levofloxacin,162
gyrA|p.Asp94Gly,gyrA,p.Asp94Gly,moxifloxacin,162
inhA|c.-777C>T,inhA,c.-777C>T,isoniazid,155
inhA|c.-777C>T,inhA,c.-777C>T,prothionamide,155
inhA|c.-777C>T,inhA,c.-777C>T,ethionamide,155
rpsL|p.Lys43Arg,rpsL,p.Lys43Arg,streptomycin,143
rpoB|p.Asp435Val,rpoB,p.Asp435Val,rifampicin,124
rpoB|p.Asp435Val,rpoB,p.Asp435Val,rifapentine,124
inhA|c.-779G>T,inhA,c.-779G>T,ethionamide,108
inhA|c.-779G>T,inhA,c.-779G>T,prothionamide,108
inhA|c.-779G>T,inhA,c.-779G>T,isoniazid,108
pncA|p.Cys14Arg,pncA,p.Cys14Arg,pyrazinamide,89
embB|p.Gln497Lys,embB,p.Gln497Lys,ethambutol,84
embB|p.Gln497Arg,embB,p.Gln497Arg,ethambutol,77
pncA|c.517dupG,pncA,c.517dupG,pyrazinamide,72
mmpR5|c.144dupC,mmpR5,c.144dupC,clofazimine,64
mmpR5|c.144dupC,mmpR5,c.144dupC,bedaquiline,64
gyrA|p.Ser91Pro,gyrA,p.Ser91Pro,moxifloxacin,60
gyrA|p.Ser91Pro,gyrA,p.Ser91Pro,levofloxacin,60
rpsL|p.Lys88Arg,rpsL,p.Lys88Arg,streptomycin,60
rrs|n.517C>T,rrs,n.517C>T,streptomycin,53
inhA|c.-154G>A,inhA,c.-154G>A,ethionamide,48
inhA|c.-154G>A,inhA,c.-154G>A,prothionamide,48
inhA|c.-154G>A,inhA,c.-154G>A,isoniazid,48
rpoB|p.Leu430Pro,rpoB,p.Leu430Pro,rifampicin,43
gyrA|p.Asp94Asn,gyrA,p.Asp94Asn,levofloxacin,43
rpoB|p.Leu430Pro,rpoB,p.Leu430Pro,rifapentine,43
gyrA|p.Asp94Asn,gyrA,p.Asp94Asn,moxifloxacin,43
rpoB|p.His445Tyr,rpoB,p.His445Tyr,rifapentine,41
rpoB|p.His445Tyr,rpoB,p.His445Tyr,rifampicin,41
pncA|p.Leu151Ser,pncA,p.Leu151Ser,pyrazinamide,35
pncA|p.Tyr34Asp,pncA,p.Tyr34Asp,pyrazinamide,35
pncA|p.His71Tyr,pncA,p.His71Tyr,pyrazinamide,31
pncA|p.Gly97Asp,pncA,p.Gly97Asp,pyrazinamide,31
tlyA|c.585_588delTGGG,tlyA,c.585_588delTGGG,capreomycin,30
rpoB|p.Ile491Phe,rpoB,p.Ile491Phe,rifampicin,29
rpoB|p.Ile491Phe,rpoB,p.Ile491Phe,rifapentine,29
pncA|p.Arg154Gly,pncA,p.Arg154Gly,pyrazinamide,27
mmpR5|c.198dupG,mmpR5,c.198dupG,clofazimine,27
mmpR5|c.198dupG,mmpR5,c.198dupG,bedaquiline,27
ethA|c.869dupA,ethA,c.869dupA,prothionamide,27
ethA|c.869dupA,ethA,c.869dupA,ethionamide,27
rrs|n.878G>A,rrs,n.878G>A,streptomycin,27
embB|p.Gly406Ala,embB,p.Gly406Ala,ethambutol,27
pncA|p.Gly132Ala,pncA,p.Gly132Ala,pyrazinamide,25
rpoB|p.His445Leu,rpoB,p.His445Leu,rifapentine,25
gyrA|p.Asp94Ala,gyrA,p.Asp94Ala,moxifloxacin,25
gyrA|p.Asp94Ala,gyrA,p.Asp94Ala,levofloxacin,25
rpoB|p.His445Leu,rpoB,p.His445Leu,rifampicin,25
rrs|n.1484G>T,rrs,n.1484G>T,amikacin,24
rrs|n.1484G>T,rrs,n.1484G>T,capreomycin,24
rrs|n.1484G>T,rrs,n.1484G>T,kanamycin,24
rpoB|p.His445Asp,rpoB,p.His445Asp,rifampicin,23
rpoB|p.His445Asp,rpoB,p.His445Asp,rifapentine,23
gyrA|p.Asp94His,gyrA,p.Asp94His,moxifloxacin,21
gyrA|p.Asp94His,gyrA,p.Asp94His,levofloxacin,21
pncA|p.Ser59Pro,pncA,p.Ser59Pro,pyrazinamide,20
rpoB|p.Asp435Tyr,rpoB,p.Asp435Tyr,rifampicin,20
gid|p.Ala134Glu,gid,p.Ala134Glu,streptomycin,20
rpoB|p.Asp435Tyr,rpoB,p.Asp435Tyr,rifapentine,20
pncA|c.375_389delCGATGAGGTCGATGT,pncA,c.375_389delCGATGAGGTCGATGT,pyrazinamide,20
mmpR5|c.141_142dupTC,mmpR5,c.141_142dupTC,clofazimine,18
rpoB|p.His445Asn,rpoB,p.His445Asn,rifampicin,18
mmpR5|c.141_142dupTC,mmpR5,c.141_142dupTC,bedaquiline,18
rpoB|p.His445Asn,rpoB,p.His445Asn,rifapentine,18
gyrA|p.Asp94Tyr,gyrA,p.Asp94Tyr,moxifloxacin,16
mmpR5|c.424dupC,mmpR5,c.424dupC,clofazimine,16
gyrA|p.Gly88Cys,gyrA,p.Gly88Cys,levofloxacin,16
gyrA|p.Asp94Tyr,gyrA,p.Asp94Tyr,levofloxacin,16
gyrA|p.Gly88Cys,gyrA,p.Gly88Cys,moxifloxacin,16
gyrB|p.Glu501Asp,gyrB,p.Glu501Asp,moxifloxacin,16
gyrB|p.Glu501Asp,gyrB,p.Glu501Asp,levofloxacin,16
mmpR5|c.424dupC,mmpR5,c.424dupC,bedaquiline,16
mmpR5|c.139dupG,mmpR5,c.139dupG,clofazimine,12
mmpR5|c.139dupG,mmpR5,c.139dupG,bedaquiline,12
gyrA|p.Gly88Ala,gyrA,p.Gly88Ala,moxifloxacin,10
katG|p.Ser315Asn,katG,p.Ser315Asn,isoniazid,10
gyrA|p.Gly88Ala,gyrA,p.Gly88Ala,levofloxacin,10
pncA|p.Trp68Cys,pncA,p.Trp68Cys,pyrazinamide,10
gid|c.107delT,gid,c.107delT,streptomycin,9
pncA|p.His51Asp,pncA,p.His51Asp,pyrazinamide,9
embB|p.Met306Leu,embB,p.Met306Leu,ethambutol,9
embB|p.Gly406Asp,embB,p.Gly406Asp,ethambutol,9
rpoB|p.Val170Phe,rpoB,p.Val170Phe,rifapentine,8
mmpR5|p.Met146Thr,mmpR5,p.Met146Thr,clofazimine,8
embB|p.Gly406Cys,embB,p.Gly406Cys,ethambutol,8
gid|c.102delG,gid,c.102delG,streptomycin,8
gid|c.115delC,gid,c.115delC,streptomycin,8
rpoB|p.Val170Phe,rpoB,p.Val170Phe,rifampicin,8
mmpR5|p.Met146Thr,mmpR5,p.Met146Thr,bedaquiline,8
pncA|p.Ser104Arg,pncA,p.Ser104Arg,pyrazinamide,8
mmpR5|c.138_139delTG,mmpR5,c.138_139delTG,bedaquiline,7
pncA|p.Val139Gly,pncA,p.Val139Gly,pyrazinamide,7
mmpR5|c.138_139delTG,mmpR5,c.138_139delTG,clofazimine,7
pncA|c.-11A>G,pncA,c.-11A>G,pyrazinamide,7
eis|c.-10G>A,eis,c.-10G>A,kanamycin,6
mmpR5|p.Leu32Ser,mmpR5,p.Leu32Ser,clofazimine,6
mmpR5|p.Leu32Ser,mmpR5,p.Leu32Ser,bedaquiline,6
eis|c.-14C>T,eis,c.-14C>T,amikacin,5
mmpR5|c.293delA,mmpR5,c.293delA,bedaquiline,5
mmpR5|c.293delA,mmpR5,c.293delA,clofazimine,5
eis|c.-14C>T,eis,c.-14C>T,kanamycin,5
mmpR5|c.138_139dupTG,mmpR5,c.138_139dupTG,bedaquiline,5
ethA|p.Met1?,ethA,p.Met1?,ethionamide,5
tlyA|p.Asn236Lys,tlyA,p.Asn236Lys,capreomycin,5
ethA|p.Met1?,ethA,p.Met1?,prothionamide,5
pncA|p.Gly97Cys,pncA,p.Gly97Cys,pyrazinamide,5
rplC|p.Cys154Arg,rplC,p.Cys154Arg,linezolid,5
pncA|p.Asp8Asn,pncA,p.Asp8Asn,pyrazinamide,5
mmpR5|c.138_139dupTG,mmpR5,c.138_139dupTG,clofazimine,5
pncA|p.Ala146Thr,pncA,p.Ala146Thr,pyrazinamide,5
pncA|p.Asp12Ala,pncA,p.Asp12Ala,pyrazinamide,4
rrs|n.1402C>T,rrs,n.1402C>T,kanamycin,4
rrs|n.1402C>T,rrs,n.1402C>T,capreomycin,4
mmpR5|c.475_478delCAGC,mmpR5,c.475_478delCAGC,bedaquiline,4
pncA|p.Thr135Pro,pncA,p.Thr135Pro,pyrazinamide,4
fbiC|c.1913_1914dupTC,fbiC,c.1913_1914dupTC,delamanid,4
gid|c.475delA,gid,c.475delA,streptomycin,4
fbiC|c.1913_1914dupTC,fbiC,c.1913_1914dupTC,pretomanid,4
mmpR5|c.198delG,mmpR5,c.198delG,clofazimine,4
pncA|c.515delT,pncA,c.515delT,pyrazinamide,4
mmpR5|c.198delG,mmpR5,c.198delG,bedaquiline,4
rrs|n.1402C>T,rrs,n.1402C>T,amikacin,4
mmpR5|c.475_478delCAGC,mmpR5,c.475_478delCAGC,clofazimine,4
gid|c.545delG,gid,c.545delG,streptomycin,3
rpoB|p.Ser450Trp,rpoB,p.Ser450Trp,rifampicin,3
pepQ|c.817dupG,pepQ,c.817dupG,bedaquiline,3
mmpR5|p.Val1?,mmpR5,p.Val1?,clofazimine,3
gyrB|p.Asn499Thr,gyrB,p.Asn499Thr,levofloxacin,3
mmpR5|c.165delA,mmpR5,c.165delA,clofazimine,3
gyrB|p.Asn499Thr,gyrB,p.Asn499Thr,moxifloxacin,3
gyrB|p.Asp461Asn,gyrB,p.Asp461Asn,levofloxacin,3
gyrB|p.Asp461Asn,gyrB,p.Asp461Asn,moxifloxacin,3
rpoB|p.Ser450Trp,rpoB,p.Ser450Trp,rifapentine,3
mmpR5|c.165delA,mmpR5,c.165delA,bedaquiline,3
pncA|p.Cys14Trp,pncA,p.Cys14Trp,pyrazinamide,3
mmpR5|p.Val1?,mmpR5,p.Val1?,bedaquiline,3
pepQ|c.817dupG,pepQ,c.817dupG,clofazimine,3
katG|p.Ser315Arg,katG,p.Ser315Arg,isoniazid,3
ethA|c.860delA,ethA,c.860delA,ethionamide,3
gid|c.87delC,gid,c.87delC,streptomycin,3
rpoB|p.Ala451Val,rpoB,p.Ala451Val,rifapentine,3
ethA|c.860delA,ethA,c.860delA,prothionamide,3
pncA|p.Val139Ala,pncA,p.Val139Ala,pyrazinamide,3
rpoB|p.Ala451Val,rpoB,p.Ala451Val,rifampicin,3
rpoB|p.Gln432Lys,rpoB,p.Gln432Lys,rifampicin,2
gid|c.351delG,gid,c.351delG,streptomycin,2
gid|c.351dupG,gid,c.351dupG,streptomycin,2
gid|c.304delC,gid,c.304delC,streptomycin,2
gid|p.Gly28*,gid,p.Gly28*,streptomycin,2
pncA|p.Leu172Pro,pncA,p.Leu172Pro,pyrazinamide,2
pncA|p.Met175Val,pncA,p.Met175Val,pyrazinamide,2
pncA|p.Phe58Ser,pncA,p.Phe58Ser,pyrazinamide,2
ethA|c.672dupG,ethA,c.672dupG,prothionamide,2
rpoB|p.Asn437Ser,rpoB,p.Asn437Ser,rifapentine,2
ethA|c.672dupG,ethA,c.672dupG,ethionamide,2
ethA|c.871delC,ethA,c.871delC,ethionamide,2
rpoB|p.Asn437Ser,rpoB,p.Asn437Ser,rifampicin,2
rpoB|c.1296_1304delATTCATGGA,rpoB,c.1296_1304delATTCATGGA,rifampicin,2
rpoB|c.1296_1304delATTCATGGA,rpoB,c.1296_1304delATTCATGGA,rifapentine,2
pncA|p.Val130Gly,pncA,p.Val130Gly,pyrazinamide,2
pncA|p.Thr76Pro,pncA,p.Thr76Pro,pyrazinamide,2
ethA|c.871delC,ethA,c.871delC,prothionamide,2
ethA|c.1290delC,ethA,c.1290delC,ethionamide,2
ethA|c.1290delC,ethA,c.1290delC,prothionamide,2
rpoB|p.Met434Ile,rpoB,p.Met434Ile,rifapentine,2
rpoB|p.His445Pro,rpoB,p.His445Pro,rifampicin,2
rpoB|p.His445Pro,rpoB,p.His445Pro,rifapentine,2
rpoB|p.Gln432Lys,rpoB,p.Gln432Lys,rifapentine,2
rpoB|p.Met434Ile,rpoB,p.Met434Ile,rifampicin,2
embB|p.Tyr319Ser,embB,p.Tyr319Ser,ethambutol,2
katG|c.18delA,katG,c.18delA,isoniazid,2
katG|c.1416_1417dupAG,katG,c.1416_1417dupAG,isoniazid,2
mmpR5|c.137dupG,mmpR5,c.137dupG,bedaquiline,2
mmpR5|c.144delC,mmpR5,c.144delC,clofazimine,2
pncA|c.64delA,pncA,c.64delA,pyrazinamide,2
mmpR5|c.144delC,mmpR5,c.144delC,bedaquiline,2
pncA|p.Gly108Arg,pncA,p.Gly108Arg,pyrazinamide,2
pncA|c.390_391dupGG,pncA,c.390_391dupGG,pyrazinamide,2
pncA|c.389delT,pncA,c.389delT,pyrazinamide,2
pncA|c.393dupC,pncA,c.393dupC,pyrazinamide,2
mmpR5|c.137dupG,mmpR5,c.137dupG,clofazimine,2
mmpR5|c.441_442delGA,mmpR5,c.441_442delGA,bedaquiline,2
mmpR5|c.441_442delGA,mmpR5,c.441_442delGA,clofazimine,2
mmpR5|c.466dupC,mmpR5,c.466dupC,bedaquiline,2
mmpR5|c.466dupC,mmpR5,c.466dupC,clofazimine,2
mmpR5|p.Gln76*,mmpR5,p.Gln76*,bedaquiline,2
mmpR5|p.Gln76*,mmpR5,p.Gln76*,clofazimine,2
mmpR5|p.Arg156*,mmpR5,p.Arg156*,bedaquiline,2
mmpR5|p.Arg156*,mmpR5,p.Arg156*,clofazimine,2
mmpR5|p.Ile67Ser,mmpR5,p.Ile67Ser,bedaquiline,2
mmpR5|p.Ile67Ser,mmpR5,p.Ile67Ser,clofazimine,2
mmpR5|c.32_33insT,mmpR5,c.32_33insT,clofazimine,2
mmpR5|c.32_33insT,mmpR5,c.32_33insT,bedaquiline,2
mmpR5|p.Tyr157*,mmpR5,p.Tyr157*,clofazimine,2
mmpR5|p.Tyr157*,mmpR5,p.Tyr157*,bedaquiline,2
mmpR5|p.Tyr145*,mmpR5,p.Tyr145*,clofazimine,2
mmpR5|p.Tyr145*,mmpR5,p.Tyr145*,bedaquiline,2
mmpR5|c.492_493dupCG,mmpR5,c.492_493dupCG,clofazimine,2
mmpR5|c.492_493dupCG,mmpR5,c.492_493dupCG,bedaquiline,2
mmpR5|p.Ala36Val,mmpR5,p.Ala36Val,clofazimine,2
mmpR5|p.Ala36Val,mmpR5,p.Ala36Val,bedaquiline,2
rrl|n.2814G>T,rrl,n.2814G>T,linezolid,2
mmpR5|c.430dupG,mmpR5,c.430dupG,clofazimine,2
mmpR5|c.435_436insC,mmpR5,c.435_436insC,clofazimine,2
mmpR5|c.435_436insC,mmpR5,c.435_436insC,bedaquiline,2
mmpR5|c.430dupG,mmpR5,c.430dupG,bedaquiline,2
mmpR5|c.412delG,mmpR5,c.412delG,bedaquiline,2
mmpR5|c.412delG,mmpR5,c.412delG,clofazimine,2
rrl|n.2270G>T,rrl,n.2270G>T,linezolid,2
ddn|c.311delA,ddn,c.311delA,pretomanid,1
ddn|c.365_366insC,ddn,c.365_366insC,delamanid,1
ddn|c.365_366insC,ddn,c.365_366insC,pretomanid,1
ddn|p.Lys104*,ddn,p.Lys104*,delamanid,1
ddn|p.Lys104*,ddn,p.Lys104*,pretomanid,1
embB|p.Asp354Ala,embB,p.Asp354Ala,ethambutol,1
embB|p.Gly406Ser,embB,p.Gly406Ser,ethambutol,1
ddn|c.311delA,ddn,c.311delA,delamanid,1
mmpR5|c.386delC,mmpR5,c.386delC,clofazimine,1
mmpR5|c.429_430dupGG,mmpR5,c.429_430dupGG,bedaquiline,1
mmpR5|c.429_430dupGG,mmpR5,c.429_430dupGG,clofazimine,1
mmpR5|p.Arg134*,mmpR5,p.Arg134*,bedaquiline,1
mmpR5|p.Arg134*,mmpR5,p.Arg134*,clofazimine,1
mmpR5|p.Asn70Asp,mmpR5,p.Asn70Asp,bedaquiline,1
mmpR5|p.Asn70Asp,mmpR5,p.Asn70Asp,clofazimine,1
mmpR5|p.Gly121Arg,mmpR5,p.Gly121Arg,bedaquiline,1
mmpR5|p.Gly121Arg,mmpR5,p.Gly121Arg,clofazimine,1
mmpR5|c.280_281insT,mmpR5,c.280_281insT,clofazimine,1
mmpR5|c.282delG,mmpR5,c.282delG,bedaquiline,1
mmpR5|c.282delG,mmpR5,c.282delG,clofazimine,1
mmpR5|c.291delC,mmpR5,c.291delC,bedaquiline,1
mmpR5|c.291delC,mmpR5,c.291delC,clofazimine,1
mmpR5|c.320_321dupGC,mmpR5,c.320_321dupGC,bedaquiline,1
mmpR5|c.320_321dupGC,mmpR5,c.320_321dupGC,clofazimine,1
mmpR5|c.321dupC,mmpR5,c.321dupC,bedaquiline,1
mmpR5|c.321dupC,mmpR5,c.321dupC,clofazimine,1
mmpR5|c.366dupG,mmpR5,c.366dupG,bedaquiline,1
mmpR5|c.366dupG,mmpR5,c.366dupG,clofazimine,1
mmpR5|c.386delC,mmpR5,c.386delC,bedaquiline,1
pepQ|c.150dupC,pepQ,c.150dupC,bedaquiline,1
pepQ|c.150dupC,pepQ,c.150dupC,clofazimine,1
pepQ|c.221dupC,pepQ,c.221dupC,bedaquiline,1
pepQ|c.221dupC,pepQ,c.221dupC,clofazimine,1
pepQ|c.371dupC,pepQ,c.371dupC,bedaquiline,1
pepQ|c.371dupC,pepQ,c.371dupC,clofazimine,1
pncA|c.169delC,pncA,c.169delC,pyrazinamide,1
pncA|c.192_193insA,pncA,c.192_193insA,pyrazinamide,1
pncA|c.314dupG,pncA,c.314dupG,pyrazinamide,1
pncA|c.407dupA,pncA,c.407dupA,pyrazinamide,1
pncA|c.459_466delCAGGGTGC,pncA,c.459_466delCAGGGTGC,pyrazinamide,1
pncA|c.468_499delGGTGGACCTGACAGCGGGTGTGTCGGCCGATA,pncA,c.468_499delGGTGGACCTGACAGCGGGTGTGTCGGCCGATA,pyrazinamide,1
mmpR5|c.151_152insT,mmpR5,c.151_152insT,clofazimine,1
mmpR5|c.19delG,mmpR5,c.19delG,bedaquiline,1
mmpR5|c.19delG,mmpR5,c.19delG,clofazimine,1
mmpR5|c.214delC,mmpR5,c.214delC,bedaquiline,1
mmpR5|c.214delC,mmpR5,c.214delC,clofazimine,1
mmpR5|c.240delT,mmpR5,c.240delT,bedaquiline,1
mmpR5|c.240delT,mmpR5,c.240delT,clofazimine,1
mmpR5|c.244_245dupCG,mmpR5,c.244_245dupCG,bedaquiline,1
mmpR5|c.244_245dupCG,mmpR5,c.244_245dupCG,clofazimine,1
mmpR5|c.280_281insT,mmpR5,c.280_281insT,bedaquiline,1
mmpR5|c.139_140dupGA,mmpR5,c.139_140dupGA,bedaquiline,1
mmpR5|c.139_140dupGA,mmpR5,c.139_140dupGA,clofazimine,1
mmpR5|c.151_152insT,mmpR5,c.151_152insT,bedaquiline,1
pncA|c.62delT,pncA,c.62delT,pyrazinamide,1
pncA|p.Ala102Pro,pncA,p.Ala102Pro,pyrazinamide,1
pncA|p.Asp12Gly,pncA,p.Asp12Gly,pyrazinamide,1
pncA|p.Cys72Arg,pncA,p.Cys72Arg,pyrazinamide,1
pncA|p.Gln141Pro,pncA,p.Gln141Pro,pyrazinamide,1
pncA|p.Glu111*,pncA,p.Glu111*,pyrazinamide,1
pncA|p.Gly105Asp,pncA,p.Gly105Asp,pyrazinamide,1
inhA|p.Ser94Ala,inhA,p.Ser94Ala,ethionamide,1
inhA|p.Ser94Ala,inhA,p.Ser94Ala,isoniazid,1
inhA|p.Ser94Ala,inhA,p.Ser94Ala,prothionamide,1
katG|c.117delG,katG,c.117delG,isoniazid,1
katG|c.120delC,katG,c.120delC,isoniazid,1
katG|c.18_27delACCCATTACA,katG,c.18_27delACCCATTACA,isoniazid,1
gyrA|p.Asp89Asn,gyrA,p.Asp89Asn,levofloxacin,1
gyrA|p.Asp89Asn,gyrA,p.Asp89Asn,moxifloxacin,1
gid|c.386delG,gid,c.386delG,streptomycin,1
gid|c.420dupC,gid,c.420dupC,streptomycin,1
gid|c.52dupC,gid,c.52dupC,streptomycin,1
gid|c.563delT,gid,c.563delT,streptomycin,1
gid|c.61delC,gid,c.61delC,streptomycin,1
gid|p.Trp148*,gid,p.Trp148*,streptomycin,1
pncA|p.Gly132Ser,pncA,p.Gly132Ser,pyrazinamide,1
pncA|p.Ile31Ser,pncA,p.Ile31Ser,pyrazinamide,1
pncA|p.Thr142Met,pncA,p.Thr142Met,pyrazinamide,1
pncA|p.Thr47Ala,pncA,p.Thr47Ala,pyrazinamide,1
pncA|p.Thr61Pro,pncA,p.Thr61Pro,pyrazinamide,1
pncA|p.Val125Phe,pncA,p.Val125Phe,pyrazinamide,1
pncA|p.Val180Phe,pncA,p.Val180Phe,pyrazinamide,1
rpoB|c.1294_1299delCAATTC,rpoB,c.1294_1299delCAATTC,rifampicin,1
rpoB|c.1294_1299delCAATTC,rpoB,c.1294_1299delCAATTC,rifapentine,1
rpoB|c.1306_1308delCAG,rpoB,c.1306_1308delCAG,rifampicin,1
rpoB|c.1306_1308delCAG,rpoB,c.1306_1308delCAG,rifapentine,1
fbiC|c.2547_2565dupCACATACGCCCTGCTTGCG,fbiC,c.2547_2565dupCACATACGCCCTGCTTGCG,pretomanid,1
fbiC|c.930_931delAA,fbiC,c.930_931delAA,delamanid,1
fbiC|c.930_931delAA,fbiC,c.930_931delAA,pretomanid,1
fbiC|c.989_990dupGC,fbiC,c.989_990dupGC,delamanid,1
fbiC|c.989_990dupGC,fbiC,c.989_990dupGC,pretomanid,1
fbiC|p.Trp161*,fbiC,p.Trp161*,delamanid,1
fbiC|p.Trp161*,fbiC,p.Trp161*,pretomanid,1
fbiC|p.Trp198*,fbiC,p.Trp198*,delamanid,1
fbiC|p.Trp198*,fbiC,p.Trp198*,pretomanid,1
fbiC|p.Trp444*,fbiC,p.Trp444*,delamanid,1
fbiC|p.Trp444*,fbiC,p.Trp444*,pretomanid,1
fbiC|p.Tyr104*,fbiC,p.Tyr104*,delamanid,1
fbiC|p.Tyr104*,fbiC,p.Tyr104*,pretomanid,1
rpoB|c.1312_1314delAAC,rpoB,c.1312_1314delAAC,rifampicin,1
rpoB|c.1312_1314delAAC,rpoB,c.1312_1314delAAC,rifapentine,1
rpoB|p.Asn437Asp,rpoB,p.Asn437Asp,rifampicin,1
rpoB|p.Asn437Asp,rpoB,p.Asn437Asp,rifapentine,1
rpoB|p.Asn438Lys,rpoB,p.Asn438Lys,rifampicin,1
rpoB|p.Asn438Lys,rpoB,p.Asn438Lys,rifapentine,1
rpoB|p.Asp435Ala,rpoB,p.Asp435Ala,rifampicin,1
rpoB|p.Asp435Ala,rpoB,p.Asp435Ala,rifapentine,1
rpoB|p.Asp435Asn,rpoB,p.Asp435Asn,rifampicin,1
rpoB|p.Asp435Asn,rpoB,p.Asp435Asn,rifapentine,1
ethA|p.Gln165*,ethA,p.Gln165*,prothionamide,1
ethA|p.Gln206*,ethA,p.Gln206*,ethionamide,1
ethA|p.Gln206*,ethA,p.Gln206*,prothionamide,1
ethA|p.Tyr211*,ethA,p.Tyr211*,ethionamide,1
ethA|p.Tyr211*,ethA,p.Tyr211*,prothionamide,1
fbiA|c.373dupC,fbiA,c.373dupC,delamanid,1
fbiA|c.373dupC,fbiA,c.373dupC,pretomanid,1
fbiC|c.1481_1511delATGTGCTTGCCGCCCTGCGATCGGCGGAGCG,fbiC,c.1481_1511delATGTGCTTGCCGCCCTGCGATCGGCGGAGCG,delamanid,1
fbiC|c.1481_1511delATGTGCTTGCCGCCCTGCGATCGGCGGAGCG,fbiC,c.1481_1511delATGTGCTTGCCGCCCTGCGATCGGCGGAGCG,pretomanid,1
fbiC|c.181_191delAGCGCCGCGCG,fbiC,c.181_191delAGCGCCGCGCG,delamanid,1
fbiC|c.181_191delAGCGCCGCGCG,fbiC,c.181_191delAGCGCCGCGCG,pretomanid,1
fbiC|c.2547_2565dupCACATACGCCCTGCTTGCG,fbiC,c.2547_2565dupCACATACGCCCTGCTTGCG,delamanid,1
ethA|c.1341delC,ethA,c.1341delC,prothionamide,1
ethA|c.5_8delCCGA,ethA,c.5_8delCCGA,ethionamide,1
ethA|c.5_8delCCGA,ethA,c.5_8delCCGA,prothionamide,1
ethA|c.65delA,ethA,c.65delA,ethionamide,1
ethA|c.65delA,ethA,c.65delA,prothionamide,1
ethA|c.777dupC,ethA,c.777dupC,ethionamide,1
ethA|c.777dupC,ethA,c.777dupC,prothionamide,1
ethA|p.Gln165*,ethA,p.Gln165*,ethionamide,1
ethA|c.1029delG,ethA,c.1029delG,ethionamide,1
ethA|c.1029delG,ethA,c.1029delG,prothionamide,1
ethA|c.1047delT,ethA,c.1047delT,ethionamide,1
ethA|c.1047delT,ethA,c.1047delT,prothionamide,1
ethA|c.1112delG,ethA,c.1112delG,ethionamide,1
ethA|c.1112delG,ethA,c.1112delG,prothionamide,1
ethA|c.1143dupC,ethA,c.1143dupC,ethionamide,1
ethA|c.1143dupC,ethA,c.1143dupC,prothionamide,1
ethA|c.1307delC,ethA,c.1307delC,ethionamide,1
ethA|c.1307delC,ethA,c.1307delC,prothionamide,1
ethA|c.1341delC,ethA,c.1341delC,ethionamide,1
rpoB|p.Ser431Thr,rpoB,p.Ser431Thr,rifampicin,1
rpoB|p.Ser431Thr,rpoB,p.Ser431Thr,rifapentine,1
rpoB|p.Ser441Ala,rpoB,p.Ser441Ala,rifampicin,1
rpoB|p.Ser441Ala,rpoB,p.Ser441Ala,rifapentine,1
rpoB|p.Ser441Leu,rpoB,p.Ser441Leu,rifampicin,1
rpoB|p.Ser441Leu,rpoB,p.Ser441Leu,rifapentine,1
ddn|c.274dupC,ddn,c.274dupC,pretomanid,1
ddn|c.274dupC,ddn,c.274dupC,delamanid,1
ddn|c.114_115dupCG,ddn,c.114_115dupCG,pretomanid,1
ddn|c.114_115dupCG,ddn,c.114_115dupCG,delamanid,1
tlyA|c.311dupG,tlyA,c.311dupG,capreomycin,1
tlyA|c.388dupG,tlyA,c.388dupG,capreomycin,1
atpE|p.Ile66Met,atpE,p.Ile66Met,bedaquiline,1
atpE|p.Glu61Asp,atpE,p.Glu61Asp,bedaquiline,1
