mutation_id,gene,change,drug,a_mut_resistant,b_mut_susceptible,c_nomut_resistant,d_nomut_susceptible,n_carriers_total,n_carriers_tested,n_excluded_qc,odds_ratio,pvalue,low_power_flag,padj_BH,significant
katG|p.Ser315Thr,katG,p.Ser315Thr,isoniazid,758,0,164,883,760,758,2,inf,0.0,False,0.0,True
rrs|n.1401A>G,rrs,n.1401A>G,amikacin,318,0,32,1455,320,318,2,inf,1.048145e-318,False,1.9967171e-316,True
rrs|n.1401A>G,rrs,n.1401A>G,kanamycin,318,0,38,1449,320,318,2,inf,1.028914256956e-312,False,1.30672110633467e-310,True
rrs|n.1401A>G,rrs,n.1401A>G,capreomycin,318,0,64,1423,320,318,2,inf,2.416191460381566e-290,False,2.3014223660134416e-288,True
embB|p.Met306Val,embB,p.Met306Val,ethambutol,375,0,404,1026,377,375,2,inf,6.467760464759578e-167,False,4.928433474146798e-165,True
gyrA|p.Ala90Val,gyrA,p.Ala90Val,levofloxacin,321,0,350,1134,321,321,0,inf,7.452598060293689e-166,False,4.056342658531279e-164,True
gyrA|p.Ala90Val,gyrA,p.Ala90Val,moxifloxacin,321,0,350,1134,321,321,0,inf,7.452598060293689e-166,False,4.056342658531279e-164,True
inhA|c.-770T>A,inhA,c.-770T>A,ethionamide,262,0,333,1210,265,262,3,inf,4.601164644076911e-148,False,1.947826365992559e-146,True
inhA|c.-770T>A,inhA,c.-770T>A,prothionamide,262,0,333,1210,265,262,3,inf,4.601164644076911e-148,False,1.947826365992559e-146,True
rpoB|p.Ser450Leu,rpoB,p.Ser450Leu,rifapentine,426,0,578,801,426,426,0,inf,1.47800604898601e-131,False,5.119275496942453e-130,True
rpoB|p.Ser450Leu,rpoB,p.Ser450Leu,rifampicin,426,0,578,801,426,426,0,inf,1.47800604898601e-131,False,5.119275496942453e-130,True
embB|p.Met306Ile,embB,p.Met306Ile,ethambutol,284,0,495,1026,284,284,0,inf,6.554696466795075e-120,False,2.081116128207436e-118,True
rrs|n.514A>C,rrs,n.514A>C,streptomycin,177,0,345,1283,177,177,0,inf,5.969012826189756e-107,False,1.749379912906382e-105,True
pncA|c.456dupC,pncA,c.456dupC,pyrazinamide,220,0,497,1088,221,220,1,inf,2.9817929807629323e-99,False,8.114736611933409e-98,True
inhA|c.-770T>A,inhA,c.-770T>A,isoniazid,262,0,660,883,265,262,3,inf,2.3827368087028486e-86,False,6.052151494105236e-85,True
rpsL|p.Lys43Arg,rpsL,p.Lys43Arg,streptomycin,140,0,382,1283,143,140,3,inf,1.0949518921090951e-82,False,2.6073541930847826e-81,True
inhA|c.-777C>T,inhA,c.-777C>T,prothionamide,155,0,440,1210,155,155,0,inf,4.6944380388474354e-82,False,9.936560515560405e-81,True
inhA|c.-777C>T,inhA,c.-777C>T,ethionamide,155,0,440,1210,155,155,0,inf,4.6944380388474354e-82,False,9.936560515560405e-81,True
gyrA|p.Asp94Gly,gyrA,p.Asp94Gly,levofloxacin,162,0,509,1134,162,162,0,inf,2.524565481106825e-76,False,4.809297241508502e-75,True
gyrA|p.Asp94Gly,gyrA,p.Asp94Gly,moxifloxacin,162,0,509,1134,162,162,0,inf,2.524565481106825e-76,False,4.809297241508502e-75,True
rpoB|p.Leu452Pro,rpoB,p.Leu452Pro,rifapentine,245,0,759,801,246,245,1,inf,1.1522430094513943e-69,False,1.995475393640824e-68,True
rpoB|p.Leu452Pro,rpoB,p.Leu452Pro,rifampicin,245,0,759,801,246,245,1,inf,1.1522430094513943e-69,False,1.995475393640824e-68,True
mmpR5|c.144dupC,mmpR5,c.144dupC,clofazimine,64,0,145,1596,64,64,0,inf,7.4643320898885156e-65,False,1.2364828374989237e-63,True
mmpR5|c.144dupC,mmpR5,c.144dupC,bedaquiline,64,0,147,1594,64,64,0,inf,1.5410705195366702e-64,False,2.446449449764464e-63,True
inhA|c.-779G>T,inhA,c.-779G>T,prothionamide,108,0,487,1210,108,108,0,inf,7.409753339330662e-56,False,1.0858138547249931e-54,True
inhA|c.-779G>T,inhA,c.-779G>T,ethionamide,108,0,487,1210,108,108,0,inf,7.409753339330662e-56,False,1.0858138547249931e-54,True
rpoB|p.Asp435Gly,rpoB,p.Asp435Gly,rifampicin,192,0,812,801,193,192,1,inf,2.7356749382548574e-53,False,3.722471969553931e-52,True
rpoB|p.Asp435Gly,rpoB,p.Asp435Gly,rifapentine,192,0,812,801,193,192,1,inf,2.7356749382548574e-53,False,3.722471969553931e-52,True
inhA|c.-777C>T,inhA,c.-777C>T,isoniazid,155,0,767,883,155,155,0,inf,6.659763373149173e-49,False,8.749551190240809e-48,True
pncA|p.Cys14Arg,pncA,p.Cys14Arg,pyrazinamide,89,0,628,1088,89,89,0,inf,6.261426248020381e-38,False,7.952011334985884e-37,True
rpsL|p.Lys88Arg,rpsL,p.Lys88Arg,streptomycin,60,0,462,1283,60,60,0,inf,3.7174511105993895e-34,False,4.568867332704411e-33,True
rpoB|p.Asp435Val,rpoB,p.Asp435Val,rifapentine,124,0,880,801,124,124,0,inf,7.7007045352681476e-34,False,8.890813417991407e-33,True
rpoB|p.Asp435Val,rpoB,p.Asp435Val,rifampicin,124,0,880,801,124,124,0,inf,7.7007045352681476e-34,False,8.890813417991407e-33,True
inhA|c.-779G>T,inhA,c.-779G>T,isoniazid,108,0,814,883,108,108,0,inf,2.2623415194175158e-33,False,2.535153290876687e-32,True
embB|p.Gln497Lys,embB,p.Gln497Lys,ethambutol,84,0,695,1026,84,84,0,inf,1.5142041300260254e-32,False,1.6483193529711878e-31,True
pncA|c.517dupG,pncA,c.517dupG,pyrazinamide,72,0,645,1088,72,72,0,inf,1.4187510250690233e-30,False,1.5015115015313832e-29,True
rrs|n.517C>T,rrs,n.517C>T,streptomycin,53,0,469,1283,53,53,0,inf,3.900304615205906e-30,False,4.0162596172795954e-29,True
embB|p.Gln497Arg,embB,p.Gln497Arg,ethambutol,77,0,702,1026,77,77,0,inf,8.440696656064212e-30,False,8.462909015685434e-29,True
gyrA|p.Ser91Pro,gyrA,p.Ser91Pro,levofloxacin,60,0,611,1134,60,60,0,inf,2.912708877518335e-27,False,2.774355205836214e-26,True
gyrA|p.Ser91Pro,gyrA,p.Ser91Pro,moxifloxacin,60,0,611,1134,60,60,0,inf,2.912708877518335e-27,False,2.774355205836214e-26,True
mmpR5|c.198dupG,mmpR5,c.198dupG,clofazimine,27,0,182,1596,27,27,0,inf,1.100592510159523e-26,False,1.0227457228555567e-25,True
mmpR5|c.198dupG,mmpR5,c.198dupG,bedaquiline,27,0,184,1594,27,27,0,inf,1.4483028666300914e-26,False,1.3138176004430116e-25,True
inhA|c.-154G>A,inhA,c.-154G>A,ethionamide,48,0,547,1210,48,48,0,inf,1.965903032848182e-24,False,1.7022933079889938e-23,True
inhA|c.-154G>A,inhA,c.-154G>A,prothionamide,48,0,547,1210,48,48,0,inf,1.965903032848182e-24,False,1.7022933079889938e-23,True
tlyA|c.585_588delTGGG,tlyA,c.585_588delTGGG,capreomycin,30,0,352,1423,30,30,0,inf,2.317540757410619e-21,False,1.9621845079409907e-20,True
gyrA|p.Asp94Asn,gyrA,p.Asp94Asn,moxifloxacin,43,0,628,1134,43,43,0,inf,1.38785171220648e-19,False,1.1250457496822741e-18,True
gyrA|p.Asp94Asn,gyrA,p.Asp94Asn,levofloxacin,43,0,628,1134,43,43,0,inf,1.38785171220648e-19,False,1.1250457496822741e-18,True
rrs|n.1484G>T,rrs,n.1484G>T,amikacin,24,0,326,1455,24,24,0,inf,4.154056839909497e-18,False,3.297282616678163e-17,True
rrs|n.1484G>T,rrs,n.1484G>T,kanamycin,24,0,332,1449,24,24,0,inf,6.334043204846691e-18,False,4.9250417572379366e-17,True
mmpR5|c.141_142dupTC,mmpR5,c.141_142dupTC,clofazimine,18,0,191,1596,18,18,0,inf,7.174352806021298e-18,False,5.4668568381882294e-17,True
mmpR5|c.141_142dupTC,mmpR5,c.141_142dupTC,bedaquiline,18,0,193,1594,18,18,0,inf,8.578788127018666e-18,False,6.40885936547865e-17,True
rrs|n.1484G>T,rrs,n.1484G>T,capreomycin,24,0,358,1423,24,24,0,inf,3.6336394763932663e-17,False,2.662339693280451e-16,True
mmpR5|c.424dupC,mmpR5,c.424dupC,clofazimine,16,0,193,1596,16,16,0,inf,6.193013789915296e-16,False,4.451958969731561e-15,True
mmpR5|c.424dupC,mmpR5,c.424dupC,bedaquiline,16,0,195,1594,16,16,0,inf,7.253831378037183e-16,False,5.117981027837346e-15,True
rrs|n.878G>A,rrs,n.878G>A,streptomycin,27,0,495,1283,27,27,0,inf,1.7377671146416477e-15,False,1.2037986739608504e-14,True
pncA|p.Tyr34Asp,pncA,p.Tyr34Asp,pyrazinamide,35,0,682,1088,35,35,0,inf,5.549176250533058e-15,False,3.7091862306194646e-14,True
pncA|p.Leu151Ser,pncA,p.Leu151Ser,pyrazinamide,35,0,682,1088,35,35,0,inf,5.549176250533058e-15,False,3.7091862306194646e-14,True
inhA|c.-154G>A,inhA,c.-154G>A,isoniazid,48,0,874,883,48,48,0,inf,5.998473386477911e-15,False,3.9403764831863523e-14,True
ethA|c.869dupA,ethA,c.869dupA,ethionamide,27,0,568,1210,27,27,0,inf,6.484178432716896e-14,False,4.1174533047752293e-13,True
ethA|c.869dupA,ethA,c.869dupA,prothionamide,27,0,568,1210,27,27,0,inf,6.484178432716896e-14,False,4.1174533047752293e-13,True
pncA|p.Gly97Asp,pncA,p.Gly97Asp,pyrazinamide,31,0,686,1088,31,31,0,inf,2.4950638052854275e-13,False,1.5332569513124967e-12,True
pncA|p.His71Tyr,pncA,p.His71Tyr,pyrazinamide,31,0,686,1088,31,31,0,inf,2.4950638052854275e-13,False,1.5332569513124967e-12,True
rplC|p.Cys154Arg,rplC,p.Cys154Arg,linezolid,5,0,3,1797,5,5,0,inf,3.5268850684010353e-13,False,2.1329257318425308e-12,True
mmpR5|c.139dupG,mmpR5,c.139dupG,clofazimine,12,0,197,1596,12,12,0,inf,4.367272791461532e-12,False,2.5998920836669432e-11,True
mmpR5|c.139dupG,mmpR5,c.139dupG,bedaquiline,12,0,199,1594,12,12,0,inf,4.911269920046199e-12,False,2.878759753134772e-11,True
rpoB|p.Leu430Pro,rpoB,p.Leu430Pro,rifampicin,43,0,961,801,43,43,0,inf,7.969849371991299e-12,False,4.5321083742219176e-11,True
rpoB|p.Leu430Pro,rpoB,p.Leu430Pro,rifapentine,43,0,961,801,43,43,0,inf,7.969849371991299e-12,False,4.5321083742219176e-11,True
pncA|p.Arg154Gly,pncA,p.Arg154Gly,pyrazinamide,27,0,690,1088,27,27,0,inf,1.1059326289321483e-11,False,6.196475465046302e-11,True
gid|p.Ala134Glu,gid,p.Ala134Glu,streptomycin,20,0,502,1283,20,20,0,inf,1.2872537233229087e-11,False,7.107879254869974e-11,True
gyrA|p.Asp94Ala,gyrA,p.Asp94Ala,levofloxacin,25,0,646,1134,25,25,0,inf,1.3553948950662812e-11,False,7.273316267890888e-11,True
gyrA|p.Asp94Ala,gyrA,p.Asp94Ala,moxifloxacin,25,0,646,1134,25,25,0,inf,1.3553948950662812e-11,False,7.273316267890888e-11,True
rpoB|p.His445Tyr,rpoB,p.His445Tyr,rifampicin,41,0,963,801,41,41,0,inf,2.763374532448287e-11,False,1.442254379264106e-10,True
rpoB|p.His445Tyr,rpoB,p.His445Tyr,rifapentine,41,0,963,801,41,41,0,inf,2.763374532448287e-11,False,1.442254379264106e-10,True
embB|p.Gly406Ala,embB,p.Gly406Ala,ethambutol,27,0,752,1026,27,27,0,inf,1.0803268040794734e-10,False,5.562223139922695e-10,True
pncA|p.Gly132Ala,pncA,p.Gly132Ala,pyrazinamide,24,0,693,1088,25,24,1,inf,1.882223385178462e-10,False,9.561694796706586e-10,True
gyrA|p.Asp94His,gyrA,p.Asp94His,moxifloxacin,20,0,651,1134,21,20,1,inf,2.1213071210958617e-09,False,1.0496337832954848e-08,True
gyrA|p.Asp94His,gyrA,p.Asp94His,levofloxacin,20,0,651,1134,21,20,1,inf,2.1213071210958617e-09,False,1.0496337832954848e-08,True
fbiC|c.1913_1914dupTC,fbiC,c.1913_1914dupTC,delamanid,4,0,12,1789,4,4,0,inf,4.128748005323674e-09,True,1.991206316491544e-08,True
fbiC|c.1913_1914dupTC,fbiC,c.1913_1914dupTC,pretomanid,4,0,12,1789,4,4,0,inf,4.128748005323674e-09,True,1.991206316491544e-08,True
pncA|c.375_389delCGATGAGGTCGATGT,pncA,c.375_389delCGATGAGGTCGATGT,pyrazinamide,20,0,697,1088,20,20,0,inf,8.139111264903107e-09,False,3.828396780158128e-08,True
pncA|p.Ser59Pro,pncA,p.Ser59Pro,pyrazinamide,20,0,697,1088,20,20,0,inf,8.139111264903107e-09,False,3.828396780158128e-08,True
mmpR5|p.Met146Thr,mmpR5,p.Met146Thr,clofazimine,8,0,201,1596,8,8,0,inf,2.8655454508753277e-08,False,1.3314302643701217e-07,True
mmpR5|p.Met146Thr,mmpR5,p.Met146Thr,bedaquiline,8,0,203,1594,8,8,0,inf,3.0964326910277956e-08,False,1.4213745244356508e-07,True
rpoB|p.Ile491Phe,rpoB,p.Ile491Phe,rifampicin,29,0,975,801,29,29,0,inf,6.587535397630564e-08,False,2.952765866467347e-07,True
rpoB|p.Ile491Phe,rpoB,p.Ile491Phe,rifapentine,29,0,975,801,29,29,0,inf,6.587535397630564e-08,False,2.952765866467347e-07,True
gyrB|p.Glu501Asp,gyrB,p.Glu501Asp,moxifloxacin,16,0,655,1134,16,16,0,inf,1.1874288232255821e-07,False,4.971542655482931e-07,True
gyrA|p.Gly88Cys,gyrA,p.Gly88Cys,levofloxacin,16,0,655,1134,16,16,0,inf,1.1874288232255821e-07,False,4.971542655482931e-07,True
gyrB|p.Glu501Asp,gyrB,p.Glu501Asp,levofloxacin,16,0,655,1134,16,16,0,inf,1.1874288232255821e-07,False,4.971542655482931e-07,True
gyrA|p.Asp94Tyr,gyrA,p.Asp94Tyr,moxifloxacin,16,0,655,1134,16,16,0,inf,1.1874288232255821e-07,False,4.971542655482931e-07,True
gyrA|p.Gly88Cys,gyrA,p.Gly88Cys,moxifloxacin,16,0,655,1134,16,16,0,inf,1.1874288232255821e-07,False,4.971542655482931e-07,True
gyrA|p.Asp94Tyr,gyrA,p.Asp94Tyr,levofloxacin,16,0,655,1134,16,16,0,inf,1.1874288232255821e-07,False,4.971542655482931e-07,True
mmpR5|c.138_139delTG,mmpR5,c.138_139delTG,clofazimine,7,0,202,1596,7,7,0,inf,2.550619168650416e-07,False,1.0562890252780526e-06,True
mmpR5|c.138_139delTG,mmpR5,c.138_139delTG,bedaquiline,7,0,204,1594,7,7,0,inf,2.7291107737588116e-07,False,1.1180550589269968e-06,True
rpoB|p.His445Leu,rpoB,p.His445Leu,rifampicin,25,0,979,801,25,25,0,inf,4.148796209267935e-07,False,1.6638856376116666e-06,True
rpoB|p.His445Leu,rpoB,p.His445Leu,rifapentine,25,0,979,801,25,25,0,inf,4.148796209267935e-07,False,1.6638856376116666e-06,True
rpoB|p.His445Asp,rpoB,p.His445Asp,rifapentine,23,0,981,801,23,23,0,inf,1.4318580844895431e-06,False,5.624102373098102e-06,True
rpoB|p.His445Asp,rpoB,p.His445Asp,rifampicin,23,0,981,801,23,23,0,inf,1.4318580844895431e-06,False,5.624102373098102e-06,True
mmpR5|p.Leu32Ser,mmpR5,p.Leu32Ser,clofazimine,6,0,203,1596,6,6,0,inf,2.2603762977350237e-06,False,8.78778948405147e-06,True
mmpR5|p.Leu32Ser,mmpR5,p.Leu32Ser,bedaquiline,6,0,205,1594,6,6,0,inf,2.3949611131668797e-06,False,9.216971556733144e-06,True
rpoB|p.Asp435Tyr,rpoB,p.Asp435Tyr,rifapentine,20,0,984,801,20,20,0,inf,9.43164371242643e-06,False,3.5578774796380886e-05,True
rpoB|p.Asp435Tyr,rpoB,p.Asp435Tyr,rifampicin,20,0,984,801,20,20,0,inf,9.43164371242643e-06,False,3.5578774796380886e-05,True
gid|c.107delT,gid,c.107delT,streptomycin,9,0,513,1283,9,9,0,inf,1.3467899957699475e-05,False,5.030656748905391e-05,True
rrl|n.2814G>T,rrl,n.2814G>T,linezolid,2,0,6,1797,2,2,0,inf,1.7197855181775192e-05,True,6.300368100246489e-05,True
rrl|n.2270G>T,rrl,n.2270G>T,linezolid,2,0,6,1797,2,2,0,inf,1.7197855181775192e-05,True,6.300368100246489e-05,True
mmpR5|c.293delA,mmpR5,c.293delA,clofazimine,5,0,204,1596,5,5,0,inf,1.9944496744720794e-05,False,7.168729490319455e-05,True
mmpR5|c.138_139dupTG,mmpR5,c.138_139dupTG,clofazimine,5,0,204,1596,5,5,0,inf,1.9944496744720794e-05,False,7.168729490319455e-05,True
mmpR5|c.138_139dupTG,mmpR5,c.138_139dupTG,bedaquiline,5,0,206,1594,5,5,0,inf,2.0926844678157198e-05,False,7.382525761461011e-05,True
mmpR5|c.293delA,mmpR5,c.293delA,bedaquiline,5,0,206,1594,5,5,0,inf,2.0926844678157198e-05,False,7.382525761461011e-05,True
rpoB|p.His445Asn,rpoB,p.His445Asn,rifapentine,18,0,986,801,18,18,0,inf,3.3887606464439156e-05,False,0.00011737434602683016,True
rpoB|p.His445Asn,rpoB,p.His445Asn,rifampicin,18,0,986,801,18,18,0,inf,3.3887606464439156e-05,False,0.00011737434602683016,True
gid|c.102delG,gid,c.102delG,streptomycin,8,0,514,1283,8,8,0,inf,4.708524557195711e-05,False,0.0001601739157403184,True
gid|c.115delC,gid,c.115delC,streptomycin,8,0,514,1283,8,8,0,inf,4.708524557195711e-05,False,0.0001601739157403184,True
gyrA|p.Gly88Ala,gyrA,p.Gly88Ala,levofloxacin,10,0,661,1134,10,10,0,inf,4.830982650371638e-05,False,0.00016145652542031525,True
gyrA|p.Gly88Ala,gyrA,p.Gly88Ala,moxifloxacin,10,0,661,1134,10,10,0,inf,4.830982650371638e-05,False,0.00016145652542031525,True
eis|c.-10G>A,eis,c.-10G>A,kanamycin,6,0,350,1449,6,6,0,inf,5.6892579840154735e-05,False,0.0001884875906008605,True
pncA|p.Trp68Cys,pncA,p.Trp68Cys,pyrazinamide,10,0,707,1088,10,10,0,inf,9.416460011533217e-05,False,0.0003092820055512203,True
mmpR5|c.475_478delCAGC,mmpR5,c.475_478delCAGC,clofazimine,4,0,205,1596,4,4,0,inf,0.0001752197006694739,True,0.0005657517453819453,True
mmpR5|c.198delG,mmpR5,c.198delG,clofazimine,4,0,205,1596,4,4,0,inf,0.0001752197006694739,True,0.0005657517453819453,True
mmpR5|c.475_478delCAGC,mmpR5,c.475_478delCAGC,bedaquiline,4,0,207,1594,4,4,0,inf,0.00018207365828676865,True,0.0005780838650604904,True
mmpR5|c.198delG,mmpR5,c.198delG,bedaquiline,4,0,207,1594,4,4,0,inf,0.00018207365828676865,True,0.0005780838650604904,True
pncA|p.His51Asp,pncA,p.His51Asp,pyrazinamide,9,0,708,1088,9,9,0,inf,0.00023886952232646407,False,0.0007521428760858083,True
eis|c.-14C>T,eis,c.-14C>T,amikacin,5,0,345,1455,5,5,0,inf,0.0002678553487942887,False,0.0008364990810706885,True
eis|c.-14C>T,eis,c.-14C>T,kanamycin,5,0,351,1449,5,5,0,inf,0.0002917568196931011,False,0.000903734539049362,True
tlyA|p.Asn236Lys,tlyA,p.Asn236Lys,capreomycin,5,0,377,1423,5,5,0,inf,0.00041583877173092653,False,0.0012776981615280887,True
embB|p.Gly406Asp,embB,p.Gly406Asp,ethambutol,9,0,770,1026,9,9,0,inf,0.0005059111272906646,False,0.0015297788849027239,True
embB|p.Met306Leu,embB,p.Met306Leu,ethambutol,9,0,770,1026,9,9,0,inf,0.0005059111272906646,False,0.0015297788849027239,True
pncA|p.Ser104Arg,pncA,p.Ser104Arg,pyrazinamide,8,0,709,1088,8,8,0,inf,0.0006054281122999381,False,0.0018162843368998143,True
embB|p.Gly406Cys,embB,p.Gly406Cys,ethambutol,8,0,771,1026,8,8,0,inf,0.0011791469464868015,False,0.0035098045829021203,True
rrs|n.1402C>T,rrs,n.1402C>T,amikacin,4,0,346,1455,4,4,0,inf,0.0013942412808627572,True,0.004117875410920236,True
mmpR5|p.Val1?,mmpR5,p.Val1?,clofazimine,3,0,206,1596,3,3,0,inf,0.0015327470903222914,True,0.0043269824016038076,True
pepQ|c.817dupG,pepQ,c.817dupG,clofazimine,3,0,206,1596,3,3,0,inf,0.0015327470903222914,True,0.0043269824016038076,True
pncA|p.Val139Gly,pncA,p.Val139Gly,pyrazinamide,7,0,710,1088,7,7,0,inf,0.0015331827407257586,False,0.0043269824016038076,True
mmpR5|c.165delA,mmpR5,c.165delA,clofazimine,3,0,206,1596,3,3,0,inf,0.0015327470903222914,True,0.0043269824016038076,True
rrs|n.1402C>T,rrs,n.1402C>T,kanamycin,4,0,352,1449,4,4,0,inf,0.0014927671371229405,True,0.0043269824016038076,True
pncA|c.-11A>G,pncA,c.-11A>G,pyrazinamide,7,0,710,1088,7,7,0,inf,0.0015331827407257586,False,0.0043269824016038076,True
mmpR5|c.165delA,mmpR5,c.165delA,bedaquiline,3,0,208,1594,3,3,0,inf,0.0015773881357344095,True,0.00435496289648413,True
pepQ|c.817dupG,pepQ,c.817dupG,bedaquiline,3,0,208,1594,3,3,0,inf,0.0015773881357344095,True,0.00435496289648413,True
mmpR5|p.Val1?,mmpR5,p.Val1?,bedaquiline,3,0,208,1594,3,3,0,inf,0.0015773881357344095,True,0.00435496289648413,True
katG|p.Ser315Asn,katG,p.Ser315Asn,isoniazid,10,0,912,883,10,10,0,inf,0.0019452903369619099,False,0.005332054808507106,True
rrs|n.1402C>T,rrs,n.1402C>T,capreomycin,4,0,378,1423,4,4,0,inf,0.0019812847298608426,True,0.005391924871978436,True
ethA|p.Met1?,ethA,p.Met1?,ethionamide,5,0,590,1210,5,5,0,inf,0.0038484808162332026,False,0.01032585345763979,True
ethA|p.Met1?,ethA,p.Met1?,prothionamide,5,0,590,1210,5,5,0,inf,0.0038484808162332026,False,0.01032585345763979,True
gid|c.475delA,gid,c.475delA,streptomycin,4,0,518,1283,4,4,0,inf,0.006937686562468707,True,0.018484325736367675,True
ddn|p.Lys104*,ddn,p.Lys104*,delamanid,1,0,15,1789,1,1,0,inf,0.00886426592797784,True,0.019521880454101484,True
fbiC|c.930_931delAA,fbiC,c.930_931delAA,delamanid,1,0,15,1789,1,1,0,inf,0.00886426592797784,True,0.019521880454101484,True
ddn|c.311delA,ddn,c.311delA,delamanid,1,0,15,1789,1,1,0,inf,0.00886426592797784,True,0.019521880454101484,True
fbiA|c.373dupC,fbiA,c.373dupC,delamanid,1,0,15,1789,1,1,0,inf,0.00886426592797784,True,0.019521880454101484,True
fbiA|c.373dupC,fbiA,c.373dupC,pretomanid,1,0,15,1789,1,1,0,inf,0.00886426592797784,True,0.019521880454101484,True
fbiC|p.Trp444*,fbiC,p.Trp444*,delamanid,1,0,15,1789,1,1,0,inf,0.00886426592797784,True,0.019521880454101484,True
fbiC|p.Trp198*,fbiC,p.Trp198*,pretomanid,1,0,15,1789,1,1,0,inf,0.00886426592797784,True,0.019521880454101484,True
fbiC|p.Trp444*,fbiC,p.Trp444*,pretomanid,1,0,15,1789,1,1,0,inf,0.00886426592797784,True,0.019521880454101484,True
ddn|c.114_115dupCG,ddn,c.114_115dupCG,delamanid,1,0,15,1789,1,1,0,inf,0.00886426592797784,True,0.019521880454101484,True
ddn|c.114_115dupCG,ddn,c.114_115dupCG,pretomanid,1,0,15,1789,1,1,0,inf,0.00886426592797784,True,0.019521880454101484,True
ddn|c.274dupC,ddn,c.274dupC,delamanid,1,0,15,1789,1,1,0,inf,0.00886426592797784,True,0.019521880454101484,True
ddn|c.274dupC,ddn,c.274dupC,pretomanid,1,0,15,1789,1,1,0,inf,0.00886426592797784,True,0.019521880454101484,True
fbiC|c.930_931delAA,fbiC,c.930_931delAA,pretomanid,1,0,15,1789,1,1,0,inf,0.00886426592797784,True,0.019521880454101484,True
fbiC|p.Trp161*,fbiC,p.Trp161*,pretomanid,1,0,15,1789,1,1,0,inf,0.00886426592797784,True,0.019521880454101484,True
fbiC|p.Trp161*,fbiC,p.Trp161*,delamanid,1,0,15,1789,1,1,0,inf,0.00886426592797784,True,0.019521880454101484,True
fbiC|c.2547_2565dupCACATACGCCCTGCTTGCG,fbiC,c.2547_2565dupCACATACGCCCTGCTTGCG,delamanid,1,0,15,1789,1,1,0,inf,0.00886426592797784,True,0.019521880454101484,True
fbiC|c.2547_2565dupCACATACGCCCTGCTTGCG,fbiC,c.2547_2565dupCACATACGCCCTGCTTGCG,pretomanid,1,0,15,1789,1,1,0,inf,0.00886426592797784,True,0.019521880454101484,True
fbiC|p.Tyr104*,fbiC,p.Tyr104*,delamanid,1,0,15,1789,1,1,0,inf,0.00886426592797784,True,0.019521880454101484,True
fbiC|p.Tyr104*,fbiC,p.Tyr104*,pretomanid,1,0,15,1789,1,1,0,inf,0.00886426592797784,True,0.019521880454101484,True
ddn|c.365_366insC,ddn,c.365_366insC,pretomanid,1,0,15,1789,1,1,0,inf,0.00886426592797784,True,0.019521880454101484,True
ddn|c.365_366insC,ddn,c.365_366insC,delamanid,1,0,15,1789,1,1,0,inf,0.00886426592797784,True,0.019521880454101484,True
fbiC|c.1481_1511delATGTGCTTGCCGCCCTGCGATCGGCGGAGCG,fbiC,c.1481_1511delATGTGCTTGCCGCCCTGCGATCGGCGGAGCG,pretomanid,1,0,15,1789,1,1,0,inf,0.00886426592797784,True,0.019521880454101484,True
fbiC|c.181_191delAGCGCCGCGCG,fbiC,c.181_191delAGCGCCGCGCG,delamanid,1,0,15,1789,1,1,0,inf,0.00886426592797784,True,0.019521880454101484,True
fbiC|c.1481_1511delATGTGCTTGCCGCCCTGCGATCGGCGGAGCG,fbiC,c.1481_1511delATGTGCTTGCCGCCCTGCGATCGGCGGAGCG,delamanid,1,0,15,1789,1,1,0,inf,0.00886426592797784,True,0.019521880454101484,True
ddn|p.Lys104*,ddn,p.Lys104*,pretomanid,1,0,15,1789,1,1,0,inf,0.00886426592797784,True,0.019521880454101484,True
fbiC|c.181_191delAGCGCCGCGCG,fbiC,c.181_191delAGCGCCGCGCG,pretomanid,1,0,15,1789,1,1,0,inf,0.00886426592797784,True,0.019521880454101484,True
ddn|c.311delA,ddn,c.311delA,pretomanid,1,0,15,1789,1,1,0,inf,0.00886426592797784,True,0.019521880454101484,True
fbiC|c.989_990dupGC,fbiC,c.989_990dupGC,delamanid,1,0,15,1789,1,1,0,inf,0.00886426592797784,True,0.019521880454101484,True
fbiC|p.Trp198*,fbiC,p.Trp198*,delamanid,1,0,15,1789,1,1,0,inf,0.00886426592797784,True,0.019521880454101484,True
fbiC|c.989_990dupGC,fbiC,c.989_990dupGC,pretomanid,1,0,15,1789,1,1,0,inf,0.00886426592797784,True,0.019521880454101484,True
pncA|p.Asp8Asn,pncA,p.Asp8Asn,pyrazinamide,5,0,712,1088,5,5,0,inf,0.009807266927057455,False,0.021230503972777787,True
pncA|p.Gly97Cys,pncA,p.Gly97Cys,pyrazinamide,5,0,712,1088,5,5,0,inf,0.009807266927057455,False,0.021230503972777787,True
pncA|p.Ala146Thr,pncA,p.Ala146Thr,pyrazinamide,5,0,712,1088,5,5,0,inf,0.009807266927057455,False,0.021230503972777787,True
rpoB|p.Val170Phe,rpoB,p.Val170Phe,rifampicin,8,0,996,801,8,8,0,inf,0.010525051943443855,False,0.02252834151939387,True
rpoB|p.Val170Phe,rpoB,p.Val170Phe,rifapentine,8,0,996,801,8,8,0,inf,0.010525051943443855,False,0.02252834151939387,True
mmpR5|c.435_436insC,mmpR5,c.435_436insC,clofazimine,2,0,207,1596,2,2,0,inf,0.013350449293966626,True,0.02492583129660017,True
mmpR5|c.144delC,mmpR5,c.144delC,clofazimine,2,0,207,1596,2,2,0,inf,0.013350449293966626,True,0.02492583129660017,True
mmpR5|c.441_442delGA,mmpR5,c.441_442delGA,clofazimine,2,0,207,1596,2,2,0,inf,0.013350449293966626,True,0.02492583129660017,True
mmpR5|p.Arg156*,mmpR5,p.Arg156*,bedaquiline,2,0,209,1594,2,2,0,inf,0.01360780291257962,True,0.02492583129660017,True
mmpR5|p.Arg156*,mmpR5,p.Arg156*,clofazimine,2,0,207,1596,2,2,0,inf,0.013350449293966626,True,0.02492583129660017,True
mmpR5|c.137dupG,mmpR5,c.137dupG,bedaquiline,2,0,209,1594,2,2,0,inf,0.01360780291257962,True,0.02492583129660017,True
mmpR5|p.Tyr145*,mmpR5,p.Tyr145*,clofazimine,2,0,207,1596,2,2,0,inf,0.013350449293966626,True,0.02492583129660017,True
mmpR5|c.137dupG,mmpR5,c.137dupG,clofazimine,2,0,207,1596,2,2,0,inf,0.013350449293966626,True,0.02492583129660017,True
mmpR5|c.144delC,mmpR5,c.144delC,bedaquiline,2,0,209,1594,2,2,0,inf,0.01360780291257962,True,0.02492583129660017,True
mmpR5|c.430dupG,mmpR5,c.430dupG,bedaquiline,2,0,209,1594,2,2,0,inf,0.01360780291257962,True,0.02492583129660017,True
mmpR5|p.Gln76*,mmpR5,p.Gln76*,bedaquiline,2,0,209,1594,2,2,0,inf,0.01360780291257962,True,0.02492583129660017,True
mmpR5|c.466dupC,mmpR5,c.466dupC,clofazimine,2,0,207,1596,2,2,0,inf,0.013350449293966626,True,0.02492583129660017,True
mmpR5|c.466dupC,mmpR5,c.466dupC,bedaquiline,2,0,209,1594,2,2,0,inf,0.01360780291257962,True,0.02492583129660017,True
mmpR5|p.Gln76*,mmpR5,p.Gln76*,clofazimine,2,0,207,1596,2,2,0,inf,0.013350449293966626,True,0.02492583129660017,True
mmpR5|c.441_442delGA,mmpR5,c.441_442delGA,bedaquiline,2,0,209,1594,2,2,0,inf,0.01360780291257962,True,0.02492583129660017,True
mmpR5|c.435_436insC,mmpR5,c.435_436insC,bedaquiline,2,0,209,1594,2,2,0,inf,0.01360780291257962,True,0.02492583129660017,True
mmpR5|c.492_493dupCG,mmpR5,c.492_493dupCG,bedaquiline,2,0,209,1594,2,2,0,inf,0.01360780291257962,True,0.02492583129660017,True
mmpR5|p.Tyr145*,mmpR5,p.Tyr145*,bedaquiline,2,0,209,1594,2,2,0,inf,0.01360780291257962,True,0.02492583129660017,True
mmpR5|p.Ala36Val,mmpR5,p.Ala36Val,clofazimine,2,0,207,1596,2,2,0,inf,0.013350449293966626,True,0.02492583129660017,True
mmpR5|p.Ala36Val,mmpR5,p.Ala36Val,bedaquiline,2,0,209,1594,2,2,0,inf,0.01360780291257962,True,0.02492583129660017,True
mmpR5|c.430dupG,mmpR5,c.430dupG,clofazimine,2,0,207,1596,2,2,0,inf,0.013350449293966626,True,0.02492583129660017,True
mmpR5|c.492_493dupCG,mmpR5,c.492_493dupCG,clofazimine,2,0,207,1596,2,2,0,inf,0.013350449293966626,True,0.02492583129660017,True
mmpR5|c.412delG,mmpR5,c.412delG,bedaquiline,2,0,209,1594,2,2,0,inf,0.01360780291257962,True,0.02492583129660017,True
mmpR5|p.Tyr157*,mmpR5,p.Tyr157*,bedaquiline,2,0,209,1594,2,2,0,inf,0.01360780291257962,True,0.02492583129660017,True
mmpR5|p.Tyr157*,mmpR5,p.Tyr157*,clofazimine,2,0,207,1596,2,2,0,inf,0.013350449293966626,True,0.02492583129660017,True
mmpR5|c.32_33insT,mmpR5,c.32_33insT,bedaquiline,2,0,209,1594,2,2,0,inf,0.01360780291257962,True,0.02492583129660017,True
mmpR5|c.32_33insT,mmpR5,c.32_33insT,clofazimine,2,0,207,1596,2,2,0,inf,0.013350449293966626,True,0.02492583129660017,True
mmpR5|p.Ile67Ser,mmpR5,p.Ile67Ser,clofazimine,2,0,207,1596,2,2,0,inf,0.013350449293966626,True,0.02492583129660017,True
mmpR5|p.Ile67Ser,mmpR5,p.Ile67Ser,bedaquiline,2,0,209,1594,2,2,0,inf,0.01360780291257962,True,0.02492583129660017,True
mmpR5|c.412delG,mmpR5,c.412delG,clofazimine,2,0,207,1596,2,2,0,inf,0.013350449293966626,True,0.02492583129660017,True
gid|c.545delG,gid,c.545delG,streptomycin,3,0,519,1283,3,3,0,inf,0.02408807550205897,True,0.043702651268021274,True
gid|c.87delC,gid,c.87delC,streptomycin,3,0,519,1283,3,3,0,inf,0.02408807550205897,True,0.043702651268021274,True
pncA|p.Thr135Pro,pncA,p.Thr135Pro,pyrazinamide,4,0,713,1088,4,4,0,inf,0.024772633570309233,True,0.04431161216097567,True
pncA|c.515delT,pncA,c.515delT,pyrazinamide,4,0,713,1088,4,4,0,inf,0.024772633570309233,True,0.04431161216097567,True
pncA|p.Asp12Ala,pncA,p.Asp12Ala,pyrazinamide,4,0,713,1088,4,4,0,inf,0.024772633570309233,True,0.04431161216097567,True
ethA|c.860delA,ethA,c.860delA,ethionamide,3,0,592,1210,3,3,0,inf,0.03569839066277057,True,0.06326086903495622,False
ethA|c.860delA,ethA,c.860delA,prothionamide,3,0,592,1210,3,3,0,inf,0.03569839066277057,True,0.06326086903495622,False
gyrB|p.Asn499Thr,gyrB,p.Asn499Thr,levofloxacin,3,0,668,1134,3,3,0,inf,0.051228775408775844,True,0.08912403393033606,False
gyrB|p.Asp461Asn,gyrB,p.Asp461Asn,levofloxacin,3,0,668,1134,3,3,0,inf,0.051228775408775844,True,0.08912403393033606,False
gyrB|p.Asn499Thr,gyrB,p.Asn499Thr,moxifloxacin,3,0,668,1134,3,3,0,inf,0.051228775408775844,True,0.08912403393033606,False
gyrB|p.Asp461Asn,gyrB,p.Asp461Asn,moxifloxacin,3,0,668,1134,3,3,0,inf,0.051228775408775844,True,0.08912403393033606,False
pncA|p.Cys14Trp,pncA,p.Cys14Trp,pyrazinamide,3,0,714,1088,3,3,0,inf,0.06252140853458996,True,0.10778577670442883,False
pncA|p.Val139Ala,pncA,p.Val139Ala,pyrazinamide,3,0,714,1088,3,3,0,inf,0.06252140853458996,True,0.10778577670442883,False
gid|c.351dupG,gid,c.351dupG,streptomycin,2,0,520,1283,2,2,0,inf,0.08352076948117756,True,0.14142850298812734,False
gid|c.304delC,gid,c.304delC,streptomycin,2,0,520,1283,2,2,0,inf,0.08352076948117756,True,0.14142850298812734,False
gid|p.Gly28*,gid,p.Gly28*,streptomycin,2,0,520,1283,2,2,0,inf,0.08352076948117756,True,0.14142850298812734,False
gid|c.351delG,gid,c.351delG,streptomycin,2,0,520,1283,2,2,0,inf,0.08352076948117756,True,0.14142850298812734,False
atpE|p.Glu61Asp,atpE,p.Glu61Asp,bedaquiline,1,0,210,1594,1,1,0,inf,0.11689750692520777,True,0.16314267450001524,False
atpE|p.Ile66Met,atpE,p.Ile66Met,bedaquiline,1,0,210,1594,1,1,0,inf,0.11689750692520777,True,0.16314267450001524,False
mmpR5|c.386delC,mmpR5,c.386delC,clofazimine,1,0,208,1596,1,1,0,inf,0.11578947368421053,True,0.16314267450001524,False
mmpR5|c.429_430dupGG,mmpR5,c.429_430dupGG,bedaquiline,1,0,210,1594,1,1,0,inf,0.11689750692520777,True,0.16314267450001524,False
mmpR5|c.429_430dupGG,mmpR5,c.429_430dupGG,clofazimine,1,0,208,1596,1,1,0,inf,0.11578947368421053,True,0.16314267450001524,False
mmpR5|p.Arg134*,mmpR5,p.Arg134*,bedaquiline,1,0,210,1594,1,1,0,inf,0.11689750692520777,True,0.16314267450001524,False
mmpR5|p.Arg134*,mmpR5,p.Arg134*,clofazimine,1,0,208,1596,1,1,0,inf,0.11578947368421053,True,0.16314267450001524,False
mmpR5|p.Asn70Asp,mmpR5,p.Asn70Asp,bedaquiline,1,0,210,1594,1,1,0,inf,0.11689750692520777,True,0.16314267450001524,False
pepQ|c.150dupC,pepQ,c.150dupC,bedaquiline,1,0,210,1594,1,1,0,inf,0.11689750692520777,True,0.16314267450001524,False
mmpR5|c.386delC,mmpR5,c.386delC,bedaquiline,1,0,210,1594,1,1,0,inf,0.11689750692520777,True,0.16314267450001524,False
mmpR5|c.320_321dupGC,mmpR5,c.320_321dupGC,bedaquiline,1,0,210,1594,1,1,0,inf,0.11689750692520777,True,0.16314267450001524,False
mmpR5|c.320_321dupGC,mmpR5,c.320_321dupGC,clofazimine,1,0,208,1596,1,1,0,inf,0.11578947368421053,True,0.16314267450001524,False
mmpR5|c.321dupC,mmpR5,c.321dupC,bedaquiline,1,0,210,1594,1,1,0,inf,0.11689750692520777,True,0.16314267450001524,False
mmpR5|c.321dupC,mmpR5,c.321dupC,clofazimine,1,0,208,1596,1,1,0,inf,0.11578947368421053,True,0.16314267450001524,False
mmpR5|c.366dupG,mmpR5,c.366dupG,bedaquiline,1,0,210,1594,1,1,0,inf,0.11689750692520777,True,0.16314267450001524,False
mmpR5|c.366dupG,mmpR5,c.366dupG,clofazimine,1,0,208,1596,1,1,0,inf,0.11578947368421053,True,0.16314267450001524,False
mmpR5|c.282delG,mmpR5,c.282delG,clofazimine,1,0,208,1596,1,1,0,inf,0.11578947368421053,True,0.16314267450001524,False
mmpR5|c.282delG,mmpR5,c.282delG,bedaquiline,1,0,210,1594,1,1,0,inf,0.11689750692520777,True,0.16314267450001524,False
mmpR5|c.280_281insT,mmpR5,c.280_281insT,clofazimine,1,0,208,1596,1,1,0,inf,0.11578947368421053,True,0.16314267450001524,False
mmpR5|p.Gly121Arg,mmpR5,p.Gly121Arg,clofazimine,1,0,208,1596,1,1,0,inf,0.11578947368421053,True,0.16314267450001524,False
mmpR5|p.Gly121Arg,mmpR5,p.Gly121Arg,bedaquiline,1,0,210,1594,1,1,0,inf,0.11689750692520777,True,0.16314267450001524,False
mmpR5|p.Asn70Asp,mmpR5,p.Asn70Asp,clofazimine,1,0,208,1596,1,1,0,inf,0.11578947368421053,True,0.16314267450001524,False
mmpR5|c.291delC,mmpR5,c.291delC,clofazimine,1,0,208,1596,1,1,0,inf,0.11578947368421053,True,0.16314267450001524,False
mmpR5|c.291delC,mmpR5,c.291delC,bedaquiline,1,0,210,1594,1,1,0,inf,0.11689750692520777,True,0.16314267450001524,False
mmpR5|c.214delC,mmpR5,c.214delC,clofazimine,1,0,208,1596,1,1,0,inf,0.11578947368421053,True,0.16314267450001524,False
mmpR5|c.214delC,mmpR5,c.214delC,bedaquiline,1,0,210,1594,1,1,0,inf,0.11689750692520777,True,0.16314267450001524,False
mmpR5|c.19delG,mmpR5,c.19delG,clofazimine,1,0,208,1596,1,1,0,inf,0.11578947368421053,True,0.16314267450001524,False
pepQ|c.371dupC,pepQ,c.371dupC,clofazimine,1,0,208,1596,1,1,0,inf,0.11578947368421053,True,0.16314267450001524,False
pepQ|c.150dupC,pepQ,c.150dupC,clofazimine,1,0,208,1596,1,1,0,inf,0.11578947368421053,True,0.16314267450001524,False
pepQ|c.371dupC,pepQ,c.371dupC,bedaquiline,1,0,210,1594,1,1,0,inf,0.11689750692520777,True,0.16314267450001524,False
pepQ|c.221dupC,pepQ,c.221dupC,clofazimine,1,0,208,1596,1,1,0,inf,0.11578947368421053,True,0.16314267450001524,False
pepQ|c.221dupC,pepQ,c.221dupC,bedaquiline,1,0,210,1594,1,1,0,inf,0.11689750692520777,True,0.16314267450001524,False
mmpR5|c.151_152insT,mmpR5,c.151_152insT,clofazimine,1,0,208,1596,1,1,0,inf,0.11578947368421053,True,0.16314267450001524,False
ethA|c.1290delC,ethA,c.1290delC,prothionamide,2,0,593,1210,2,2,0,inf,0.10853996351597865,True,0.16314267450001524,False
ethA|c.1290delC,ethA,c.1290delC,ethionamide,2,0,593,1210,2,2,0,inf,0.10853996351597865,True,0.16314267450001524,False
mmpR5|c.19delG,mmpR5,c.19delG,bedaquiline,1,0,210,1594,1,1,0,inf,0.11689750692520777,True,0.16314267450001524,False
mmpR5|c.280_281insT,mmpR5,c.280_281insT,bedaquiline,1,0,210,1594,1,1,0,inf,0.11689750692520777,True,0.16314267450001524,False
mmpR5|c.139_140dupGA,mmpR5,c.139_140dupGA,bedaquiline,1,0,210,1594,1,1,0,inf,0.11689750692520777,True,0.16314267450001524,False
mmpR5|c.139_140dupGA,mmpR5,c.139_140dupGA,clofazimine,1,0,208,1596,1,1,0,inf,0.11578947368421053,True,0.16314267450001524,False
mmpR5|c.151_152insT,mmpR5,c.151_152insT,bedaquiline,1,0,210,1594,1,1,0,inf,0.11689750692520777,True,0.16314267450001524,False
mmpR5|c.240delT,mmpR5,c.240delT,bedaquiline,1,0,210,1594,1,1,0,inf,0.11689750692520777,True,0.16314267450001524,False
mmpR5|c.240delT,mmpR5,c.240delT,clofazimine,1,0,208,1596,1,1,0,inf,0.11578947368421053,True,0.16314267450001524,False
mmpR5|c.244_245dupCG,mmpR5,c.244_245dupCG,bedaquiline,1,0,210,1594,1,1,0,inf,0.11689750692520777,True,0.16314267450001524,False
mmpR5|c.244_245dupCG,mmpR5,c.244_245dupCG,clofazimine,1,0,208,1596,1,1,0,inf,0.11578947368421053,True,0.16314267450001524,False
ethA|c.672dupG,ethA,c.672dupG,ethionamide,2,0,593,1210,2,2,0,inf,0.10853996351597865,True,0.16314267450001524,False
ethA|c.672dupG,ethA,c.672dupG,prothionamide,2,0,593,1210,2,2,0,inf,0.10853996351597865,True,0.16314267450001524,False
ethA|c.871delC,ethA,c.871delC,ethionamide,2,0,593,1210,2,2,0,inf,0.10853996351597865,True,0.16314267450001524,False
ethA|c.871delC,ethA,c.871delC,prothionamide,2,0,593,1210,2,2,0,inf,0.10853996351597865,True,0.16314267450001524,False
pncA|c.390_391dupGG,pncA,c.390_391dupGG,pyrazinamide,2,0,715,1088,2,2,0,inf,0.15765888054246951,True,0.21225453528862503,False
pncA|p.Phe58Ser,pncA,p.Phe58Ser,pyrazinamide,2,0,715,1088,2,2,0,inf,0.15765888054246951,True,0.21225453528862503,False
pncA|p.Thr76Pro,pncA,p.Thr76Pro,pyrazinamide,2,0,715,1088,2,2,0,inf,0.15765888054246951,True,0.21225453528862503,False
pncA|p.Val130Gly,pncA,p.Val130Gly,pyrazinamide,2,0,715,1088,2,2,0,inf,0.15765888054246951,True,0.21225453528862503,False
pncA|p.Gly108Arg,pncA,p.Gly108Arg,pyrazinamide,2,0,715,1088,2,2,0,inf,0.15765888054246951,True,0.21225453528862503,False
pncA|c.64delA,pncA,c.64delA,pyrazinamide,2,0,715,1088,2,2,0,inf,0.15765888054246951,True,0.21225453528862503,False
pncA|c.389delT,pncA,c.389delT,pyrazinamide,2,0,715,1088,2,2,0,inf,0.15765888054246951,True,0.21225453528862503,False
pncA|p.Leu172Pro,pncA,p.Leu172Pro,pyrazinamide,2,0,715,1088,2,2,0,inf,0.15765888054246951,True,0.21225453528862503,False
pncA|p.Met175Val,pncA,p.Met175Val,pyrazinamide,2,0,715,1088,2,2,0,inf,0.15765888054246951,True,0.21225453528862503,False
pncA|c.393dupC,pncA,c.393dupC,pyrazinamide,2,0,715,1088,2,2,0,inf,0.15765888054246951,True,0.21225453528862503,False
embB|p.Tyr319Ser,embB,p.Tyr319Ser,ethambutol,2,0,777,1026,2,2,0,inf,0.18612440191387564,True,0.24969506031403738,False
tlyA|c.311dupG,tlyA,c.311dupG,capreomycin,1,0,381,1423,1,1,0,inf,0.21163434903047093,True,0.28193247196017285,False
tlyA|c.388dupG,tlyA,c.388dupG,capreomycin,1,0,381,1423,1,1,0,inf,0.21163434903047093,True,0.28193247196017285,False
katG|p.Ser315Arg,katG,p.Ser315Arg,isoniazid,3,0,919,883,3,3,0,inf,0.24993458672939795,True,0.331794695274915,False
rpoB|p.Ala451Val,rpoB,p.Ala451Val,rifapentine,3,0,1001,801,3,3,0,inf,0.2590758609676251,True,0.34154983746942963,False
rpoB|p.Ala451Val,rpoB,p.Ala451Val,rifampicin,3,0,1001,801,3,3,0,inf,0.2590758609676251,True,0.34154983746942963,False
gid|c.61delC,gid,c.61delC,streptomycin,1,0,521,1283,1,1,0,inf,0.289196675900277,True,0.3735048593830696,False
gid|p.Trp148*,gid,p.Trp148*,streptomycin,1,0,521,1283,1,1,0,inf,0.289196675900277,True,0.3735048593830696,False
gid|c.386delG,gid,c.386delG,streptomycin,1,0,521,1283,1,1,0,inf,0.289196675900277,True,0.3735048593830696,False
gid|c.563delT,gid,c.563delT,streptomycin,1,0,521,1283,1,1,0,inf,0.289196675900277,True,0.3735048593830696,False
gid|c.420dupC,gid,c.420dupC,streptomycin,1,0,521,1283,1,1,0,inf,0.289196675900277,True,0.3735048593830696,False
gid|c.52dupC,gid,c.52dupC,streptomycin,1,0,521,1283,1,1,0,inf,0.289196675900277,True,0.3735048593830696,False
ethA|p.Gln206*,ethA,p.Gln206*,prothionamide,1,0,594,1210,1,1,0,inf,0.3296398891966759,True,0.39125482175680226,False
ethA|p.Gln206*,ethA,p.Gln206*,ethionamide,1,0,594,1210,1,1,0,inf,0.3296398891966759,True,0.39125482175680226,False
ethA|c.1341delC,ethA,c.1341delC,ethionamide,1,0,594,1210,1,1,0,inf,0.3296398891966759,True,0.39125482175680226,False
ethA|c.1307delC,ethA,c.1307delC,prothionamide,1,0,594,1210,1,1,0,inf,0.3296398891966759,True,0.39125482175680226,False
ethA|c.1307delC,ethA,c.1307delC,ethionamide,1,0,594,1210,1,1,0,inf,0.3296398891966759,True,0.39125482175680226,False
ethA|c.1143dupC,ethA,c.1143dupC,prothionamide,1,0,594,1210,1,1,0,inf,0.3296398891966759,True,0.39125482175680226,False
ethA|p.Tyr211*,ethA,p.Tyr211*,prothionamide,1,0,594,1210,1,1,0,inf,0.3296398891966759,True,0.39125482175680226,False
inhA|p.Ser94Ala,inhA,p.Ser94Ala,prothionamide,1,0,594,1210,1,1,0,inf,0.3296398891966759,True,0.39125482175680226,False
inhA|p.Ser94Ala,inhA,p.Ser94Ala,ethionamide,1,0,594,1210,1,1,0,inf,0.3296398891966759,True,0.39125482175680226,False
ethA|p.Tyr211*,ethA,p.Tyr211*,ethionamide,1,0,594,1210,1,1,0,inf,0.3296398891966759,True,0.39125482175680226,False
ethA|c.1341delC,ethA,c.1341delC,prothionamide,1,0,594,1210,1,1,0,inf,0.3296398891966759,True,0.39125482175680226,False
ethA|p.Gln165*,ethA,p.Gln165*,prothionamide,1,0,594,1210,1,1,0,inf,0.3296398891966759,True,0.39125482175680226,False
ethA|c.1029delG,ethA,c.1029delG,ethionamide,1,0,594,1210,1,1,0,inf,0.3296398891966759,True,0.39125482175680226,False
ethA|c.1143dupC,ethA,c.1143dupC,ethionamide,1,0,594,1210,1,1,0,inf,0.3296398891966759,True,0.39125482175680226,False
ethA|c.1047delT,ethA,c.1047delT,prothionamide,1,0,594,1210,1,1,0,inf,0.3296398891966759,True,0.39125482175680226,False
ethA|c.1047delT,ethA,c.1047delT,ethionamide,1,0,594,1210,1,1,0,inf,0.3296398891966759,True,0.39125482175680226,False
ethA|c.1112delG,ethA,c.1112delG,prothionamide,1,0,594,1210,1,1,0,inf,0.3296398891966759,True,0.39125482175680226,False
ethA|c.1112delG,ethA,c.1112delG,ethionamide,1,0,594,1210,1,1,0,inf,0.3296398891966759,True,0.39125482175680226,False
ethA|c.777dupC,ethA,c.777dupC,ethionamide,1,0,594,1210,1,1,0,inf,0.3296398891966759,True,0.39125482175680226,False
ethA|c.1029delG,ethA,c.1029delG,prothionamide,1,0,594,1210,1,1,0,inf,0.3296398891966759,True,0.39125482175680226,False
ethA|p.Gln165*,ethA,p.Gln165*,ethionamide,1,0,594,1210,1,1,0,inf,0.3296398891966759,True,0.39125482175680226,False
ethA|c.777dupC,ethA,c.777dupC,prothionamide,1,0,594,1210,1,1,0,inf,0.3296398891966759,True,0.39125482175680226,False
ethA|c.65delA,ethA,c.65delA,ethionamide,1,0,594,1210,1,1,0,inf,0.3296398891966759,True,0.39125482175680226,False
ethA|c.65delA,ethA,c.65delA,prothionamide,1,0,594,1210,1,1,0,inf,0.3296398891966759,True,0.39125482175680226,False
ethA|c.5_8delCCGA,ethA,c.5_8delCCGA,prothionamide,1,0,594,1210,1,1,0,inf,0.3296398891966759,True,0.39125482175680226,False
ethA|c.5_8delCCGA,ethA,c.5_8delCCGA,ethionamide,1,0,594,1210,1,1,0,inf,0.3296398891966759,True,0.39125482175680226,False
gyrA|p.Asp89Asn,gyrA,p.Asp89Asn,levofloxacin,1,0,670,1134,1,1,0,inf,0.3717451523545707,True,0.43849815184858026,False
gyrA|p.Asp89Asn,gyrA,p.Asp89Asn,moxifloxacin,1,0,670,1134,1,1,0,inf,0.3717451523545707,True,0.43849815184858026,False
pncA|p.Thr47Ala,pncA,p.Thr47Ala,pyrazinamide,1,0,716,1088,1,1,0,inf,0.39722991689750703,True,0.44123789602900926,False
pncA|p.Gly132Ser,pncA,p.Gly132Ser,pyrazinamide,1,0,716,1088,1,1,0,inf,0.39722991689750703,True,0.44123789602900926,False
pncA|p.Ile31Ser,pncA,p.Ile31Ser,pyrazinamide,1,0,716,1088,1,1,0,inf,0.39722991689750703,True,0.44123789602900926,False
pncA|p.Thr142Met,pncA,p.Thr142Met,pyrazinamide,1,0,716,1088,1,1,0,inf,0.39722991689750703,True,0.44123789602900926,False
pncA|p.Val125Phe,pncA,p.Val125Phe,pyrazinamide,1,0,716,1088,1,1,0,inf,0.39722991689750703,True,0.44123789602900926,False
pncA|p.Thr61Pro,pncA,p.Thr61Pro,pyrazinamide,1,0,716,1088,1,1,0,inf,0.39722991689750703,True,0.44123789602900926,False
pncA|p.Val180Phe,pncA,p.Val180Phe,pyrazinamide,1,0,716,1088,1,1,0,inf,0.39722991689750703,True,0.44123789602900926,False
pncA|c.468_499delGGTGGACCTGACAGCGGGTGTGTCGGCCGATA,pncA,c.468_499delGGTGGACCTGACAGCGGGTGTGTCGGCCGATA,pyrazinamide,1,0,716,1088,1,1,0,inf,0.39722991689750703,True,0.44123789602900926,False
pncA|p.Gly105Asp,pncA,p.Gly105Asp,pyrazinamide,1,0,716,1088,1,1,0,inf,0.39722991689750703,True,0.44123789602900926,False
pncA|p.Glu111*,pncA,p.Glu111*,pyrazinamide,1,0,716,1088,1,1,0,inf,0.39722991689750703,True,0.44123789602900926,False
pncA|p.Gln141Pro,pncA,p.Gln141Pro,pyrazinamide,1,0,716,1088,1,1,0,inf,0.39722991689750703,True,0.44123789602900926,False
pncA|p.Cys72Arg,pncA,p.Cys72Arg,pyrazinamide,1,0,716,1088,1,1,0,inf,0.39722991689750703,True,0.44123789602900926,False
pncA|p.Asp12Gly,pncA,p.Asp12Gly,pyrazinamide,1,0,716,1088,1,1,0,inf,0.39722991689750703,True,0.44123789602900926,False
pncA|p.Ala102Pro,pncA,p.Ala102Pro,pyrazinamide,1,0,716,1088,1,1,0,inf,0.39722991689750703,True,0.44123789602900926,False
pncA|c.62delT,pncA,c.62delT,pyrazinamide,1,0,716,1088,1,1,0,inf,0.39722991689750703,True,0.44123789602900926,False
pncA|c.407dupA,pncA,c.407dupA,pyrazinamide,1,0,716,1088,1,1,0,inf,0.39722991689750703,True,0.44123789602900926,False
pncA|c.192_193insA,pncA,c.192_193insA,pyrazinamide,1,0,716,1088,1,1,0,inf,0.39722991689750703,True,0.44123789602900926,False
pncA|c.459_466delCAGGGTGC,pncA,c.459_466delCAGGGTGC,pyrazinamide,1,0,716,1088,1,1,0,inf,0.39722991689750703,True,0.44123789602900926,False
pncA|c.314dupG,pncA,c.314dupG,pyrazinamide,1,0,716,1088,1,1,0,inf,0.39722991689750703,True,0.44123789602900926,False
pncA|c.169delC,pncA,c.169delC,pyrazinamide,1,0,716,1088,1,1,0,inf,0.39722991689750703,True,0.44123789602900926,False
embB|p.Gly406Ser,embB,p.Gly406Ser,ethambutol,1,0,778,1026,1,1,0,inf,0.43157894736842106,True,0.47661327231121287,False
embB|p.Asp354Ala,embB,p.Asp354Ala,ethambutol,1,0,778,1026,1,1,0,inf,0.43157894736842106,True,0.47661327231121287,False
rpoB|p.His445Pro,rpoB,p.His445Pro,rifapentine,2,0,1002,801,2,2,0,inf,0.5060505739784168,True,0.537062029765395,False
rpoB|p.Met434Ile,rpoB,p.Met434Ile,rifampicin,2,0,1002,801,2,2,0,inf,0.5060505739784168,True,0.537062029765395,False
katG|c.1416_1417dupAG,katG,c.1416_1417dupAG,isoniazid,2,0,920,883,2,2,0,inf,0.499956391152932,True,0.537062029765395,False
rpoB|p.His445Pro,rpoB,p.His445Pro,rifampicin,2,0,1002,801,2,2,0,inf,0.5060505739784168,True,0.537062029765395,False
rpoB|p.Met434Ile,rpoB,p.Met434Ile,rifapentine,2,0,1002,801,2,2,0,inf,0.5060505739784168,True,0.537062029765395,False
rpoB|c.1296_1304delATTCATGGA,rpoB,c.1296_1304delATTCATGGA,rifapentine,2,0,1002,801,2,2,0,inf,0.5060505739784168,True,0.537062029765395,False
rpoB|c.1296_1304delATTCATGGA,rpoB,c.1296_1304delATTCATGGA,rifampicin,2,0,1002,801,2,2,0,inf,0.5060505739784168,True,0.537062029765395,False
rpoB|p.Gln432Lys,rpoB,p.Gln432Lys,rifapentine,2,0,1002,801,2,2,0,inf,0.5060505739784168,True,0.537062029765395,False
katG|c.18delA,katG,c.18delA,isoniazid,2,0,920,883,2,2,0,inf,0.499956391152932,True,0.537062029765395,False
rpoB|p.Ser450Trp,rpoB,p.Ser450Trp,rifapentine,2,0,1002,801,3,2,1,inf,0.5060505739784168,True,0.537062029765395,False
rpoB|p.Asn437Ser,rpoB,p.Asn437Ser,rifampicin,2,0,1002,801,2,2,0,inf,0.5060505739784168,True,0.537062029765395,False
rpoB|p.Ser450Trp,rpoB,p.Ser450Trp,rifampicin,2,0,1002,801,3,2,1,inf,0.5060505739784168,True,0.537062029765395,False
rpoB|p.Asn437Ser,rpoB,p.Asn437Ser,rifapentine,2,0,1002,801,2,2,0,inf,0.5060505739784168,True,0.537062029765395,False
rpoB|p.Gln432Lys,rpoB,p.Gln432Lys,rifampicin,2,0,1002,801,2,2,0,inf,0.5060505739784168,True,0.537062029765395,False
rpoB|p.Asn437Asp,rpoB,p.Asn437Asp,rifapentine,1,0,1003,801,1,1,0,inf,1.0,True,1.0,False
katG|c.120delC,katG,c.120delC,isoniazid,1,0,921,883,1,1,0,inf,1.0,True,1.0,False
katG|c.117delG,katG,c.117delG,isoniazid,1,0,921,883,1,1,0,inf,1.0,True,1.0,False
inhA|p.Ser94Ala,inhA,p.Ser94Ala,isoniazid,1,0,921,883,1,1,0,inf,1.0,True,1.0,False
rpoB|c.1294_1299delCAATTC,rpoB,c.1294_1299delCAATTC,rifampicin,1,0,1003,801,1,1,0,inf,1.0,True,1.0,False
rpoB|c.1294_1299delCAATTC,rpoB,c.1294_1299delCAATTC,rifapentine,1,0,1003,801,1,1,0,inf,1.0,True,1.0,False
rpoB|c.1306_1308delCAG,rpoB,c.1306_1308delCAG,rifampicin,1,0,1003,801,1,1,0,inf,1.0,True,1.0,False
rpoB|c.1306_1308delCAG,rpoB,c.1306_1308delCAG,rifapentine,1,0,1003,801,1,1,0,inf,1.0,True,1.0,False
rpoB|p.Ser441Ala,rpoB,p.Ser441Ala,rifampicin,1,0,1003,801,1,1,0,inf,1.0,True,1.0,False
rpoB|p.Ser441Ala,rpoB,p.Ser441Ala,rifapentine,1,0,1003,801,1,1,0,inf,1.0,True,1.0,False
rpoB|p.Ser441Leu,rpoB,p.Ser441Leu,rifampicin,1,0,1003,801,1,1,0,inf,1.0,True,1.0,False
rpoB|p.Asn438Lys,rpoB,p.Asn438Lys,rifampicin,1,0,1003,801,1,1,0,inf,1.0,True,1.0,False
rpoB|p.Ser441Leu,rpoB,p.Ser441Leu,rifapentine,1,0,1003,801,1,1,0,inf,1.0,True,1.0,False
rpoB|p.Asn437Asp,rpoB,p.Asn437Asp,rifampicin,1,0,1003,801,1,1,0,inf,1.0,True,1.0,False
rpoB|c.1312_1314delAAC,rpoB,c.1312_1314delAAC,rifapentine,1,0,1003,801,1,1,0,inf,1.0,True,1.0,False
rpoB|c.1312_1314delAAC,rpoB,c.1312_1314delAAC,rifampicin,1,0,1003,801,1,1,0,inf,1.0,True,1.0,False
katG|c.18_27delACCCATTACA,katG,c.18_27delACCCATTACA,isoniazid,1,0,921,883,1,1,0,inf,1.0,True,1.0,False
rpoB|p.Asn438Lys,rpoB,p.Asn438Lys,rifapentine,1,0,1003,801,1,1,0,inf,1.0,True,1.0,False
rpoB|p.Asp435Asn,rpoB,p.Asp435Asn,rifampicin,1,0,1003,801,1,1,0,inf,1.0,True,1.0,False
rpoB|p.Asp435Asn,rpoB,p.Asp435Asn,rifapentine,1,0,1003,801,1,1,0,inf,1.0,True,1.0,False
rpoB|p.Asp435Ala,rpoB,p.Asp435Ala,rifampicin,1,0,1003,801,1,1,0,inf,1.0,True,1.0,False
rpoB|p.Asp435Ala,rpoB,p.Asp435Ala,rifapentine,1,0,1003,801,1,1,0,inf,1.0,True,1.0,False
