mutation_id_1,mutation_id_2,gene_1,change_1,gene_2,change_2,class,pooled_odds_ratio,pooled_padj_BH,target_lineage,pct_both_carriers_in_target_lineage_pooled,lineage_odds_ratio,lineage_padj_BH,resolution
pncA|c.456dupC,rpoB|p.Leu452Pro,pncA,c.456dupC,rpoB,p.Leu452Pro,cross_class,inf,2.935737187559189e-252,lineage4,100.0,inf,1.0421465185636663e-229,confirmed_within_lineage
inhA|c.-770T>A,pncA|c.456dupC,inhA,c.-770T>A,pncA,c.456dupC,cross_class,inf,1.231555887788747e-237,lineage4,100.0,inf,2.163437927255268e-199,confirmed_within_lineage
pncA|c.456dupC,rpoB|p.Asp435Gly,pncA,c.456dupC,rpoB,p.Asp435Gly,cross_class,5066.666666666667,1.233955355943935e-218,lineage4,100.0,inf,2.9175446590186205e-190,confirmed_within_lineage
inhA|c.-770T>A,rpoB|p.Leu452Pro,inhA,c.-770T>A,rpoB,p.Leu452Pro,cross_class,321.6190476190476,3.0772091686255984e-204,lineage4,100.0,467.6190476190476,1.0892435632149232e-181,confirmed_within_lineage
rpoB|p.Asp435Gly,rpoB|p.Leu452Pro,rpoB,p.Asp435Gly,rpoB,p.Leu452Pro,within_class,2720.454545454545,2.2622019385918122e-200,lineage4,100.0,inf,1.0892435632149232e-181,confirmed_within_lineage
embB|p.Met306Val,inhA|c.-770T>A,embB,p.Met306Val,inhA,c.-770T>A,cross_class,264.2492668621701,3.548953782643422e-192,lineage4,100.0,287.57160647571607,2.8352209643728323e-176,confirmed_within_lineage
inhA|c.-770T>A,rpoB|p.Asp435Gly,inhA,c.-770T>A,rpoB,p.Asp435Gly,cross_class,2055.6944444444443,2.491849299211689e-190,lineage4,100.0,inf,3.952787935329411e-162,confirmed_within_lineage
embB|p.Met306Val,pncA|c.456dupC,embB,p.Met306Val,pncA,c.456dupC,cross_class,2029.9615384615383,8.612473876947374e-175,lineage4,100.0,1939.7142857142856,8.390035798889883e-159,confirmed_within_lineage
rpoB|p.Asp435Gly,rrs|n.1401A>G,rpoB,p.Asp435Gly,rrs,n.1401A>G,cross_class,1114.765625,2.2649566167702044e-164,lineage4,100.0,inf,5.013978306862348e-181,confirmed_within_lineage
pncA|c.456dupC,rrs|n.1401A>G,pncA,c.456dupC,rrs,n.1401A>G,cross_class,180.08554572271387,3.369893752936423e-163,lineage4,100.0,510.22222222222223,1.0340440344722546e-180,confirmed_within_lineage
gyrA|p.Ala90Val,rpoB|p.Asp435Gly,gyrA,p.Ala90Val,rpoB,p.Asp435Gly,cross_class,714.9545454545455,1.9810385278978063e-160,lineage4,100.0,2956.078125,7.893341201456077e-164,confirmed_within_lineage
embB|p.Met306Val,rpoB|p.Leu452Pro,embB,p.Met306Val,rpoB,p.Leu452Pro,cross_class,80.73290322580645,2.1322122250122093e-145,lineage4,99.5,159.73095238095237,3.631091250622388e-142,confirmed_within_lineage
embB|p.Met306Val,rpoB|p.Asp435Gly,embB,p.Met306Val,rpoB,p.Asp435Gly,cross_class,489.0967741935484,3.9461226925897074e-142,lineage4,100.0,1302.0,9.005995003594803e-131,confirmed_within_lineage
rpoB|p.Leu452Pro,rrs|n.1401A>G,rpoB,p.Leu452Pro,rrs,n.1401A>G,cross_class,66.39823008849558,9.305699073181555e-141,lineage4,100.0,291.1467236467237,1.5301641006566857e-169,confirmed_within_lineage
embB|p.Met306Ile,rrs|n.514A>C,embB,p.Met306Ile,rrs,n.514A>C,cross_class,176.3235294117647,4.355348569143222e-136,lineage2,95.8,618.8333333333334,1.92828328245175e-79,confirmed_within_lineage
gyrA|p.Ala90Val,pncA|c.456dupC,gyrA,p.Ala90Val,pncA,c.456dupC,cross_class,74.57612732095491,1.2192113076747834e-133,lineage4,100.0,103.36095661846495,2.3678569466274887e-133,confirmed_within_lineage
inhA|c.-770T>A,rrs|n.1401A>G,inhA,c.-770T>A,rrs,n.1401A>G,cross_class,46.05418413289862,3.312841240373193e-129,lineage4,100.0,128.67446393762182,6.673641914893038e-146,confirmed_within_lineage
gyrA|p.Ala90Val,rrs|n.1401A>G,gyrA,p.Ala90Val,rrs,n.1401A>G,cross_class,34.56547488484317,6.398706108037437e-127,lineage4,85.3,72.20731707317073,4.343913527490991e-124,confirmed_within_lineage
embB|p.Gln497Lys,pncA|p.Cys14Arg,embB,p.Gln497Lys,pncA,p.Cys14Arg,cross_class,5838.75,2.753962846301866e-124,lineage2,100.0,3672.0,6.554298409822585e-69,confirmed_within_lineage
katG|p.Ser315Thr,rrs|n.1401A>G,katG,p.Ser315Thr,rrs,n.1401A>G,cross_class,72.14044444444444,8.552602034182678e-118,lineage4,74.0,142.0136518771331,1.4215044200642248e-93,confirmed_within_lineage
gyrA|p.Ala90Val,rpoB|p.Leu452Pro,gyrA,p.Ala90Val,rpoB,p.Leu452Pro,cross_class,40.66344888108819,1.551482923952906e-117,lineage4,100.0,77.72005044136192,1.1525862360534378e-126,confirmed_within_lineage
inhA|c.-779G>T,rrs|n.514A>C,inhA,c.-779G>T,rrs,n.514A>C,cross_class,1226.4647887323945,1.551482923952906e-117,lineage2,97.2,163.78688524590163,5.304324447296145e-41,confirmed_within_lineage
inhA|c.-770T>A,katG|p.Ser315Thr,inhA,c.-770T>A,katG,p.Ser315Thr,within_class,inf,3.436859968991328e-111,lineage4,100.0,inf,3.771775680959564e-120,confirmed_within_lineage
gyrA|p.Ala90Val,inhA|c.-770T>A,gyrA,p.Ala90Val,inhA,c.-770T>A,cross_class,32.191060676239,9.373726398540312e-111,lineage4,100.0,45.16350947158524,1.959858330284016e-110,confirmed_within_lineage
embB|p.Met306Ile,katG|p.Ser315Thr,embB,p.Met306Ile,katG,p.Ser315Thr,cross_class,75.5850622406639,1.4447670407741176e-104,lineage2,59.8,1066.1538461538462,1.244429279853158e-69,confirmed_within_lineage
embB|p.Met306Val,rrs|n.1401A>G,embB,p.Met306Val,rrs,n.1401A>G,cross_class,19.114996114996117,8.480984671222106e-98,lineage4,96.8,86.21964285714286,7.506615441162603e-127,confirmed_within_lineage
inhA|c.-779G>T,pncA|c.517dupG,inhA,c.-779G>T,pncA,c.517dupG,cross_class,3287.108108108108,9.0222488077364e-96,lineage2,98.6,inf,1.1023828775028529e-45,confirmed_within_lineage
pncA|p.Cys14Arg,rrs|n.514A>C,pncA,p.Cys14Arg,rrs,n.514A>C,cross_class,1625.5280898876404,1.8173916046827653e-95,lineage2,98.9,inf,3.029242750051032e-35,confirmed_within_lineage
pncA|c.517dupG,rpoB|p.Asp435Val,pncA,c.517dupG,rpoB,p.Asp435Val,cross_class,inf,1.3202705189399386e-92,lineage2,97.2,inf,1.5695585834428146e-68,confirmed_within_lineage
katG|p.Ser315Thr,pncA|c.456dupC,katG,p.Ser315Thr,pncA,c.456dupC,cross_class,inf,6.337380488063168e-91,lineage4,100.0,inf,1.0050774321293056e-96,confirmed_within_lineage
embB|p.Met306Val,katG|p.Ser315Thr,embB,p.Met306Val,katG,p.Ser315Thr,cross_class,15.631613756613756,7.310672969720404e-90,lineage4,96.9,139.88780487804877,6.973862884998752e-139,confirmed_within_lineage
embB|p.Gln497Lys,rrs|n.514A>C,embB,p.Gln497Lys,rrs,n.514A>C,cross_class,1451.6170212765958,3.592879168466276e-89,lineage2,97.6,190.3012048192771,2.2429770460790125e-30,confirmed_within_lineage
embB|p.Met306Ile,inhA|c.-779G>T,embB,p.Met306Ile,inhA,c.-779G>T,cross_class,457.3483146067416,3.728447513181359e-88,lineage2,98.1,323.741935483871,3.0407754511115494e-42,confirmed_within_lineage
embB|p.Met306Val,gyrA|p.Ala90Val,embB,p.Met306Val,gyrA,p.Ala90Val,cross_class,14.703619310052462,3.480807531235128e-83,lineage4,94.7,24.237204724409448,9.708156745052954e-87,confirmed_within_lineage
katG|p.Ser315Thr,rpoB|p.Asp435Gly,katG,p.Ser315Thr,rpoB,p.Asp435Gly,cross_class,inf,6.179125484122602e-78,lineage4,99.0,inf,3.6954460318839957e-81,confirmed_within_lineage
pncA|c.517dupG,rrs|n.514A>C,pncA,c.517dupG,rrs,n.514A>C,cross_class,inf,1.844938073514933e-77,lineage2,97.2,inf,1.1579775030924273e-26,confirmed_within_lineage
gyrA|p.Ala90Val,katG|p.Ser315Thr,gyrA,p.Ala90Val,katG,p.Ser315Thr,cross_class,15.570458952811894,2.300562219061285e-77,lineage4,81.6,24.432989690721648,3.605428502559288e-73,confirmed_within_lineage
embB|p.Met306Ile,pncA|p.Cys14Arg,embB,p.Met306Ile,pncA,p.Cys14Arg,cross_class,inf,1.775434601176564e-75,lineage2,97.8,inf,1.256727712792999e-34,confirmed_within_lineage
katG|p.Ser315Thr,rpoB|p.Leu452Pro,katG,p.Ser315Thr,rpoB,p.Leu452Pro,cross_class,24.84222640719816,1.2947816380162205e-70,lineage4,98.2,67.91023489932886,2.538734217730862e-85,confirmed_within_lineage
embB|p.Gln497Lys,embB|p.Met306Ile,embB,p.Gln497Lys,embB,p.Met306Ile,within_class,634.681592039801,5.6262669378078285e-68,lineage2,97.6,183.91764705882352,8.069758327365378e-30,confirmed_within_lineage
inhA|c.-779G>T,rpoB|p.Asp435Val,inhA,c.-779G>T,rpoB,p.Asp435Val,cross_class,68.01064425770308,2.8366345732528543e-66,lineage2,95.9,168.0,3.405170940529841e-41,confirmed_within_lineage
embB|p.Met306Ile,pncA|c.517dupG,embB,p.Met306Ile,pncA,c.517dupG,cross_class,inf,1.101654722074831e-59,lineage2,97.2,inf,3.326535487287542e-26,confirmed_within_lineage
ethA|c.869dupA,pncA|p.Arg154Gly,ethA,c.869dupA,pncA,p.Arg154Gly,cross_class,inf,8.067269856824023e-58,lineage4,100.0,inf,1.6450242767025382e-53,confirmed_within_lineage
embB|p.Gln497Arg,rpsL|p.Lys88Arg,embB,p.Gln497Arg,rpsL,p.Lys88Arg,cross_class,208.72820512820516,1.5190173861720372e-57,lineage4,97.9,1833.8666666666663,1.2788409710396622e-67,confirmed_within_lineage
pncA|c.517dupG,rrs|n.1401A>G,pncA,c.517dupG,rrs,n.1401A>G,cross_class,inf,1.1141117754502488e-55,lineage2,97.2,inf,3.0256735410841434e-57,confirmed_within_lineage
katG|p.Ser315Thr,rrs|n.514A>C,katG,p.Ser315Thr,rrs,n.514A>C,cross_class,33.378531073446325,2.602653022712456e-54,lineage2,94.6,162.975,1.2288813159233049e-58,confirmed_within_lineage
pncA|p.Arg154Gly,rrs|n.878G>A,pncA,p.Arg154Gly,rrs,n.878G>A,cross_class,46644.0,3.502603528724131e-53,lineage4,100.0,31902.0,5.113506557121196e-49,confirmed_within_lineage
ethA|c.869dupA,rrs|n.878G>A,ethA,c.869dupA,rrs,n.878G>A,cross_class,46644.0,3.502603528724131e-53,lineage4,100.0,31902.0,5.113506557121196e-49,confirmed_within_lineage
pncA|p.Cys14Arg,rpoB|p.Ser450Leu,pncA,p.Cys14Arg,rpoB,p.Ser450Leu,cross_class,178.8761061946903,1.1622875064861592e-52,lineage2,98.9,356.9811320754717,8.122959565983934e-42,confirmed_within_lineage
inhA|c.-154G>A,pncA|p.Gly97Asp,inhA,c.-154G>A,pncA,p.Gly97Asp,cross_class,inf,2.149202471961481e-52,lineage1,83.9,inf,8.220760700216587e-15,confirmed_within_lineage
rpoB|p.Asp435Val,rrs|n.514A>C,rpoB,p.Asp435Val,rrs,n.514A>C,cross_class,23.949579831932773,1.4324455980065408e-47,lineage2,93.3,47.90780141843972,1.9873170547061488e-22,confirmed_within_lineage
embB|p.Gln497Lys,rpoB|p.Ser450Leu,embB,p.Gln497Lys,rpoB,p.Ser450Leu,cross_class,109.01739130434784,3.6416864906474924e-47,lineage2,98.8,148.47457627118644,2.600403665711101e-36,confirmed_within_lineage
embB|p.Met306Ile,rpoB|p.Asp435Val,embB,p.Met306Ile,rpoB,p.Asp435Val,cross_class,19.59956043956044,1.7358511792021815e-46,lineage2,78.7,46.42361111111112,5.567809351833806e-22,confirmed_within_lineage
gyrA|p.Ser91Pro,tlyA|c.585_588delTGGG,gyrA,p.Ser91Pro,tlyA,c.585_588delTGGG,cross_class,inf,3.2052808050917256e-46,lineage2,100.0,inf,1.4344433712309578e-29,confirmed_within_lineage
pncA|p.Gly97Asp,rrs|n.517C>T,pncA,p.Gly97Asp,rrs,n.517C>T,cross_class,1067.5625,5.614602633838014e-44,lineage1,89.7,inf,0.0003041875994872,confirmed_within_lineage
embB|p.Gln497Lys,gyrA|p.Ser91Pro,embB,p.Gln497Lys,gyrA,p.Ser91Pro,cross_class,78.0909090909091,9.471146970453379e-41,lineage2,100.0,36.87074829931973,8.530889496041008e-21,confirmed_within_lineage
pncA|c.375_389delCGATGAGGTCGATGT,rpoB|p.His445Leu,pncA,c.375_389delCGATGAGGTCGATGT,rpoB,p.His445Leu,cross_class,inf,4.405732158469527e-40,lineage1,100.0,inf,8.220760700216587e-15,confirmed_within_lineage
gyrA|p.Ser91Pro,pncA|p.Cys14Arg,gyrA,p.Ser91Pro,pncA,p.Cys14Arg,cross_class,69.91836734693878,1.881243676338247e-39,lineage2,100.0,32.340425531914896,1.6983133467637618e-19,confirmed_within_lineage
inhA|c.-777C>T,rpsL|p.Lys88Arg,inhA,c.-777C>T,rpsL,p.Lys88Arg,cross_class,55.36894586894587,4.1750919724897766e-39,lineage4,95.7,158.34375,1.5975850084447703e-41,confirmed_within_lineage
pncA|p.Leu151Ser,rpsL|p.Lys43Arg,pncA,p.Leu151Ser,rpsL,p.Lys43Arg,cross_class,inf,6.22951543060457e-39,lineage4,97.1,inf,5.302830034872058e-36,confirmed_within_lineage
embB|p.Gln497Lys,tlyA|c.585_588delTGGG,embB,p.Gln497Lys,tlyA,c.585_588delTGGG,cross_class,915.8727272727272,1.2323878162773983e-37,lineage2,100.0,151.56603773584905,1.1507578462450545e-17,confirmed_within_lineage
inhA|c.-779G>T,katG|p.Ser315Thr,inhA,c.-779G>T,katG,p.Ser315Thr,within_class,86.3282208588957,4.4161165617616095e-37,lineage2,97.2,97.73295454545456,5.337236187644689e-31,confirmed_within_lineage
rpoB|p.Asp435Val,rrs|n.1401A>G,rpoB,p.Asp435Val,rrs,n.1401A>G,cross_class,13.703642566303513,4.840965507193605e-37,lineage2,82.4,423.1111111111111,1.3778560124786405e-52,confirmed_within_lineage
gid|p.Ala134Glu,pncA|p.His71Tyr,gid,p.Ala134Glu,pncA,p.His71Tyr,cross_class,inf,6.253376695214279e-37,lineage4,100.0,inf,1.0312956073224116e-33,confirmed_within_lineage
pncA|p.Cys14Arg,tlyA|c.585_588delTGGG,pncA,p.Cys14Arg,tlyA,c.585_588delTGGG,cross_class,837.1333333333333,8.765382582947442e-37,lineage2,100.0,136.0,8.582881523264892e-17,confirmed_within_lineage
inhA|c.-779G>T,tlyA|c.585_588delTGGG,inhA,c.-779G>T,tlyA,c.585_588delTGGG,cross_class,inf,9.778876247642812e-37,lineage2,100.0,inf,4.648212595508215e-16,confirmed_within_lineage
pncA|p.Tyr34Asp,rpsL|p.Lys43Arg,pncA,p.Tyr34Asp,rpsL,p.Lys43Arg,cross_class,539.188679245283,3.103845976079993e-36,lineage4,100.0,497.79487179487177,1.6491917984309582e-34,confirmed_within_lineage
pncA|p.Leu151Ser,rpoB|p.Asp435Val,pncA,p.Leu151Ser,rpoB,p.Asp435Val,cross_class,307.5164835164835,8.459927978896105e-36,lineage4,97.0,1286.4,5.371311788810628e-47,confirmed_within_lineage
embB|p.Met306Ile,rpoB|p.Ser450Leu,embB,p.Met306Ile,rpoB,p.Ser450Leu,cross_class,5.831835611626613,3.732602488500807e-35,lineage2,58.6,3.888441633122484,1.6097395680902358e-07,confirmed_within_lineage
gyrA|p.Ser91Pro,rrs|n.514A>C,gyrA,p.Ser91Pro,rrs,n.514A>C,cross_class,40.908396946564885,1.8658985207073422e-34,lineage2,100.0,76.01694915254237,1.5431181829501147e-14,confirmed_within_lineage
inhA|c.-154G>A,rrs|n.517C>T,inhA,c.-154G>A,rrs,n.517C>T,cross_class,111.2938596491228,8.641334796091316e-34,lineage1,89.7,20.8,0.0040745494897801,confirmed_within_lineage
gyrA|p.Ser91Pro,inhA|c.-779G>T,gyrA,p.Ser91Pro,inhA,c.-779G>T,cross_class,45.56728778467909,1.1258750963547177e-33,lineage2,100.0,18.244318181818183,2.4250856062854248e-14,confirmed_within_lineage
katG|p.Ser315Thr,pncA|p.Cys14Arg,katG,p.Ser315Thr,pncA,p.Cys14Arg,cross_class,inf,2.0175422145141866e-33,lineage2,97.8,inf,2.599643732218542e-27,confirmed_within_lineage
katG|p.Ser315Thr,rpsL|p.Lys43Arg,katG,p.Ser315Thr,rpsL,p.Lys43Arg,cross_class,12.810725552050473,9.83008436560543e-31,lineage4,88.7,97.95620437956204,6.5192318809130546e-40,confirmed_within_lineage
pncA|c.375_389delCGATGAGGTCGATGT,rrs|n.517C>T,pncA,c.375_389delCGATGAGGTCGATGT,rrs,n.517C>T,cross_class,inf,1.2752808126321271e-30,lineage1,100.0,inf,0.0056397456212817,confirmed_within_lineage
katG|p.Ser315Thr,rpoB|p.Asp435Val,katG,p.Ser315Thr,rpoB,p.Asp435Val,cross_class,16.770824524312896,1.7245679976953455e-30,lineage2,61.9,32.01101928374656,1.0481077314449048e-16,confirmed_within_lineage
gid|p.Ala134Glu,rpoB|p.His445Tyr,gid,p.Ala134Glu,rpoB,p.His445Tyr,cross_class,1537.2727272727273,2.6764688128090624e-30,lineage4,100.0,1545.3333333333333,2.564541728892857e-29,confirmed_within_lineage
gyrA|p.Asp94Gly,rpoB|p.Ser450Leu,gyrA,p.Asp94Gly,rpoB,p.Ser450Leu,cross_class,7.684046565010657,6.62669859301234e-30,lineage4,59.0,12.021786492374728,4.811720759684934e-24,confirmed_within_lineage
embB|p.Gln497Arg,inhA|c.-777C>T,embB,p.Gln497Arg,inhA,c.-777C>T,cross_class,22.27167801124593,1.0142151896939905e-29,lineage4,97.8,57.22159090909091,6.443778960507246e-36,confirmed_within_lineage
inhA|c.-779G>T,rrs|n.1401A>G,inhA,c.-779G>T,rrs,n.1401A>G,cross_class,11.934959349593496,1.60137636383009e-29,lineage2,97.2,32.0,1.3277227668139576e-30,confirmed_within_lineage
embB|p.Met306Ile,embB|p.Met306Val,embB,p.Met306Ile,embB,p.Met306Val,within_class,0.0,2.830218003776449e-29,,,,,target_lineage_not_analysed
ethA|c.869dupA,inhA|c.-777C>T,ethA,c.869dupA,inhA,c.-777C>T,within_class,inf,4.766854097603016e-28,lineage4,100.0,inf,1.9677065952914028e-26,confirmed_within_lineage
inhA|c.-777C>T,pncA|p.Arg154Gly,inhA,c.-777C>T,pncA,p.Arg154Gly,cross_class,inf,4.766854097603016e-28,lineage4,100.0,inf,1.9677065952914028e-26,confirmed_within_lineage
rpoB|p.Ser450Leu,rpsL|p.Lys88Arg,rpoB,p.Ser450Leu,rpsL,p.Lys88Arg,cross_class,41.24258760107816,6.7133540031699195e-28,lineage4,87.3,240.0,6.028179654919878e-32,confirmed_within_lineage
inhA|c.-777C>T,rpoB|p.Ser450Leu,inhA,c.-777C>T,rpoB,p.Ser450Leu,cross_class,7.244429882044561,3.56311654039484e-27,lineage4,81.8,10.541396103896105,3.525759736303716e-29,confirmed_within_lineage
rrs|n.514A>C,tlyA|c.585_588delTGGG,rrs,n.514A>C,tlyA,c.585_588delTGGG,cross_class,322.1351351351352,4.3515529373305365e-27,lineage2,100.0,41.888888888888886,5.369776781607058e-08,confirmed_within_lineage
embB|p.Gln497Arg,pncA|c.375_389delCGATGAGGTCGATGT,embB,p.Gln497Arg,pncA,c.375_389delCGATGAGGTCGATGT,cross_class,inf,7.999847518236109e-27,lineage1,100.0,inf,8.220760700216587e-15,confirmed_within_lineage
rpoB|p.His445Leu,rrs|n.517C>T,rpoB,p.His445Leu,rrs,n.517C>T,cross_class,213.8181818181818,5.28785839893287e-26,lineage1,100.0,inf,0.0056397456212817,confirmed_within_lineage
embB|p.Gln497Lys,katG|p.Ser315Thr,embB,p.Gln497Lys,katG,p.Ser315Thr,cross_class,42.31462333825701,7.221165478553379e-26,lineage2,100.0,123.7090909090909,2.944608429484383e-23,confirmed_within_lineage
pncA|p.His71Tyr,rpoB|p.His445Tyr,pncA,p.His71Tyr,rpoB,p.His445Tyr,cross_class,153.24675324675326,1.0581785481625396e-25,lineage4,100.0,157.14285714285714,9.93246209092296e-25,confirmed_within_lineage
katG|p.Ser315Thr,rpoB|p.Ser450Leu,katG,p.Ser315Thr,rpoB,p.Ser450Leu,cross_class,3.489128630705394,1.0921502173862585e-25,lineage4,59.4,3.50753007085187,1.5127336997764429e-15,confirmed_within_lineage
inhA|c.-777C>T,rrs|n.878G>A,inhA,c.-777C>T,rrs,n.878G>A,cross_class,335.7829457364341,1.5047859455157738e-25,lineage4,100.0,296.5050505050505,5.2802714580953496e-24,confirmed_within_lineage
rpoB|p.Leu452Pro,rpoB|p.Ser450Leu,rpoB,p.Leu452Pro,rpoB,p.Ser450Leu,within_class,0.0223813960711235,4.123140035280639e-25,lineage4,50.0,0.0136044880785413,6.713642319539703e-21,confirmed_within_lineage
katG|p.Ser315Thr,pncA|c.517dupG,katG,p.Ser315Thr,pncA,c.517dupG,cross_class,109.85880640465793,1.6341413254934711e-24,lineage2,98.6,inf,8.387435341879479e-21,confirmed_within_lineage
embB|p.Met306Ile,gyrA|p.Ser91Pro,embB,p.Met306Ile,gyrA,p.Ser91Pro,cross_class,21.03961584633853,1.9914556972633166e-24,lineage2,100.0,73.98333333333333,2.7876617621144177e-14,confirmed_within_lineage
pncA|c.456dupC,rpoB|p.Ser450Leu,pncA,c.456dupC,rpoB,p.Ser450Leu,cross_class,0.0126457158205748,1.7267283408351626e-23,lineage4,100.0,0.0144903520400648,7.452989429898196e-20,confirmed_within_lineage
embB|p.Met306Ile,tlyA|c.585_588delTGGG,embB,p.Met306Ile,tlyA,c.585_588delTGGG,cross_class,inf,4.623924019743289e-23,lineage2,100.0,inf,2.0657113075164954e-09,confirmed_within_lineage
embB|p.Gln497Arg,rpoB|p.His445Leu,embB,p.Gln497Arg,rpoB,p.His445Leu,cross_class,122.10526315789474,3.237658691914316e-22,lineage1,100.0,inf,8.220760700216587e-15,confirmed_within_lineage
gid|c.107delT,pncA|p.Trp68Cys,gid,c.107delT,pncA,p.Trp68Cys,cross_class,inf,4.8054242167687374e-21,lineage3,100.0,inf,8.064029193540414e-11,confirmed_within_lineage
pncA|p.Tyr34Asp,rpoB|p.Ser450Leu,pncA,p.Tyr34Asp,rpoB,p.Ser450Leu,cross_class,inf,7.641165680250183e-21,lineage4,100.0,inf,9.951873824743017e-24,confirmed_within_lineage
rpoB|p.Ser450Leu,rpsL|p.Lys43Arg,rpoB,p.Ser450Leu,rpsL,p.Lys43Arg,cross_class,6.077579312183418,1.255723319180083e-20,lineage4,78.8,7.861660561660561,1.9886468821324245e-20,confirmed_within_lineage
gid|p.Ala134Glu,inhA|c.-777C>T,gid,p.Ala134Glu,inhA,c.-777C>T,cross_class,inf,3.3904515875954364e-20,lineage4,100.0,inf,5.761300223655645e-19,confirmed_within_lineage
rpoB|p.Asp435Gly,rpoB|p.Ser450Leu,rpoB,p.Asp435Gly,rpoB,p.Ser450Leu,within_class,0.0148444718201416,6.368170662096351e-20,lineage4,100.0,0.0174304488820617,2.3075208687914613e-16,confirmed_within_lineage
rpoB|p.Ser450Leu,rrs|n.514A>C,rpoB,p.Ser450Leu,rrs,n.514A>C,cross_class,4.85,3.38414921694514e-19,lineage2,93.8,3.843607305936073,1.7163047308594505e-07,confirmed_within_lineage
inhA|c.-770T>A,pncA|p.Gly132Ala,inhA,c.-770T>A,pncA,p.Gly132Ala,cross_class,inf,6.50234884614642e-19,lineage4,100.0,inf,4.514191202569159e-15,confirmed_within_lineage
mmpR5|p.Met146Thr,pncA|p.His51Asp,mmpR5,p.Met146Thr,pncA,p.His51Asp,cross_class,inf,8.141385975402177e-19,lineage4,100.0,inf,1.5078035025724248e-17,confirmed_within_lineage
embB|p.Gln497Lys,inhA|c.-779G>T,embB,p.Gln497Lys,inhA,c.-779G>T,cross_class,14.347450980392155,1.3787755116496164e-18,lineage2,100.0,1.92687074829932,0.4702237824557289,not_significant_within_lineage
embB|p.Met306Ile,pncA|p.Arg154Gly,embB,p.Met306Ile,pncA,p.Arg154Gly,cross_class,154.89147286821705,2.2935073932815023e-18,lineage4,100.0,383.3333333333333,2.6753611334013917e-26,confirmed_within_lineage
embB|p.Met306Ile,ethA|c.869dupA,embB,p.Met306Ile,ethA,c.869dupA,cross_class,154.89147286821705,2.2935073932815023e-18,lineage4,100.0,383.3333333333333,2.6753611334013917e-26,confirmed_within_lineage
pncA|p.Gly97Asp,rpoB|p.Ser450Leu,pncA,p.Gly97Asp,rpoB,p.Ser450Leu,cross_class,inf,2.971128725822651e-18,lineage1,83.9,inf,9.207251984242581e-14,confirmed_within_lineage
gyrA|p.Asp94Gly,inhA|c.-777C>T,gyrA,p.Asp94Gly,inhA,c.-777C>T,cross_class,7.145984112974404,8.923245583621398e-18,lineage4,84.6,13.097393689986282,2.1338909236957025e-21,confirmed_within_lineage
inhA|c.-779G>T,pncA|p.Cys14Arg,inhA,c.-779G>T,pncA,p.Cys14Arg,cross_class,13.027142857142858,1.1561680019480801e-17,lineage2,100.0,1.7060185185185186,0.8654510292425999,not_significant_within_lineage
rrs|n.1401A>G,rrs|n.514A>C,rrs,n.1401A>G,rrs,n.514A>C,cross_class,4.875682231655549,1.626724947952441e-17,lineage2,95.0,17.944444444444443,1.6983133467637618e-19,confirmed_within_lineage
pncA|p.Gly132Ala,rpoB|p.Ile491Phe,pncA,p.Gly132Ala,rpoB,p.Ile491Phe,cross_class,131.625,1.0285940472076521e-16,lineage4,100.0,95.8060606060606,6.424267030250249e-15,confirmed_within_lineage
gyrA|p.Ser91Pro,katG|p.Ser315Thr,gyrA,p.Ser91Pro,katG,p.Ser315Thr,cross_class,28.75748930099857,1.044263016754072e-16,lineage2,78.9,25.73630136986301,1.8820175180714902e-09,confirmed_within_lineage
embB|p.Met306Ile,gyrA|p.Asp94Gly,embB,p.Met306Ile,gyrA,p.Asp94Gly,cross_class,5.141202763104429,1.207884919790619e-16,lineage2,57.1,2.9239766081871346,0.0174123284339973,confirmed_within_lineage
pncA|p.Ser59Pro,rpsL|p.Lys43Arg,pncA,p.Ser59Pro,rpsL,p.Lys43Arg,cross_class,123.9344262295082,1.22540021658641e-16,lineage4,100.0,109.24468085106383,1.3438426647090956e-15,confirmed_within_lineage
embB|p.Met306Ile,rrs|n.878G>A,embB,p.Met306Ile,rrs,n.878G>A,cross_class,74.13127413127413,1.6455079798358723e-16,lineage4,100.0,181.8037974683544,4.7783012866161585e-24,confirmed_within_lineage
pncA|p.Arg154Gly,rpoB|p.Ser450Leu,pncA,p.Arg154Gly,rpoB,p.Ser450Leu,cross_class,inf,1.1287465435760077e-15,lineage4,100.0,inf,8.436274109220149e-18,confirmed_within_lineage
ethA|c.869dupA,rpoB|p.Ser450Leu,ethA,c.869dupA,rpoB,p.Ser450Leu,cross_class,inf,1.1287465435760077e-15,lineage4,100.0,inf,8.436274109220149e-18,confirmed_within_lineage
embB|p.Gln497Arg,rpoB|p.Ser450Leu,embB,p.Gln497Arg,rpoB,p.Ser450Leu,cross_class,8.122877569258266,1.2395091304591228e-15,lineage4,98.1,66.12182741116752,1.959104911080586e-31,confirmed_within_lineage
rpoB|p.Ser450Leu,tlyA|c.585_588delTGGG,rpoB,p.Ser450Leu,tlyA,c.585_588delTGGG,cross_class,101.90176322418137,1.2909540886209116e-15,lineage2,100.0,58.0,3.659197884529459e-10,confirmed_within_lineage
inhA|c.-777C>T,pncA|p.His71Tyr,inhA,c.-777C>T,pncA,p.His71Tyr,cross_class,30.472848788638263,1.6317736581489018e-15,lineage4,100.0,26.604099244875943,3.1728800533222845e-14,confirmed_within_lineage
embB|p.Met306Ile,pncA|c.456dupC,embB,p.Met306Ile,pncA,c.456dupC,cross_class,0.0,1.874932134089522e-15,,,,,target_lineage_not_analysed
pncA|p.His51Asp,rpoB|p.Ile491Phe,pncA,p.His51Asp,rpoB,p.Ile491Phe,cross_class,inf,3.8116067265983515e-15,lineage4,100.0,inf,7.110011321775519e-14,confirmed_within_lineage
gyrA|p.Asp94Ala,pncA|p.Tyr34Asp,gyrA,p.Asp94Ala,pncA,p.Tyr34Asp,cross_class,87.40530303030303,4.0293728010349284e-15,lineage4,100.0,102.3961038961039,7.819475794265587e-15,confirmed_within_lineage
embB|p.Met306Val,pncA|p.Gly132Ala,embB,p.Met306Val,pncA,p.Gly132Ala,cross_class,inf,4.104573666836484e-15,lineage4,100.0,inf,8.410209729379319e-13,confirmed_within_lineage
embB|p.Met306Val,pncA|p.Gly97Asp,embB,p.Met306Val,pncA,p.Gly97Asp,cross_class,38.83957732949087,1.4101093267171143e-14,lineage1,89.3,437.5,2.2031638676580453e-12,confirmed_within_lineage
rpoB|p.Ser450Leu,rrs|n.1401A>G,rpoB,p.Ser450Leu,rrs,n.1401A>G,cross_class,0.2023682097939523,1.5924940510233637e-14,lineage4,50.0,0.1641697402943077,2.3406187083581976e-10,confirmed_within_lineage
embB|p.Gln497Arg,rrs|n.517C>T,embB,p.Gln497Arg,rrs,n.517C>T,cross_class,20.07421875,2.038759079741765e-14,lineage1,95.2,inf,0.0056397456212817,confirmed_within_lineage
gyrA|p.Ser91Pro,rpoB|p.Ser450Leu,gyrA,p.Ser91Pro,rpoB,p.Ser450Leu,cross_class,9.934554973821989,2.115980788370404e-14,lineage2,93.2,14.991496598639456,2.721459151301652e-11,confirmed_within_lineage
gyrA|p.Asp94His,pncA|c.517dupG,gyrA,p.Asp94His,pncA,c.517dupG,cross_class,70.16091954022988,4.2890294809360174e-14,lineage2,92.9,inf,2.450211222959605e-08,confirmed_within_lineage
rpoB|p.Ser450Leu,rrs|n.878G>A,rpoB,p.Ser450Leu,rrs,n.878G>A,cross_class,90.675,9.69839398599187e-14,lineage4,100.0,117.17488789237667,9.88181905610322e-16,confirmed_within_lineage
mmpR5|p.Met146Thr,rpoB|p.Ile491Phe,mmpR5,p.Met146Thr,rpoB,p.Ile491Phe,cross_class,inf,3.071363984563525e-13,lineage4,100.0,inf,4.049985337967909e-12,confirmed_within_lineage
embB|p.Met306Ile,rpoB|p.Asp435Gly,embB,p.Met306Ile,rpoB,p.Asp435Gly,cross_class,0.0,3.0715768398387065e-13,,,,,target_lineage_not_analysed
rpoB|p.Asp435Val,rpoB|p.Ser450Leu,rpoB,p.Asp435Val,rpoB,p.Ser450Leu,within_class,0.0,4.1032117742764513e-13,,,,,target_lineage_not_analysed
gyrA|p.Asp94Gly,rpsL|p.Lys88Arg,gyrA,p.Asp94Gly,rpsL,p.Lys88Arg,cross_class,10.630597014925373,7.429247821788658e-13,lineage4,89.3,18.58723958333333,2.3924431140564124e-15,confirmed_within_lineage
mmpR5|c.138_139delTG,pncA|c.375_389delCGATGAGGTCGATGT,mmpR5,c.138_139delTG,pncA,c.375_389delCGATGAGGTCGATGT,cross_class,inf,1.2220332440624702e-12,lineage1,100.0,inf,0.0016472656722188,confirmed_within_lineage
embB|p.Met306Val,pncA|p.Ser59Pro,embB,p.Met306Val,pncA,p.Ser59Pro,cross_class,inf,2.523946583064968e-12,lineage4,100.0,inf,2.051707352872388e-10,confirmed_within_lineage
gyrA|p.Asp94His,rpoB|p.Asp435Val,gyrA,p.Asp94His,rpoB,p.Asp435Val,cross_class,46.59633027522936,3.2135815703204998e-12,lineage2,86.7,inf,4.1964177066586045e-08,confirmed_within_lineage
gyrA|p.Gly88Ala,mmpR5|c.138_139delTG,gyrA,p.Gly88Ala,mmpR5,c.138_139delTG,cross_class,2716.5,5.812590862446265e-12,lineage1,100.0,inf,2.8009572551515206e-06,confirmed_within_lineage
katG|p.Ser315Thr,pncA|p.Tyr34Asp,katG,p.Ser315Thr,pncA,p.Tyr34Asp,cross_class,inf,5.812590862446265e-12,lineage4,100.0,inf,4.176846596041959e-12,confirmed_within_lineage
katG|p.Ser315Thr,pncA|p.Leu151Ser,katG,p.Ser315Thr,pncA,p.Leu151Ser,cross_class,inf,5.812590862446265e-12,lineage4,97.1,inf,1.0345964594861898e-11,confirmed_within_lineage
mmpR5|c.138_139delTG,rpoB|p.His445Leu,mmpR5,c.138_139delTG,rpoB,p.His445Leu,cross_class,inf,7.262062343953751e-12,lineage1,100.0,inf,0.0016472656722188,confirmed_within_lineage
gyrA|p.Asp94Gly,katG|p.Ser315Thr,gyrA,p.Asp94Gly,katG,p.Ser315Thr,cross_class,3.629014396456257,9.326601537657142e-12,lineage4,51.3,2.8407998327875705,0.0003611353996163,confirmed_within_lineage
gyrA|p.Asp94His,inhA|c.-779G>T,gyrA,p.Asp94His,inhA,c.-779G>T,cross_class,42.39716312056738,1.6145611144773422e-11,lineage2,92.9,inf,5.605542725707579e-06,confirmed_within_lineage
pncA|p.Ser59Pro,rpoB|p.Ser450Leu,pncA,p.Ser59Pro,rpoB,p.Ser450Leu,cross_class,inf,3.25520785188756e-11,lineage4,100.0,inf,9.848264480557373e-13,confirmed_within_lineage
embB|p.Met306Ile,rpoB|p.Leu452Pro,embB,p.Met306Ile,rpoB,p.Leu452Pro,cross_class,0.0969235364396654,4.287586306739689e-11,lineage1,60.0,inf,0.0012887227868408,confirmed_within_lineage
inhA|c.-770T>A,rrs|n.514A>C,inhA,c.-770T>A,rrs,n.514A>C,cross_class,0.0,8.431459403057149e-11,,,,,target_lineage_not_analysed
rpoB|p.Asp435Val,rpsL|p.Lys43Arg,rpoB,p.Asp435Val,rpsL,p.Lys43Arg,cross_class,5.966292134831461,1.0394543559946819e-10,lineage4,97.1,37.88954635108481,2.3739028051437923e-25,confirmed_within_lineage
embB|p.Met306Val,rpsL|p.Lys43Arg,embB,p.Met306Val,rpsL,p.Lys43Arg,cross_class,3.835698924731183,1.3317939695785934e-10,lineage4,81.5,2.890487209956845,3.9419410539119007e-05,confirmed_within_lineage
gyrA|p.Asp94Ala,rpsL|p.Lys43Arg,gyrA,p.Asp94Ala,rpsL,p.Lys43Arg,cross_class,23.98566308243728,1.3555268416638662e-10,lineage4,100.0,47.458333333333336,4.049985337967909e-12,confirmed_within_lineage
embB|p.Gly406Cys,pncA|p.His71Tyr,embB,p.Gly406Cys,pncA,p.His71Tyr,cross_class,522.0833333333334,2.9565026362638046e-10,lineage4,100.0,356.7083333333333,3.7015624883731685e-09,confirmed_within_lineage
inhA|c.-154G>A,rpoB|p.Ser450Leu,inhA,c.-154G>A,rpoB,p.Ser450Leu,cross_class,8.56195335276968,3.7899909946204284e-10,lineage1,76.5,442.0,1.963799015558045e-12,confirmed_within_lineage
fbiC|c.1913_1914dupTC,pncA|p.Asp12Ala,fbiC,c.1913_1914dupTC,pncA,p.Asp12Ala,cross_class,inf,4.0092394992625485e-10,lineage4,100.0,inf,1.720631406997575e-09,confirmed_within_lineage
gyrA|p.Asp94His,rrs|n.514A>C,gyrA,p.Asp94His,rrs,n.514A>C,cross_class,30.37037037037037,6.793031370660303e-10,lineage2,86.7,inf,0.0018208638032466,confirmed_within_lineage
gyrA|p.Asp94Gly,mmpR5|c.424dupC,gyrA,p.Asp94Gly,mmpR5,c.424dupC,cross_class,48.19015659955257,1.1042312455528448e-09,lineage2,100.0,84.78260869565217,2.5136348508701624e-08,confirmed_within_lineage
katG|p.Ser315Thr,rpoB|p.Ile491Phe,katG,p.Ser315Thr,rpoB,p.Ile491Phe,cross_class,inf,1.1789271249721282e-09,lineage4,96.6,inf,2.309609184140122e-09,confirmed_within_lineage
inhA|c.-777C>T,rpoB|p.His445Tyr,inhA,c.-777C>T,rpoB,p.His445Tyr,cross_class,11.611992945326278,1.2299780814283063e-09,lineage4,100.0,15.183673469387756,1.7193435636425754e-10,confirmed_within_lineage
mmpR5|c.138_139delTG,rrs|n.517C>T,mmpR5,c.138_139delTG,rrs,n.517C>T,cross_class,inf,2.095812338598181e-09,lineage1,100.0,inf,0.8442961293352201,not_significant_within_lineage
embB|p.Met306Val,inhA|c.-779G>T,embB,p.Met306Val,inhA,c.-779G>T,cross_class,0.0,2.533693926134187e-09,,,,,target_lineage_not_analysed
ethA|c.869dupA,katG|p.Ser315Thr,ethA,c.869dupA,katG,p.Ser315Thr,cross_class,inf,6.8960928019740905e-09,lineage4,100.0,inf,5.439122246562251e-09,confirmed_within_lineage
katG|p.Ser315Thr,pncA|p.Arg154Gly,katG,p.Ser315Thr,pncA,p.Arg154Gly,cross_class,inf,6.8960928019740905e-09,lineage4,100.0,inf,5.439122246562251e-09,confirmed_within_lineage
embB|p.Met306Ile,inhA|c.-770T>A,embB,p.Met306Ile,inhA,c.-770T>A,cross_class,0.1662234998203377,7.124548594828498e-09,lineage4,100.0,0.3362596213854795,0.0486383065511776,confirmed_within_lineage
embB|p.Met306Ile,rrs|n.1401A>G,embB,p.Met306Ile,rrs,n.1401A>G,cross_class,2.723083243934172,7.483640073224465e-09,lineage2,83.5,17.358024691358025,4.0196958835766976e-19,confirmed_within_lineage
katG|p.Ser315Thr,pncA|p.His71Tyr,katG,p.Ser315Thr,pncA,p.His71Tyr,cross_class,43.80494505494506,8.582814193892929e-09,lineage4,100.0,44.78615071283096,6.624913698869515e-09,confirmed_within_lineage
pncA|p.His51Asp,rpsL|p.Lys43Arg,pncA,p.His51Asp,rpsL,p.Lys43Arg,cross_class,inf,1.2474781861420191e-08,lineage4,100.0,inf,4.024562655426111e-08,confirmed_within_lineage
pncA|c.456dupC,rrs|n.514A>C,pncA,c.456dupC,rrs,n.514A>C,cross_class,0.0,1.2885926992668371e-08,,,,,target_lineage_not_analysed
embB|p.Met306Val,pncA|p.Tyr34Asp,embB,p.Met306Val,pncA,p.Tyr34Asp,cross_class,10.264285714285714,1.3872899934006258e-08,lineage4,100.0,7.70066889632107,1.6345391301718975e-06,confirmed_within_lineage
inhA|c.-770T>A,rpoB|p.Ser450Leu,inhA,c.-770T>A,rpoB,p.Ser450Leu,cross_class,0.2762855985963018,1.4572867350908596e-08,lineage4,100.0,0.3266005109786352,9.773841169517053e-06,confirmed_within_lineage
katG|p.Ser315Thr,tlyA|c.585_588delTGGG,katG,p.Ser315Thr,tlyA,c.585_588delTGGG,cross_class,42.286694101508914,1.9835243259550536e-08,lineage2,100.0,30.074074074074076,6.93668172519156e-06,confirmed_within_lineage
rpoB|p.Leu452Pro,rrs|n.514A>C,rpoB,p.Leu452Pro,rrs,n.514A>C,cross_class,0.0326238822652757,2.3513134845390868e-08,lineage2,100.0,0.1274710293115201,0.5821129707112971,not_significant_within_lineage
gyrA|p.Gly88Ala,pncA|c.375_389delCGATGAGGTCGATGT,gyrA,p.Gly88Ala,pncA,c.375_389delCGATGAGGTCGATGT,cross_class,192.64285714285717,2.5858296974428543e-08,lineage1,100.0,inf,0.0056397456212817,confirmed_within_lineage
embB|p.Gln497Lys,mmpR5|c.424dupC,embB,p.Gln497Lys,mmpR5,c.424dupC,cross_class,39.009009009009006,2.6569619229157892e-08,lineage2,100.0,9.51388888888889,0.006435928692471,confirmed_within_lineage
embB|p.Met306Val,inhA|c.-154G>A,embB,p.Met306Val,inhA,c.-154G>A,cross_class,6.903381642512077,2.818562745460236e-08,lineage1,83.3,212.5,2.4673724510813582e-11,confirmed_within_lineage
inhA|c.-154G>A,katG|p.Ser315Thr,inhA,c.-154G>A,katG,p.Ser315Thr,within_class,0.0285842772421934,2.8209461884601968e-08,lineage4,100.0,0.1263986013986014,0.5668534302975826,not_significant_within_lineage
embB|p.Gln497Arg,mmpR5|c.138_139delTG,embB,p.Gln497Arg,mmpR5,c.138_139delTG,cross_class,inf,2.955667294292986e-08,lineage1,100.0,inf,0.0016472656722188,confirmed_within_lineage
gyrA|p.Asp94Asn,katG|p.Ser315Thr,gyrA,p.Asp94Asn,katG,p.Ser315Thr,cross_class,11.178333333333333,3.444807213874164e-08,lineage4,71.1,13.317813765182189,3.788419113662107e-06,confirmed_within_lineage
mmpR5|c.424dupC,pncA|p.Cys14Arg,mmpR5,c.424dupC,pncA,p.Cys14Arg,cross_class,36.43459915611815,4.6828375258143446e-08,lineage2,100.0,8.733766233766234,0.0109272538821703,confirmed_within_lineage
mmpR5|c.144dupC,rpoB|p.Ser450Leu,mmpR5,c.144dupC,rpoB,p.Ser450Leu,cross_class,5.160586835844568,5.2792057570137283e-08,lineage4,71.1,12.113513513513514,3.069295276525102e-10,confirmed_within_lineage
embB|p.Met306Val,rrs|n.514A>C,embB,p.Met306Val,rrs,n.514A>C,cross_class,0.1648420747142189,7.699051231482132e-08,lineage2,62.5,0.3109713487071978,0.4689478592602744,not_significant_within_lineage
inhA|c.-770T>A,inhA|c.-777C>T,inhA,c.-770T>A,inhA,c.-777C>T,within_class,0.0349803453251729,7.913636237847183e-08,lineage4,100.0,0.0268508219008775,3.3872712600448765e-10,confirmed_within_lineage
katG|p.Ser315Thr,pncA|p.Gly132Ala,katG,p.Ser315Thr,pncA,p.Gly132Ala,cross_class,inf,9.050500425511894e-08,lineage4,100.0,inf,7.364451910253426e-08,confirmed_within_lineage
gyrA|p.Gly88Ala,rpoB|p.His445Leu,gyrA,p.Gly88Ala,rpoB,p.His445Leu,cross_class,141.55263157894737,1.100348255581925e-07,lineage1,100.0,inf,0.0056397456212817,confirmed_within_lineage
mmpR5|p.Met146Thr,rpsL|p.Lys43Arg,mmpR5,p.Met146Thr,rpsL,p.Lys43Arg,cross_class,inf,1.5475370464925917e-07,lineage4,100.0,inf,4.432889861712174e-07,confirmed_within_lineage
embB|p.Met306Val,pncA|p.Cys14Arg,embB,p.Met306Val,pncA,p.Cys14Arg,cross_class,0.0,1.7115200381620567e-07,,,,,target_lineage_not_analysed
rpoB|p.Asp435Gly,rrs|n.514A>C,rpoB,p.Asp435Gly,rrs,n.514A>C,cross_class,0.0,2.1452460262418438e-07,,,,,target_lineage_not_analysed
katG|p.Ser315Thr,rrs|n.878G>A,katG,p.Ser315Thr,rrs,n.878G>A,cross_class,37.756830601092894,2.3935943933575864e-07,lineage4,100.0,38.5010101010101,1.9276518950357762e-07,confirmed_within_lineage
embB|p.Gly406Ala,katG|p.Ser315Thr,embB,p.Gly406Ala,katG,p.Ser315Thr,cross_class,37.756830601092894,2.3935943933575864e-07,lineage4,100.0,inf,1.2829186220149e-08,confirmed_within_lineage
embB|p.Gln497Arg,gyrA|p.Asp94Gly,embB,p.Gln497Arg,gyrA,p.Asp94Gly,cross_class,5.642897248736665,2.816763236746082e-07,lineage4,96.0,13.084615384615384,1.7737642864778313e-12,confirmed_within_lineage
embB|p.Met306Leu,pncA|p.Leu151Ser,embB,p.Met306Leu,pncA,p.Leu151Ser,cross_class,123.03448275862068,3.865565874807961e-07,lineage4,100.0,261.42857142857144,2.427332975408899e-07,confirmed_within_lineage
mmpR5|c.424dupC,rpoB|p.Ser450Leu,mmpR5,c.424dupC,rpoB,p.Ser450Leu,cross_class,50.91240875912409,5.252216398308436e-07,lineage2,86.7,22.6984126984127,0.0018189502625126,confirmed_within_lineage
ethA|c.860delA,pncA|p.Thr135Pro,ethA,c.860delA,pncA,p.Thr135Pro,cross_class,inf,5.856917257096266e-07,lineage4,100.0,inf,1.6111471967976958e-06,confirmed_within_lineage
embB|p.Met306Ile,gyrA|p.Asp94His,embB,p.Met306Ile,gyrA,p.Asp94His,cross_class,17.096654275092938,6.075090816440571e-07,lineage2,86.7,inf,0.0021196050749238,confirmed_within_lineage
pncA|c.517dupG,rpoB|p.Ser450Leu,pncA,c.517dupG,rpoB,p.Ser450Leu,cross_class,0.0,7.038368533663831e-07,,,,,target_lineage_not_analysed
embB|p.Gln497Lys,embB|p.Met306Val,embB,p.Gln497Lys,embB,p.Met306Val,within_class,0.0,7.661968314178935e-07,,,,,target_lineage_not_analysed
inhA|c.-770T>A,rpsL|p.Lys43Arg,inhA,c.-770T>A,rpsL,p.Lys43Arg,cross_class,0.0391686650679456,7.716905791665442e-07,lineage4,100.0,0.030444237340789,1.1582390712270076e-08,confirmed_within_lineage
gyrA|p.Asp94Gly,mmpR5|c.144dupC,gyrA,p.Asp94Gly,mmpR5,c.144dupC,cross_class,6.053741496598639,8.414646399110835e-07,lineage4,72.7,11.950424005218526,6.156843595700337e-08,confirmed_within_lineage
embB|p.Met306Ile,pncA|p.Trp68Cys,embB,p.Met306Ile,pncA,p.Trp68Cys,cross_class,inf,1.0566758774906847e-06,lineage3,90.0,inf,2.6880097311801376e-10,confirmed_within_lineage
rpoB|p.Asp435Val,rpoB|p.Leu452Pro,rpoB,p.Asp435Val,rpoB,p.Leu452Pro,within_class,0.0,1.7990106287322524e-06,,,,,target_lineage_not_analysed
pncA|c.456dupC,rpsL|p.Lys43Arg,pncA,c.456dupC,rpsL,p.Lys43Arg,cross_class,0.0,2.123935971370465e-06,,,,,target_lineage_not_analysed
gid|c.475delA,rpoB|p.His445Asp,gid,c.475delA,rpoB,p.His445Asp,cross_class,inf,2.724149229566995e-06,lineage4,100.0,inf,4.432889861712174e-07,confirmed_within_lineage
gyrA|p.Asp94Tyr,pncA|p.Ala146Thr,gyrA,p.Asp94Tyr,pncA,p.Ala146Thr,cross_class,601.6666666666666,2.7710200773092413e-06,lineage4,50.0,276.22222222222223,0.0144183806234561,confirmed_within_lineage
embB|p.Gln497Arg,embB|p.Met306Val,embB,p.Gln497Arg,embB,p.Met306Val,within_class,0.0,2.8717036971023145e-06,,,,,target_lineage_not_analysed
gid|p.Ala134Glu,katG|p.Ser315Thr,gid,p.Ala134Glu,katG,p.Ser315Thr,cross_class,inf,2.8717036971023145e-06,lineage4,100.0,inf,2.3825245256833057e-06,confirmed_within_lineage
katG|p.Ser315Thr,pncA|c.375_389delCGATGAGGTCGATGT,katG,p.Ser315Thr,pncA,c.375_389delCGATGAGGTCGATGT,cross_class,inf,2.8717036971023145e-06,lineage1,100.0,inf,6.187344377022e-10,confirmed_within_lineage
gyrA|p.Asp94His,rrs|n.1401A>G,gyrA,p.Asp94His,rrs,n.1401A>G,cross_class,14.84158415841584,2.91657167436504e-06,lineage2,86.7,inf,3.0634820853163684e-07,confirmed_within_lineage
rpoB|p.Ser450Leu,rrs|n.517C>T,rpoB,p.Ser450Leu,rrs,n.517C>T,cross_class,4.901495972382048,3.617461891807835e-06,lineage1,83.9,9.75,0.014301409379066,confirmed_within_lineage
embB|p.Met306Val,rrs|n.517C>T,embB,p.Met306Val,rrs,n.517C>T,cross_class,4.969532755298651,3.7360943224054345e-06,lineage1,86.2,8.928571428571429,0.0288742875978646,confirmed_within_lineage
gyrA|p.Asp94Ala,rpoB|p.Ser450Leu,gyrA,p.Asp94Ala,rpoB,p.Ser450Leu,cross_class,10.814905814905815,4.204159970036308e-06,lineage4,94.7,39.11688311688312,3.046558823533685e-09,confirmed_within_lineage
rpoB|p.Leu452Pro,rpsL|p.Lys43Arg,rpoB,p.Leu452Pro,rpsL,p.Lys43Arg,cross_class,0.042398867791013,5.2148035221515404e-06,lineage2,100.0,1.4444444444444444,1.0,not_significant_within_lineage
gyrA|p.Asp94Asn,rpoB|p.Asp435Val,gyrA,p.Asp94Asn,rpoB,p.Asp435Val,cross_class,8.20773263433814,5.405041852718174e-06,lineage4,53.3,11.058275058275058,0.000656072051993,confirmed_within_lineage
inhA|c.-777C>T,pncA|c.456dupC,inhA,c.-777C>T,pncA,c.456dupC,cross_class,0.0429342347150566,5.474206338457495e-06,lineage4,100.0,0.0335469141257917,7.425201893797684e-08,confirmed_within_lineage
inhA|c.-777C>T,rpoB|p.Leu452Pro,inhA,c.-777C>T,rpoB,p.Leu452Pro,cross_class,0.0766023830657091,6.088503758813837e-06,lineage4,50.0,0.0315568022440392,1.5322507609787055e-08,confirmed_within_lineage
inhA|c.-770T>A,inhA|c.-779G>T,inhA,c.-770T>A,inhA,c.-779G>T,within_class,0.0,6.217815834501071e-06,,,,,target_lineage_not_analysed
embB|p.Met306Ile,gid|c.107delT,embB,p.Met306Ile,gid,c.107delT,cross_class,inf,6.388519812521687e-06,lineage3,100.0,inf,2.6880097311801376e-10,confirmed_within_lineage
embB|p.Met306Ile,pncA|p.His51Asp,embB,p.Met306Ile,pncA,p.His51Asp,cross_class,inf,6.388519812521687e-06,lineage4,100.0,inf,2.0319589657193945e-08,confirmed_within_lineage
gyrA|p.Asp94Gly,pncA|p.Cys14Arg,gyrA,p.Asp94Gly,pncA,p.Cys14Arg,cross_class,4.550638686131387,6.963511666145426e-06,lineage2,100.0,2.834440227703985,0.0369037038138377,confirmed_within_lineage
gyrA|p.Asp94Tyr,mmpR5|p.Leu32Ser,gyrA,p.Asp94Tyr,mmpR5,p.Leu32Ser,cross_class,300.6666666666667,7.66501349329253e-06,lineage4,100.0,354.85714285714283,5.823653270781855e-06,confirmed_within_lineage
katG|p.Ser315Thr,pncA|p.Gly97Asp,katG,p.Ser315Thr,pncA,p.Gly97Asp,cross_class,0.0,8.253407481278226e-06,,,,,target_lineage_not_analysed
embB|p.Met306Leu,mmpR5|c.165delA,embB,p.Met306Leu,mmpR5,c.165delA,cross_class,inf,1.0741215223081975e-05,lineage4,100.0,inf,1.233534572548236e-05,confirmed_within_lineage
gyrA|p.Gly88Ala,rrs|n.517C>T,gyrA,p.Gly88Ala,rrs,n.517C>T,cross_class,56.32978723404256,1.120431518349974e-05,lineage1,100.0,inf,0.8497796032859147,not_significant_within_lineage
pncA|c.456dupC,rpoB|p.Asp435Val,pncA,c.456dupC,rpoB,p.Asp435Val,cross_class,0.0,1.1817900227060916e-05,,,,,target_lineage_not_analysed
embB|p.Met306Val,pncA|c.517dupG,embB,p.Met306Val,pncA,c.517dupG,cross_class,0.0,1.2232071305874915e-05,,,,,target_lineage_not_analysed
pncA|p.Ser104Arg,rpsL|p.Lys43Arg,pncA,p.Ser104Arg,rpsL,p.Lys43Arg,cross_class,88.47368421052632,1.3000681607638255e-05,lineage2,85.7,99.9,4.266035680116998e-05,confirmed_within_lineage
rpoB|p.Asp435Gly,rpsL|p.Lys43Arg,rpoB,p.Asp435Gly,rpsL,p.Lys43Arg,cross_class,0.0,2.0524662803438285e-05,,,,,target_lineage_not_analysed
embB|p.Met306Ile,mmpR5|c.424dupC,embB,p.Met306Ile,mmpR5,c.424dupC,cross_class,16.919117647058822,2.1157148799983525e-05,lineage2,100.0,7.48051948051948,0.1548613254717125,not_significant_within_lineage
gyrA|p.Asp94Gly,rrs|n.514A>C,gyrA,p.Asp94Gly,rrs,n.514A>C,cross_class,3.213714285714285,2.1650465454708905e-05,lineage2,97.3,2.1154891304347827,0.2997393493687696,not_significant_within_lineage
inhA|c.-777C>T,rpoB|p.Val170Phe,inhA,c.-777C>T,rpoB,p.Val170Phe,cross_class,78.79729729729729,2.6234110962500293e-05,lineage4,71.4,47.04166666666666,0.0041924566943408,confirmed_within_lineage
inhA|c.-779G>T,rpoB|p.Leu452Pro,inhA,c.-779G>T,rpoB,p.Leu452Pro,cross_class,0.0,2.747495734369004e-05,,,,,target_lineage_not_analysed
gyrA|p.Asp94Gly,rpoB|p.Asp435Gly,gyrA,p.Asp94Gly,rpoB,p.Asp435Gly,cross_class,0.0477708042014893,3.3501674742865615e-05,lineage4,100.0,0.0587421837421837,0.0008711444175608,confirmed_within_lineage
mmpR5|c.424dupC,rrs|n.514A>C,mmpR5,c.424dupC,rrs,n.514A>C,cross_class,16.357285429141715,3.4409630658563345e-05,lineage2,100.0,3.116883116883117,1.0,not_significant_within_lineage
embB|p.Gly406Cys,gyrA|p.Asp94Gly,embB,p.Gly406Cys,gyrA,p.Asp94Gly,cross_class,74.92258064516129,3.520969492391407e-05,lineage4,100.0,99.45121951219512,6.5299112544798445e-06,confirmed_within_lineage
embB|p.Met306Ile,rpsL|p.Lys43Arg,embB,p.Met306Ile,rpsL,p.Lys43Arg,cross_class,2.859942743889011,3.8744785112375225e-05,lineage4,84.4,8.379606879606879,2.372741121199749e-14,confirmed_within_lineage
embB|p.Met306Ile,mmpR5|p.Met146Thr,embB,p.Met306Ile,mmpR5,p.Met146Thr,cross_class,inf,3.877218874439429e-05,lineage4,100.0,inf,2.427332975408899e-07,confirmed_within_lineage
gyrA|p.Asp94Tyr,rpoB|p.Asp435Tyr,gyrA,p.Asp94Tyr,rpoB,p.Asp435Tyr,cross_class,54.27272727272727,4.5452803581649286e-05,lineage3,40.0,inf,0.0046734874321081,confirmed_within_lineage
embB|p.Met306Leu,rpsL|p.Lys43Arg,embB,p.Met306Leu,rpsL,p.Lys43Arg,cross_class,44.21052631578947,5.198183541719061e-05,lineage4,85.7,64.64150943396227,0.0002981764292791,confirmed_within_lineage
embB|p.Gln497Arg,rrs|n.1401A>G,embB,p.Gln497Arg,rrs,n.1401A>G,cross_class,0.0,7.068920266143538e-05,,,,,target_lineage_not_analysed
mmpR5|c.430dupG,rpoB|p.Gln432Lys,mmpR5,c.430dupG,rpoB,p.Gln432Lys,cross_class,inf,7.084368993552459e-05,lineage2,50.0,inf,0.1081002331002331,not_significant_within_lineage
katG|c.18delA,pncA|c.393dupC,katG,c.18delA,pncA,c.393dupC,cross_class,inf,7.084368993552459e-05,lineage2,50.0,inf,0.1081002331002331,not_significant_within_lineage
embB|p.Tyr319Ser,katG|c.18delA,embB,p.Tyr319Ser,katG,c.18delA,cross_class,inf,7.084368993552459e-05,lineage2,50.0,inf,0.1081002331002331,not_significant_within_lineage
embB|p.Tyr319Ser,pncA|c.393dupC,embB,p.Tyr319Ser,pncA,c.393dupC,cross_class,inf,7.084368993552459e-05,lineage2,50.0,inf,0.1081002331002331,not_significant_within_lineage
katG|p.Ser315Thr,pncA|p.Ser59Pro,katG,p.Ser315Thr,pncA,p.Ser59Pro,cross_class,27.33017591339648,7.253602077959958e-05,lineage4,100.0,27.74302788844621,6.070366402769257e-05,confirmed_within_lineage
gyrA|p.Asp94Asn,pncA|p.Gly132Ala,gyrA,p.Asp94Asn,pncA,p.Gly132Ala,cross_class,20.15359477124183,7.380314539387898e-05,lineage4,100.0,21.626598465473144,6.062906252067099e-05,confirmed_within_lineage
embB|p.Met306Ile,pncA|p.Leu151Ser,embB,p.Met306Ile,pncA,p.Leu151Ser,cross_class,6.054400707651482,7.550318383096611e-05,lineage4,94.4,13.03448275862069,1.2914885917461032e-08,confirmed_within_lineage
gid|c.107delT,rpoB|p.Leu430Pro,gid,c.107delT,rpoB,p.Leu430Pro,cross_class,58.38815789473684,7.854336933525568e-05,lineage3,100.0,133.75,0.0003239575439968,confirmed_within_lineage
rpsL|p.Lys43Arg,rrs|n.514A>C,rpsL,p.Lys43Arg,rrs,n.514A>C,within_class,0.0,7.9533656246088e-05,,,,,target_lineage_not_analysed
inhA|c.-777C>T,rpoB|p.Asp435Gly,inhA,c.-777C>T,rpoB,p.Asp435Gly,cross_class,0.0501801863058407,7.978485637597557e-05,lineage4,100.0,0.0401519030551288,2.5199238492114294e-06,confirmed_within_lineage
gyrA|p.Gly88Cys,katG|p.Ser315Thr,gyrA,p.Gly88Cys,katG,p.Ser315Thr,cross_class,inf,8.3779244818603e-05,lineage4,56.2,inf,0.0229829044096596,confirmed_within_lineage
embB|p.Gln497Arg,gyrA|p.Gly88Ala,embB,p.Gln497Arg,gyrA,p.Gly88Ala,cross_class,36.78169014084507,9.80786378735432e-05,lineage1,100.0,inf,0.0056397456212817,confirmed_within_lineage
ethA|c.869dupA,gyrA|p.Asp94Gly,ethA,c.869dupA,gyrA,p.Asp94Gly,cross_class,8.773333333333333,9.87789671926488e-05,lineage4,100.0,11.958441558441558,6.6186084220168745e-06,confirmed_within_lineage
gyrA|p.Asp94Gly,rrs|n.878G>A,gyrA,p.Asp94Gly,rrs,n.878G>A,cross_class,8.773333333333333,9.87789671926488e-05,lineage4,100.0,11.958441558441558,6.6186084220168745e-06,confirmed_within_lineage
gyrA|p.Asp94Gly,pncA|p.Arg154Gly,gyrA,p.Asp94Gly,pncA,p.Arg154Gly,cross_class,8.773333333333333,9.87789671926488e-05,lineage4,100.0,11.958441558441558,6.6186084220168745e-06,confirmed_within_lineage
inhA|c.-779G>T,pncA|c.456dupC,inhA,c.-779G>T,pncA,c.456dupC,cross_class,0.0,0.0001035308223743,,,,,target_lineage_not_analysed
rpoB|p.Asp435Gly,rpoB|p.Asp435Val,rpoB,p.Asp435Gly,rpoB,p.Asp435Val,within_class,0.0,0.0001136499243823,,,,,target_lineage_not_analysed
gyrA|p.Ser91Pro,mmpR5|c.475_478delCAGC,gyrA,p.Ser91Pro,mmpR5,c.475_478delCAGC,cross_class,inf,0.0001183718957029,lineage4,100.0,inf,9.358323041392368e-07,confirmed_within_lineage
gyrA|p.Gly88Ala,mmpR5|c.138_139dupTG,gyrA,p.Gly88Ala,mmpR5,c.138_139dupTG,cross_class,387.8571428571428,0.0001311908880052,lineage4,100.0,1873.5,1.3977869498254869e-05,confirmed_within_lineage
inhA|c.-770T>A,pncA|p.Cys14Arg,inhA,c.-770T>A,pncA,p.Cys14Arg,cross_class,0.0,0.0001349511571044,,,,,target_lineage_not_analysed
pncA|p.Trp68Cys,rpoB|p.Leu430Pro,pncA,p.Trp68Cys,rpoB,p.Leu430Pro,cross_class,46.68421052631579,0.0001466022030946,lineage3,100.0,133.75,0.0003239575439968,confirmed_within_lineage
mmpR5|c.144dupC,pncA|p.Asp12Ala,mmpR5,c.144dupC,pncA,p.Asp12Ala,cross_class,inf,0.0001512808644417,lineage4,100.0,inf,6.802477070965958e-05,confirmed_within_lineage
fbiC|c.1913_1914dupTC,mmpR5|c.144dupC,fbiC,c.1913_1914dupTC,mmpR5,c.144dupC,cross_class,inf,0.0001512808644417,lineage4,100.0,inf,6.802477070965958e-05,confirmed_within_lineage
embB|p.Gln497Lys,gyrA|p.Asp94Gly,embB,p.Gln497Lys,gyrA,p.Asp94Gly,cross_class,4.050230414746544,0.0001534926163822,lineage2,100.0,2.388288288288288,0.1998716833861758,not_significant_within_lineage
embB|p.Gly406Ala,rpoB|p.Ser450Leu,embB,p.Gly406Ala,rpoB,p.Ser450Leu,cross_class,6.799019607843137,0.0001912201689285,lineage4,100.0,9.72077922077922,5.533247477299467e-06,confirmed_within_lineage
mmpR5|p.Leu32Ser,pncA|c.456dupC,mmpR5,p.Leu32Ser,pncA,c.456dupC,cross_class,inf,0.000314271470743,lineage4,100.0,inf,0.0024964818856212,confirmed_within_lineage
embB|p.Gln497Arg,pncA|c.515delT,embB,p.Gln497Arg,pncA,c.515delT,cross_class,inf,0.0003173466246873,lineage4,100.0,inf,0.0003628735041508,confirmed_within_lineage
gyrA|p.Ala90Val,pncA|c.375_389delCGATGAGGTCGATGT,gyrA,p.Ala90Val,pncA,c.375_389delCGATGAGGTCGATGT,cross_class,9.00834879406308,0.0003201083373851,lineage1,100.0,14.114285714285714,0.0004053245012788,confirmed_within_lineage
embB|p.Gln497Lys,inhA|c.-770T>A,embB,p.Gln497Lys,inhA,c.-770T>A,cross_class,0.0,0.0003365106991714,,,,,target_lineage_not_analysed
pncA|p.Cys14Arg,rpoB|p.Leu452Pro,pncA,p.Cys14Arg,rpoB,p.Leu452Pro,cross_class,0.0,0.0003521381073495,,,,,target_lineage_not_analysed
inhA|c.-777C>T,pncA|p.Asp8Asn,inhA,c.-777C>T,pncA,p.Asp8Asn,cross_class,inf,0.000443813678313,lineage2,100.0,inf,0.0001822503658974,confirmed_within_lineage
gyrA|p.Asp94Gly,pncA|p.His71Tyr,gyrA,p.Asp94Gly,pncA,p.His71Tyr,cross_class,6.909473684210527,0.0005466321731793,lineage4,100.0,9.408065618591934,3.972568762182231e-05,confirmed_within_lineage
mmpR5|p.Leu32Ser,rpoB|p.Leu452Pro,mmpR5,p.Leu32Ser,rpoB,p.Leu452Pro,cross_class,inf,0.000588125749675,lineage4,100.0,inf,0.0032684962884381,confirmed_within_lineage
inhA|c.-779G>T,rpoB|p.Asp435Gly,inhA,c.-779G>T,rpoB,p.Asp435Gly,cross_class,0.0,0.0006518769759068,,,,,target_lineage_not_analysed
embB|p.Gly406Asp,rpoB|p.Asp435Val,embB,p.Gly406Asp,rpoB,p.Asp435Val,cross_class,28.728813559322035,0.0006518769759068,lineage4,66.7,56.093023255813954,0.0022793823024045,confirmed_within_lineage
embB|p.Met306Leu,rpoB|p.Asp435Val,embB,p.Met306Leu,rpoB,p.Asp435Val,cross_class,28.728813559322035,0.0006518769759068,lineage4,100.0,176.6341463414634,1.773600177392015e-06,confirmed_within_lineage
mmpR5|c.165delA,pncA|p.Leu151Ser,mmpR5,c.165delA,pncA,p.Leu151Ser,cross_class,inf,0.0006725790932186,lineage4,100.0,inf,0.0017383204155315,confirmed_within_lineage
embB|p.Gln497Arg,inhA|c.-770T>A,embB,p.Gln497Arg,inhA,c.-770T>A,cross_class,0.0,0.0007779908713339,,,,,target_lineage_not_analysed
embB|p.Gly406Cys,inhA|c.-770T>A,embB,p.Gly406Cys,inhA,c.-770T>A,cross_class,42.79607843137255,0.0008546101817553,lineage4,100.0,27.231372549019607,0.0078028345124862,confirmed_within_lineage
inhA|c.-770T>A,mmpR5|p.Leu32Ser,inhA,c.-770T>A,mmpR5,p.Leu32Ser,cross_class,inf,0.000860907705088,lineage4,100.0,inf,0.0060478332417558,confirmed_within_lineage
embB|p.Gln497Lys,rpoB|p.Leu452Pro,embB,p.Gln497Lys,rpoB,p.Leu452Pro,cross_class,0.0,0.0008839331140047,,,,,target_lineage_not_analysed
gyrA|p.Asp94His,katG|p.Ser315Thr,gyrA,p.Asp94His,katG,p.Ser315Thr,cross_class,12.916216216216217,0.0008931861212385,lineage2,72.2,inf,0.0145114279977375,confirmed_within_lineage
eis|c.-10G>A,gyrB|p.Glu501Asp,eis,c.-10G>A,gyrB,p.Glu501Asp,cross_class,138.69230769230768,0.0011083455861112,lineage4,100.0,414.0,0.0002760028050148,confirmed_within_lineage
gid|p.Ala134Glu,mmpR5|c.293delA,gid,p.Ala134Glu,mmpR5,c.293delA,cross_class,158.8235294117647,0.001126451682961,lineage4,100.0,108.79411764705884,0.0030767145667998,confirmed_within_lineage
inhA|c.-770T>A,rpoB|p.Ile491Phe,inhA,c.-770T>A,rpoB,p.Ile491Phe,cross_class,5.814516129032258,0.0011952724937624,lineage4,100.0,3.9475806451612905,0.0306152248876943,confirmed_within_lineage
rpoB|p.Leu430Pro,rpoB|p.Ser450Leu,rpoB,p.Leu430Pro,rpoB,p.Ser450Leu,within_class,0.0,0.0012606217592384,,,,,target_lineage_not_analysed
ethA|c.672dupG,pncA|c.-11A>G,ethA,c.672dupG,pncA,c.-11A>G,cross_class,inf,0.0012632548500081,lineage4,100.0,inf,0.002444234412079,confirmed_within_lineage
embB|p.Gly406Asp,pncA|p.Leu151Ser,embB,p.Gly406Asp,pncA,p.Leu151Ser,cross_class,45.987096774193546,0.0013383799554521,lineage4,100.0,81.26666666666667,0.0006527374647432,confirmed_within_lineage
pncA|c.456dupC,pncA|p.Cys14Arg,pncA,c.456dupC,pncA,p.Cys14Arg,within_class,0.0,0.0014218001468541,,,,,target_lineage_not_analysed
embB|p.Met306Ile,pncA|p.Ser104Arg,embB,p.Met306Ile,pncA,p.Ser104Arg,cross_class,38.84115523465704,0.0014319430008795,lineage2,85.7,7.2375,1.0,not_significant_within_lineage
embB|p.Gly406Cys,embB|p.Met306Ile,embB,p.Gly406Cys,embB,p.Met306Ile,within_class,38.84115523465704,0.0014319430008795,lineage4,100.0,82.98969072164948,1.8897873402451347e-05,confirmed_within_lineage
rpsL|p.Lys88Arg,rrs|n.1401A>G,rpsL,p.Lys88Arg,rrs,n.1401A>G,cross_class,0.0,0.001433634500545,,,,,target_lineage_not_analysed
gyrA|p.Asp94Ala,katG|p.Ser315Thr,gyrA,p.Asp94Ala,katG,p.Ser315Thr,cross_class,7.550881953867028,0.0015771342422747,lineage4,95.2,inf,2.3825245256833057e-06,confirmed_within_lineage
katG|p.Ser315Thr,rpoB|p.His445Leu,katG,p.Ser315Thr,rpoB,p.His445Leu,cross_class,7.550881953867028,0.0015771342422747,lineage1,95.2,inf,6.187344377022e-10,confirmed_within_lineage
ethA|c.672dupG,gid|c.115delC,ethA,c.672dupG,gid,c.115delC,cross_class,inf,0.0016327783775616,lineage4,100.0,inf,0.0018089858815731,confirmed_within_lineage
mmpR5|p.Tyr145*,pncA|p.Ser104Arg,mmpR5,p.Tyr145*,pncA,p.Ser104Arg,cross_class,inf,0.0016327783775616,lineage2,100.0,inf,0.0177303511934021,confirmed_within_lineage
katG|p.Ser315Thr,mmpR5|c.424dupC,katG,p.Ser315Thr,mmpR5,c.424dupC,cross_class,21.460296096904443,0.0016909822972846,lineage2,86.7,12.269662921348315,0.085038565722302,not_significant_within_lineage
mmpR5|c.293delA,mmpR5|p.Val1?,mmpR5,c.293delA,mmpR5,p.Val1?,within_class,1210.6666666666667,0.0017298316377663,lineage4,100.0,inf,0.0012281867335016,confirmed_within_lineage
pncA|p.Ala146Thr,rpoB|p.Ala451Val,pncA,p.Ala146Thr,rpoB,p.Ala451Val,cross_class,1210.6666666666667,0.0017298316377663,lineage2,100.0,inf,0.0029358698404659,confirmed_within_lineage
inhA|c.-770T>A,pncA|c.517dupG,inhA,c.-770T>A,pncA,c.517dupG,cross_class,0.0,0.0018033483523776,,,,,target_lineage_not_analysed
embB|p.Gln497Arg,rpoB|p.Leu452Pro,embB,p.Gln497Arg,rpoB,p.Leu452Pro,cross_class,0.0,0.0019382245849423,,,,,target_lineage_not_analysed
rpoB|p.His445Tyr,rpoB|p.Ser450Leu,rpoB,p.His445Tyr,rpoB,p.Ser450Leu,within_class,0.0,0.0019660713984646,,,,,target_lineage_not_analysed
embB|p.Gln497Lys,pncA|c.456dupC,embB,p.Gln497Lys,pncA,c.456dupC,cross_class,0.0,0.0021076237133373,,,,,target_lineage_not_analysed
mmpR5|p.Leu32Ser,rrs|n.1401A>G,mmpR5,p.Leu32Ser,rrs,n.1401A>G,cross_class,inf,0.0025596743232,lineage4,100.0,inf,0.0033116983398812,confirmed_within_lineage
embB|p.Met306Val,rpoB|p.Ser450Leu,embB,p.Met306Val,rpoB,p.Ser450Leu,cross_class,1.7261298859934853,0.0026655185488568,lineage4,62.2,1.27872,1.0,not_significant_within_lineage
embB|p.Gly406Ala,pncA|p.Gly97Cys,embB,p.Gly406Ala,pncA,p.Gly97Cys,cross_class,112.0625,0.0026655185488568,lineage4,100.0,80.02173913043478,0.0059710499057423,confirmed_within_lineage
rpoB|p.Ile491Phe,rpsL|p.Lys43Arg,rpoB,p.Ile491Phe,rpsL,p.Lys43Arg,cross_class,6.732793522267206,0.0027484412621655,lineage4,100.0,6.127450980392157,0.0056644808340836,confirmed_within_lineage
pncA|p.Thr135Pro,rpsL|p.Lys43Arg,pncA,p.Thr135Pro,rpsL,p.Lys43Arg,cross_class,inf,0.0031131748969952,lineage4,100.0,inf,0.0049279862384122,confirmed_within_lineage
gyrA|p.Ala90Val,pncA|p.Ser104Arg,gyrA,p.Ala90Val,pncA,p.Ser104Arg,cross_class,33.439490445859875,0.0031384391917919,lineage2,85.7,46.95,0.0013694367488092,confirmed_within_lineage
pncA|p.Gly97Cys,rpoB|p.Ile491Phe,pncA,p.Gly97Cys,rpoB,p.Ile491Phe,cross_class,103.32692307692308,0.0032811332893637,lineage4,100.0,73.5,0.0071866468499351,confirmed_within_lineage
pncA|p.Val139Gly,rpoB|p.Ser450Leu,pncA,p.Val139Gly,rpoB,p.Ser450Leu,cross_class,inf,0.0033846044208729,lineage4,85.7,inf,0.004766911162956,confirmed_within_lineage
gyrA|p.Asp94His,mmpR5|c.144dupC,gyrA,p.Asp94His,mmpR5,c.144dupC,cross_class,12.886699507389162,0.0035881433451887,lineage4,50.0,26.779411764705884,0.0429869562844512,confirmed_within_lineage
mmpR5|c.139dupG,pncA|c.390_391dupGG,mmpR5,c.139dupG,pncA,c.390_391dupGG,cross_class,inf,0.0036383132336019,lineage3,100.0,inf,0.0046734874321081,confirmed_within_lineage
mmpR5|c.293delA,pncA|p.His71Tyr,mmpR5,c.293delA,pncA,p.His71Tyr,cross_class,95.83928571428572,0.0039779306841002,lineage4,100.0,65.46428571428571,0.0095108412873035,confirmed_within_lineage
katG|p.Ser315Thr,rpsL|p.Lys88Arg,katG,p.Ser315Thr,rpsL,p.Lys88Arg,cross_class,0.2711229946524064,0.0040982730874585,lineage2,60.0,2.708108108108108,1.0,not_significant_within_lineage
inhA|c.-770T>A,rpoB|p.Asp435Val,inhA,c.-770T>A,rpoB,p.Asp435Val,cross_class,0.1860465116279069,0.0045009792283825,lineage4,100.0,0.3425274923382008,1.0,not_significant_within_lineage
embB|p.Gln497Arg,gyrA|p.Ala90Val,embB,p.Gln497Arg,gyrA,p.Ala90Val,cross_class,2.831789371038518,0.0045879534497153,lineage4,53.6,1.4772494363599098,1.0,not_significant_within_lineage
inhA|c.-770T>A,pncA|p.Val139Gly,inhA,c.-770T>A,pncA,p.Val139Gly,cross_class,36.5390625,0.004661061754785,lineage4,100.0,inf,0.0060478332417558,confirmed_within_lineage
pncA|c.517dupG,rpoB|p.Leu452Pro,pncA,c.517dupG,rpoB,p.Leu452Pro,cross_class,0.0,0.0047214071105106,,,,,target_lineage_not_analysed
embB|p.Met306Ile,mmpR5|c.144dupC,embB,p.Met306Ile,mmpR5,c.144dupC,cross_class,3.2175497617045137,0.0048675990976637,lineage4,47.8,5.117866004962779,0.0075701209329973,confirmed_within_lineage
gyrA|p.Asp94Asn,pncA|p.His71Tyr,gyrA,p.Asp94Asn,pncA,p.His71Tyr,cross_class,11.377297297297297,0.0051095901105614,lineage4,100.0,12.0,0.0044554430827545,confirmed_within_lineage
rrs|n.1401A>G,rrs|n.517C>T,rrs,n.1401A>G,rrs,n.517C>T,cross_class,0.0,0.0051917083438925,,,,,target_lineage_not_analysed
pncA|p.Cys14Arg,rpoB|p.Asp435Gly,pncA,p.Cys14Arg,rpoB,p.Asp435Gly,cross_class,0.0,0.0052487976838742,,,,,target_lineage_not_analysed
fbiC|c.1913_1914dupTC,gyrA|p.Asp94Gly,fbiC,c.1913_1914dupTC,gyrA,p.Asp94Gly,cross_class,inf,0.0053190972671911,lineage4,100.0,inf,0.0022124338212841,confirmed_within_lineage
gyrA|p.Asp94Gly,pncA|p.Asp12Ala,gyrA,p.Asp94Gly,pncA,p.Asp12Ala,cross_class,inf,0.0053190972671911,lineage4,100.0,inf,0.0022124338212841,confirmed_within_lineage
ethA|c.869dupA,gyrB|p.Glu501Asp,ethA,c.869dupA,gyrB,p.Glu501Asp,cross_class,25.84057971014493,0.0054055064569572,lineage4,100.0,26.52173913043478,0.0058555905077086,confirmed_within_lineage
gyrB|p.Glu501Asp,pncA|p.Arg154Gly,gyrB,p.Glu501Asp,pncA,p.Arg154Gly,cross_class,25.84057971014493,0.0054055064569572,lineage4,100.0,26.52173913043478,0.0058555905077086,confirmed_within_lineage
eis|c.-14C>T,pncA|p.Leu151Ser,eis,c.-14C>T,pncA,p.Leu151Ser,cross_class,83.671875,0.0055249022281934,lineage4,100.0,118.06451612903226,0.0056644808340836,confirmed_within_lineage
gid|p.Ala134Glu,gyrA|p.Asp94Asn,gid,p.Ala134Glu,gyrA,p.Asp94Asn,cross_class,15.473684210526317,0.0059926010689598,lineage4,100.0,16.133333333333333,0.0054154081394249,confirmed_within_lineage
ethA|c.1290delC,gyrB|p.Glu501Asp,ethA,c.1290delC,gyrB,p.Glu501Asp,cross_class,inf,0.0062154101381499,lineage4,100.0,inf,0.0063523234995241,confirmed_within_lineage
gyrA|p.Asp94Tyr,pncA|c.390_391dupGG,gyrA,p.Asp94Tyr,pncA,c.390_391dupGG,cross_class,inf,0.0062154101381499,lineage3,100.0,inf,0.0046734874321081,confirmed_within_lineage
gyrA|p.Gly88Cys,pncA|p.Gly108Arg,gyrA,p.Gly88Cys,pncA,p.Gly108Arg,cross_class,inf,0.0062154101381499,lineage4,100.0,inf,0.0038747310495631,confirmed_within_lineage
embB|p.Met306Ile,rpsL|p.Lys88Arg,embB,p.Met306Ile,rpsL,p.Lys88Arg,cross_class,0.0,0.0062154101381499,,,,,target_lineage_not_analysed
embB|p.Met306Val,mmpR5|p.Leu32Ser,embB,p.Met306Val,mmpR5,p.Leu32Ser,cross_class,inf,0.0063070437310272,lineage4,100.0,inf,0.0192545125630227,confirmed_within_lineage
gyrA|p.Ala90Val,rpoB|p.His445Leu,gyrA,p.Ala90Val,rpoB,p.His445Leu,cross_class,5.23728354978355,0.0072894949507139,lineage1,100.0,14.114285714285714,0.0004053245012788,confirmed_within_lineage
embB|p.Gln497Arg,pncA|c.456dupC,embB,p.Gln497Arg,pncA,c.456dupC,cross_class,0.0,0.0078150697853546,,,,,target_lineage_not_analysed
katG|c.1416_1417dupAG,rpoB|p.His445Asn,katG,c.1416_1417dupAG,rpoB,p.His445Asn,cross_class,inf,0.0078300252643365,lineage3,100.0,inf,0.0046734874321081,confirmed_within_lineage
mmpR5|c.141_142dupTC,pncA|p.Trp68Cys,mmpR5,c.141_142dupTC,pncA,p.Trp68Cys,cross_class,51.34285714285714,0.0078856402156777,lineage3,66.7,7.428571428571429,0.68997668997669,not_significant_within_lineage
embB|p.Met306Val,gyrA|p.Asp94Ala,embB,p.Met306Val,gyrA,p.Asp94Ala,cross_class,5.06270460841098,0.0078938875284025,lineage4,100.0,6.962365591397849,0.0032888589070636,confirmed_within_lineage
embB|p.Gly406Ala,pncA|c.-11A>G,embB,p.Gly406Ala,pncA,c.-11A>G,cross_class,55.96875,0.0082257148540656,lineage4,100.0,39.94565217391305,0.0178632831427288,confirmed_within_lineage
mmpR5|c.293delA,rpoB|p.His445Tyr,mmpR5,c.293delA,rpoB,p.His445Tyr,cross_class,70.22368421052632,0.0086101650202987,lineage4,100.0,58.983870967741936,0.0122787683149653,confirmed_within_lineage
inhA|c.-777C>T,inhA|c.-779G>T,inhA,c.-777C>T,inhA,c.-779G>T,within_class,0.0,0.0087247709061234,,,,,target_lineage_not_analysed
pncA|c.390_391dupGG,rpoB|p.Asp435Tyr,pncA,c.390_391dupGG,rpoB,p.Asp435Tyr,cross_class,inf,0.0095101896987581,lineage3,100.0,inf,0.0046734874321081,confirmed_within_lineage
ethA|c.672dupG,gyrA|p.Asp94His,ethA,c.672dupG,gyrA,p.Asp94His,cross_class,inf,0.0095101896987581,lineage4,100.0,inf,0.002444234412079,confirmed_within_lineage
inhA|c.-770T>A,rpsL|p.Lys88Arg,inhA,c.-770T>A,rpsL,p.Lys88Arg,cross_class,0.0,0.0095101896987581,,,,,target_lineage_not_analysed
mmpR5|c.144dupC,rpoB|p.Leu452Pro,mmpR5,c.144dupC,rpoB,p.Leu452Pro,cross_class,0.0,0.0100946203260247,,,,,target_lineage_not_analysed
ethA|p.Met1?,pncA|c.-11A>G,ethA,p.Met1?,pncA,c.-11A>G,cross_class,241.6,0.0103783396965722,lineage4,100.0,166.0,0.0179767732478126,confirmed_within_lineage
pncA|c.456dupC,pncA|c.517dupG,pncA,c.456dupC,pncA,c.517dupG,within_class,0.0,0.0109577611759468,,,,,target_lineage_not_analysed
gyrA|p.Ala90Val,rrs|n.517C>T,gyrA,p.Ala90Val,rrs,n.517C>T,cross_class,3.2134375,0.0109577611759468,lineage1,85.7,inf,0.0129414582061863,confirmed_within_lineage
gyrB|p.Glu501Asp,rpoB|p.Ser450Leu,gyrB,p.Glu501Asp,rpoB,p.Ser450Leu,cross_class,7.373975903614458,0.0113853182138202,lineage4,90.9,21.00418410041841,0.0003706453945762,confirmed_within_lineage
inhA|c.-154G>A,rrs|n.1401A>G,inhA,c.-154G>A,rrs,n.1401A>G,cross_class,0.0,0.0118135082971415,,,,,target_lineage_not_analysed
gyrA|p.Gly88Ala,katG|p.Ser315Thr,gyrA,p.Gly88Ala,katG,p.Ser315Thr,cross_class,inf,0.012153461423998,lineage1,60.0,inf,0.0288742875978646,confirmed_within_lineage
katG|p.Ser315Thr,pncA|p.Trp68Cys,katG,p.Ser315Thr,pncA,p.Trp68Cys,cross_class,inf,0.012153461423998,lineage3,90.0,inf,3.267275828249458e-07,confirmed_within_lineage
embB|p.Gln497Lys,rpoB|p.Asp435Gly,embB,p.Gln497Lys,rpoB,p.Asp435Gly,cross_class,0.0,0.012378346276577,,,,,target_lineage_not_analysed
mmpR5|c.198dupG,pncA|p.Ser104Arg,mmpR5,c.198dupG,pncA,p.Ser104Arg,cross_class,44.75,0.0124773012831201,lineage2,100.0,25.725,0.0576958062886098,not_significant_within_lineage
eis|c.-10G>A,rpoB|p.Ser450Leu,eis,c.-10G>A,rpoB,p.Ser450Leu,cross_class,inf,0.0127740816730317,lineage4,66.7,inf,0.0741220081250411,not_significant_within_lineage
gyrA|p.Ala90Val,mmpR5|c.138_139dupTG,gyrA,p.Ala90Val,mmpR5,c.138_139dupTG,cross_class,inf,0.0132319195428709,lineage4,100.0,inf,0.0214385344945817,confirmed_within_lineage
embB|p.Met306Ile,rrs|n.517C>T,embB,p.Met306Ile,rrs,n.517C>T,cross_class,0.0,0.0132319195428709,,,,,target_lineage_not_analysed
pncA|p.Gly132Ala,rpoB|p.Met434Ile,pncA,p.Gly132Ala,rpoB,p.Met434Ile,cross_class,inf,0.0132543185943236,lineage4,100.0,inf,0.0229829044096596,confirmed_within_lineage
gyrB|p.Glu501Asp,inhA|c.-777C>T,gyrB,p.Glu501Asp,inhA,c.-777C>T,cross_class,8.713213213213214,0.0133017351023371,lineage4,100.0,13.347457627118644,0.0037331003412006,confirmed_within_lineage
gyrA|p.Asp94Ala,mmpR5|c.492_493dupCG,gyrA,p.Asp94Ala,mmpR5,c.492_493dupCG,cross_class,inf,0.0143266069340364,lineage4,100.0,inf,0.0165378013637151,confirmed_within_lineage
inhA|c.-777C>T,mmpR5|c.144dupC,inhA,c.-777C>T,mmpR5,c.144dupC,cross_class,3.5379008746355685,0.014371038310741,lineage4,86.7,5.348958333333333,0.0021697084143025,confirmed_within_lineage
gyrA|p.Ala90Val,gyrA|p.Ser91Pro,gyrA,p.Ala90Val,gyrA,p.Ser91Pro,within_class,0.0763771186440677,0.0151880278547656,lineage4,100.0,0.3273809523809524,1.0,not_significant_within_lineage
embB|p.Met306Ile,gyrA|p.Gly88Cys,embB,p.Met306Ile,gyrA,p.Gly88Cys,cross_class,7.157922077922078,0.0156985172950032,lineage2,66.7,inf,0.2727713942092213,not_significant_within_lineage
embB|p.Met306Ile,gyrB|p.Glu501Asp,embB,p.Met306Ile,gyrB,p.Glu501Asp,cross_class,7.157922077922078,0.0156985172950032,lineage4,88.9,23.89583333333333,6.802477070965958e-05,confirmed_within_lineage
embB|p.Gly406Ala,ethA|c.1290delC,embB,p.Gly406Ala,ethA,c.1290delC,cross_class,inf,0.0161763567486648,lineage4,100.0,inf,0.026025276882899,confirmed_within_lineage
gid|c.304delC,rrs|n.878G>A,gid,c.304delC,rrs,n.878G>A,within_class,inf,0.0161763567486648,lineage4,100.0,inf,0.0275561755230695,confirmed_within_lineage
embB|p.Gly406Ala,ethA|c.672dupG,embB,p.Gly406Ala,ethA,c.672dupG,cross_class,inf,0.0161763567486648,lineage4,100.0,inf,0.026025276882899,confirmed_within_lineage
ethA|c.869dupA,gid|c.304delC,ethA,c.869dupA,gid,c.304delC,cross_class,inf,0.0161763567486648,lineage4,100.0,inf,0.0275561755230695,confirmed_within_lineage
embB|p.Gly406Ala,pncA|p.Thr76Pro,embB,p.Gly406Ala,pncA,p.Thr76Pro,cross_class,inf,0.0161763567486648,lineage4,100.0,inf,0.026025276882899,confirmed_within_lineage
embB|p.Gly406Ala,pncA|p.Phe58Ser,embB,p.Gly406Ala,pncA,p.Phe58Ser,cross_class,inf,0.0161763567486648,lineage4,100.0,inf,0.026025276882899,confirmed_within_lineage
mmpR5|c.198dupG,rpoB|p.Asn437Ser,mmpR5,c.198dupG,rpoB,p.Asn437Ser,cross_class,inf,0.0161763567486648,lineage2,100.0,inf,0.0579075016809144,not_significant_within_lineage
gid|c.304delC,pncA|p.Arg154Gly,gid,c.304delC,pncA,p.Arg154Gly,cross_class,inf,0.0161763567486648,lineage4,100.0,inf,0.0275561755230695,confirmed_within_lineage
mmpR5|c.475_478delCAGC,pncA|c.456dupC,mmpR5,c.475_478delCAGC,pncA,c.456dupC,cross_class,inf,0.0161763567486648,lineage4,100.0,inf,0.0486383065511776,confirmed_within_lineage
gyrA|p.Asp94Tyr,rpoB|p.Ala451Val,gyrA,p.Asp94Tyr,rpoB,p.Ala451Val,cross_class,257.85714285714283,0.0164177847227956,lineage2,100.0,712.0,0.0084089815785218,confirmed_within_lineage
embB|p.Gly406Asp,pncA|p.Ala146Thr,embB,p.Gly406Asp,pncA,p.Ala146Thr,cross_class,172.38095238095238,0.0164177847227956,lineage4,100.0,624.0,0.0047065848369593,confirmed_within_lineage
embB|p.Gln497Arg,rpoB|p.Asp435Gly,embB,p.Gln497Arg,rpoB,p.Asp435Gly,cross_class,0.0,0.0171170165436956,,,,,target_lineage_not_analysed
embB|p.Gly406Cys,rpoB|p.Ser450Leu,embB,p.Gly406Cys,rpoB,p.Ser450Leu,cross_class,23.3054892601432,0.0176387428542609,lineage4,100.0,29.070247933884296,0.0058555905077086,confirmed_within_lineage
gyrA|p.Asp94Gly,pncA|p.Ser104Arg,gyrA,p.Asp94Gly,pncA,p.Ser104Arg,cross_class,17.590233545647557,0.0176387428542609,lineage2,80.0,7.224242424242425,0.4244428969359332,not_significant_within_lineage
gyrA|p.Asp94His,mmpR5|c.139dupG,gyrA,p.Asp94His,mmpR5,c.139dupG,cross_class,35.15686274509804,0.0176387428542609,lineage2,66.7,15.590909090909092,0.4370632647634492,not_significant_within_lineage
pncA|p.Ser104Arg,rpoB|p.Ser450Leu,pncA,p.Ser104Arg,rpoB,p.Ser450Leu,cross_class,23.3054892601432,0.0176387428542609,lineage2,85.7,9.924812030075188,0.4040065419969894,not_significant_within_lineage
mmpR5|c.144dupC,rpoB|p.Asp435Val,mmpR5,c.144dupC,rpoB,p.Asp435Val,cross_class,3.7821939586645463,0.0178334169339466,lineage4,61.5,8.339522546419099,0.0032014987148821,confirmed_within_lineage
rpoB|p.Ile491Phe,rpoB|p.Met434Ile,rpoB,p.Ile491Phe,rpoB,p.Met434Ile,within_class,inf,0.0182691186969689,lineage4,100.0,inf,0.0294449406217774,confirmed_within_lineage
inhA|c.-779G>T,rpsL|p.Lys43Arg,inhA,c.-779G>T,rpsL,p.Lys43Arg,cross_class,0.0,0.0186645781157745,,,,,target_lineage_not_analysed
rpoB|p.Ala451Val,rpoB|p.His445Asn,rpoB,p.Ala451Val,rpoB,p.His445Asn,within_class,225.375,0.0204257328496316,lineage2,100.0,176.5,0.0346529868129283,confirmed_within_lineage
mmpR5|c.165delA,rpoB|p.Asp435Val,mmpR5,c.165delA,rpoB,p.Asp435Val,cross_class,inf,0.0228228858877517,lineage4,100.0,inf,0.004134103010283,confirmed_within_lineage
rpoB|p.Leu452Pro,rpsL|p.Lys88Arg,rpoB,p.Leu452Pro,rpsL,p.Lys88Arg,cross_class,0.0,0.0232145275195669,,,,,target_lineage_not_analysed
gyrA|p.Asp94Asn,mmpR5|c.198dupG,gyrA,p.Asp94Asn,mmpR5,c.198dupG,cross_class,10.508373205741629,0.023376290981072,lineage4,80.0,23.403846153846157,0.0083332365871646,confirmed_within_lineage
mmpR5|c.475_478delCAGC,rpoB|p.Leu452Pro,mmpR5,c.475_478delCAGC,rpoB,p.Leu452Pro,cross_class,inf,0.0235206349818605,lineage4,100.0,inf,0.0580332532017435,not_significant_within_lineage
pepQ|c.817dupG,pncA|p.Ser59Pro,pepQ,c.817dupG,pncA,p.Ser59Pro,cross_class,200.11111111111111,0.0250199655746416,lineage4,100.0,137.11111111111111,0.041550730980164,confirmed_within_lineage
gid|c.115delC,pncA|c.-11A>G,gid,c.115delC,pncA,c.-11A>G,cross_class,120.6,0.0256309817975903,lineage4,100.0,124.4,0.0253628511526499,confirmed_within_lineage
ethA|c.1290delC,pncA|p.Leu151Ser,ethA,c.1290delC,pncA,p.Leu151Ser,cross_class,inf,0.0260889588588649,lineage4,100.0,inf,0.0414424647496632,confirmed_within_lineage
mmpR5|c.492_493dupCG,pncA|p.Tyr34Asp,mmpR5,c.492_493dupCG,pncA,p.Tyr34Asp,cross_class,inf,0.0260889588588649,lineage4,100.0,inf,0.0429869562844512,confirmed_within_lineage
embB|p.Met306Val,pncA|p.Asp8Asn,embB,p.Met306Val,pncA,p.Asp8Asn,cross_class,inf,0.0262075768441158,lineage2,100.0,inf,5.382227340989263e-05,confirmed_within_lineage
gid|c.107delT,katG|p.Ser315Thr,gid,c.107delT,katG,p.Ser315Thr,cross_class,inf,0.0262075768441158,lineage3,100.0,inf,3.267275828249458e-07,confirmed_within_lineage
katG|p.Ser315Thr,pncA|p.His51Asp,katG,p.Ser315Thr,pncA,p.His51Asp,cross_class,inf,0.0262075768441158,lineage4,100.0,inf,0.0229829044096596,confirmed_within_lineage
gyrA|p.Gly88Cys,rrs|n.514A>C,gyrA,p.Gly88Cys,rrs,n.514A>C,cross_class,7.484967320261438,0.028038038706057,lineage2,85.7,inf,0.2573072989634191,not_significant_within_lineage
inhA|c.-770T>A,mmpR5|c.475_478delCAGC,inhA,c.-770T>A,mmpR5,c.475_478delCAGC,cross_class,inf,0.030109405572424,lineage4,100.0,inf,0.086164256033495,not_significant_within_lineage
embB|p.Met306Val,pncA|p.Val139Gly,embB,p.Met306Val,pncA,p.Val139Gly,cross_class,23.51219512195122,0.0304904717225606,lineage4,100.0,inf,0.0192545125630227,confirmed_within_lineage
mmpR5|c.165delA,rpsL|p.Lys43Arg,mmpR5,c.165delA,rpsL,p.Lys43Arg,cross_class,inf,0.0317003591481648,lineage4,100.0,inf,0.0406118100578081,confirmed_within_lineage
ethA|c.860delA,rpsL|p.Lys43Arg,ethA,c.860delA,rpsL,p.Lys43Arg,cross_class,inf,0.0317003591481648,lineage4,100.0,inf,0.0406118100578081,confirmed_within_lineage
gyrA|p.Asp94Asn,rpoB|p.Ile491Phe,gyrA,p.Asp94Asn,rpoB,p.Ile491Phe,cross_class,9.62171052631579,0.0320384429084309,lineage4,100.0,10.452173913043476,0.0239475642343033,confirmed_within_lineage
inhA|c.-770T>A,rrs|n.517C>T,inhA,c.-770T>A,rrs,n.517C>T,cross_class,0.0,0.0322031440501107,,,,,target_lineage_not_analysed
gyrA|p.Ala90Val,gyrA|p.Asp94Gly,gyrA,p.Ala90Val,gyrA,p.Asp94Gly,within_class,0.3829861413754031,0.034152268867205,lineage4,46.2,0.2689624896346519,0.0308448002606671,confirmed_within_lineage
embB|p.Met306Val,rpoB|p.Asp435Val,embB,p.Met306Val,rpoB,p.Asp435Val,cross_class,0.3567538656034231,0.0343488505908985,lineage4,100.0,0.8737131700390486,1.0,not_significant_within_lineage
inhA|c.-777C>T,rrs|n.1401A>G,inhA,c.-777C>T,rrs,n.1401A>G,cross_class,0.3732346085287262,0.0369899750807664,lineage2,58.3,1.0320512820512822,1.0,not_significant_within_lineage
inhA|p.Ser94Ala,pncA|c.468_499delGGTGGACCTGACAGCGGGTGTGTCGGCCGATA,inhA,p.Ser94Ala,pncA,c.468_499delGGTGGACCTGACAGCGGGTGTGTCGGCCGATA,cross_class,inf,0.0369899750807664,lineage4,100.0,inf,0.0429869562844512,confirmed_within_lineage
inhA|p.Ser94Ala,rpoB|p.Asn438Lys,inhA,p.Ser94Ala,rpoB,p.Asn438Lys,cross_class,inf,0.0369899750807664,lineage4,100.0,inf,0.0429869562844512,confirmed_within_lineage
gid|c.61delC,pncA|c.407dupA,gid,c.61delC,pncA,c.407dupA,cross_class,inf,0.0369899750807664,lineage4,100.0,inf,0.0429869562844512,confirmed_within_lineage
embB|p.Gln497Lys,gyrA|p.Gly88Cys,embB,p.Gln497Lys,gyrA,p.Gly88Cys,cross_class,9.936708860759492,0.0369899750807664,lineage2,100.0,17.98701298701299,0.1081002331002331,not_significant_within_lineage
mmpR5|c.32_33insT,rpoB|p.Leu430Pro,mmpR5,c.32_33insT,rpoB,p.Leu430Pro,cross_class,inf,0.0369899750807664,lineage1,100.0,inf,0.0139208909370199,confirmed_within_lineage
ethA|c.65delA,pncA|c.459_466delCAGGGTGC,ethA,c.65delA,pncA,c.459_466delCAGGGTGC,cross_class,inf,0.0369899750807664,lineage2,100.0,inf,0.1081002331002331,not_significant_within_lineage
gid|c.386delG,pncA|p.Val125Phe,gid,c.386delG,pncA,p.Val125Phe,cross_class,inf,0.0369899750807664,lineage3,100.0,inf,0.158119658119658,not_significant_within_lineage
ethA|p.Gln165*,gid|c.61delC,ethA,p.Gln165*,gid,c.61delC,cross_class,inf,0.0369899750807664,lineage4,100.0,inf,0.0429869562844512,confirmed_within_lineage
ethA|p.Gln165*,pncA|c.407dupA,ethA,p.Gln165*,pncA,c.407dupA,cross_class,inf,0.0369899750807664,lineage4,100.0,inf,0.0429869562844512,confirmed_within_lineage
katG|c.117delG,rpoB|p.Asp435Ala,katG,c.117delG,rpoB,p.Asp435Ala,cross_class,inf,0.0369899750807664,lineage2,100.0,inf,0.1081002331002331,not_significant_within_lineage
fbiC|c.1481_1511delATGTGCTTGCCGCCCTGCGATCGGCGGAGCG,fbiC|p.Tyr104*,fbiC,c.1481_1511delATGTGCTTGCCGCCCTGCGATCGGCGGAGCG,fbiC,p.Tyr104*,within_class,inf,0.0369899750807664,lineage2,100.0,inf,0.1081002331002331,not_significant_within_lineage
fbiA|c.373dupC,fbiC|p.Trp444*,fbiA,c.373dupC,fbiC,p.Trp444*,within_class,inf,0.0369899750807664,lineage2,100.0,inf,0.1081002331002331,not_significant_within_lineage
mmpR5|c.144delC,rpoB|p.Leu430Pro,mmpR5,c.144delC,rpoB,p.Leu430Pro,cross_class,inf,0.0369899750807664,lineage4,50.0,inf,0.3027940868106522,not_significant_within_lineage
ethA|c.777dupC,pepQ|c.150dupC,ethA,c.777dupC,pepQ,c.150dupC,cross_class,inf,0.0369899750807664,lineage4,100.0,inf,0.0429869562844512,confirmed_within_lineage
rpoB|p.Asn437Ser,rpoB|p.Leu430Pro,rpoB,p.Asn437Ser,rpoB,p.Leu430Pro,within_class,inf,0.0369899750807664,lineage2,100.0,inf,0.133513114355686,not_significant_within_lineage
embB|p.Asp354Ala,pepQ|c.221dupC,embB,p.Asp354Ala,pepQ,c.221dupC,cross_class,inf,0.0369899750807664,lineage4,100.0,inf,0.0429869562844512,confirmed_within_lineage
pncA|c.468_499delGGTGGACCTGACAGCGGGTGTGTCGGCCGATA,rpoB|p.Asn438Lys,pncA,c.468_499delGGTGGACCTGACAGCGGGTGTGTCGGCCGATA,rpoB,p.Asn438Lys,cross_class,inf,0.0369899750807664,lineage4,100.0,inf,0.0429869562844512,confirmed_within_lineage
ddn|c.114_115dupCG,fbiC|p.Trp198*,ddn,c.114_115dupCG,fbiC,p.Trp198*,within_class,inf,0.0369899750807664,lineage4,100.0,inf,0.0429869562844512,confirmed_within_lineage
mmpR5|c.144dupC,pncA|c.456dupC,mmpR5,c.144dupC,pncA,c.456dupC,cross_class,0.0,0.0369921406667753,,,,,target_lineage_not_analysed
pncA|c.517dupG,rpoB|p.Asp435Gly,pncA,c.517dupG,rpoB,p.Asp435Gly,cross_class,0.0,0.037460365876633,,,,,target_lineage_not_analysed
embB|p.Gln497Arg,rrs|n.514A>C,embB,p.Gln497Arg,rrs,n.514A>C,cross_class,0.0,0.037717236906345,,,,,target_lineage_not_analysed
embB|p.Met306Val,inhA|c.-777C>T,embB,p.Met306Val,inhA,c.-777C>T,cross_class,0.4193903929780966,0.0378112530223276,lineage2,87.5,33.39259259259259,9.8727212008343e-10,confirmed_within_lineage
inhA|c.-777C>T,rrs|n.514A>C,inhA,c.-777C>T,rrs,n.514A>C,cross_class,0.2287639245109673,0.0384458006662919,lineage2,100.0,0.171,0.0173299307687657,confirmed_within_lineage
embB|p.Met306Ile,gid|c.475delA,embB,p.Met306Ile,gid,c.475delA,cross_class,inf,0.0384458006662919,lineage4,100.0,inf,0.0038061595718646,confirmed_within_lineage
embB|p.Met306Ile,pncA|c.515delT,embB,p.Met306Ile,pncA,c.515delT,cross_class,inf,0.0384458006662919,lineage4,100.0,inf,0.0038061595718646,confirmed_within_lineage
rpoB|p.Ile491Phe,rpoB|p.Ser450Leu,rpoB,p.Ile491Phe,rpoB,p.Ser450Leu,within_class,0.0,0.0400940132526579,,,,,target_lineage_not_analysed
embB|p.Gln497Lys,gyrA|p.Ala90Val,embB,p.Gln497Lys,gyrA,p.Ala90Val,cross_class,0.2241324921135646,0.0407500853576671,lineage2,100.0,0.2881562881562881,0.3884003350083752,not_significant_within_lineage
gyrA|p.Asp94Asn,inhA|c.-777C>T,gyrA,p.Asp94Asn,inhA,c.-777C>T,cross_class,3.9029947916666665,0.0408849875225091,lineage4,90.9,4.826086956521739,0.0233422438352046,confirmed_within_lineage
eis|c.-10G>A,rpsL|p.Lys88Arg,eis,c.-10G>A,rpsL,p.Lys88Arg,cross_class,30.859649122807017,0.0415948375125623,lineage4,100.0,78.58695652173913,0.0150001383624682,confirmed_within_lineage
mmpR5|c.141_142dupTC,rpoB|p.Ser450Leu,mmpR5,c.141_142dupTC,rpoB,p.Ser450Leu,cross_class,5.259552495697074,0.0416898798408741,lineage4,54.5,6.185185185185185,0.2280607838772349,not_significant_within_lineage
eis|c.-10G>A,inhA|c.-777C>T,eis,c.-10G>A,inhA,c.-777C>T,cross_class,22.05298013245033,0.0432043948420837,lineage4,75.0,27.762295081967213,0.1497846146158675,not_significant_within_lineage
inhA|c.-154G>A,mmpR5|c.430dupG,inhA,c.-154G>A,mmpR5,c.430dupG,cross_class,inf,0.0441521166754332,lineage2,50.0,inf,0.5330459770114944,not_significant_within_lineage
inhA|c.-154G>A,rpoB|p.Asn437Ser,inhA,c.-154G>A,rpoB,p.Asn437Ser,cross_class,inf,0.0441521166754332,lineage2,100.0,inf,0.0231858438682951,confirmed_within_lineage
inhA|c.-154G>A,rpoB|p.Gln432Lys,inhA,c.-154G>A,rpoB,p.Gln432Lys,cross_class,inf,0.0441521166754332,lineage2,50.0,inf,0.5330459770114944,not_significant_within_lineage
embB|p.Gly406Ala,rpoB|p.Ile491Phe,embB,p.Gly406Ala,rpoB,p.Ile491Phe,cross_class,12.31304347826087,0.045752493490775,lineage4,100.0,9.12878787878788,0.0966856874226152,not_significant_within_lineage
gyrA|p.Gly88Cys,pncA|p.Cys14Arg,gyrA,p.Gly88Cys,pncA,p.Cys14Arg,cross_class,9.318181818181818,0.0457853770479881,lineage2,100.0,16.585365853658537,0.1355407303304089,not_significant_within_lineage
rpoB|p.Leu452Pro,rrs|n.517C>T,rpoB,p.Leu452Pro,rrs,n.517C>T,cross_class,0.0,0.0472790819710617,,,,,target_lineage_not_analysed
