sample_id,drtype,total_variants_qc,high_variant_qc,phenotype_binary_inconsistent,has_core_mutation,phenotype_inconsistency_source,recommended_exclude_from_phenotype_ground_truth
SRR11922476,Susceptible,857,False,False,False,,False
SRR11922479,Susceptible,1989,False,False,False,,False
SRR11922481,Susceptible,1193,False,False,False,,False
SRR11922482,Susceptible,1985,False,False,False,,False
SRR11922485,Susceptible,1254,False,False,False,,False
SRR11922487,Susceptible,1265,False,False,False,,False
SRR11922490,Susceptible,1234,False,False,False,,False
SRR11922496,Susceptible,2043,False,False,False,,False
SRR11922497,Susceptible,2028,False,False,False,,False
SRR11922498,Susceptible,887,False,False,False,,False
SRR11922501,Susceptible,1047,False,False,False,,False
SRR11922502,Susceptible,1898,False,False,False,,False
SRR11922503,Susceptible,1241,False,False,False,,False
SRR11922504,Susceptible,1258,False,False,False,,False
SRR11922514,Susceptible,1265,False,False,False,,False
SRR11922515,Susceptible,1249,False,False,False,,False
SRR11922516,Susceptible,1187,False,False,False,,False
SRR11922517,Susceptible,1300,False,False,False,,False
SRR11922518,Susceptible,1201,False,False,False,,False
SRR11922519,Susceptible,1116,False,False,False,,False
SRR11922520,Susceptible,1157,False,False,False,,False
SRR11922521,Susceptible,1167,False,False,False,,False
SRR11922522,Susceptible,1232,False,False,False,,False
SRR11922524,Susceptible,2298,False,False,False,,False
SRR11922527,Susceptible,1471,False,False,False,,False
SRR11922529,Susceptible,2366,False,False,False,,False
SRR11922534,Susceptible,1300,False,False,False,,False
SRR11922538,Susceptible,1961,False,False,False,,False
SRR11947318,Susceptible,1356,False,False,False,,False
SRR11947319,Susceptible,1167,False,False,False,,False
SRR11947320,Susceptible,2314,False,False,False,,False
SRR11947321,Susceptible,1061,False,False,False,,False
SRR11947322,Susceptible,1210,False,False,False,,False
SRR11947323,Susceptible,1620,False,False,False,,False
SRR11947324,Susceptible,2327,False,False,False,,False
SRR11947325,Susceptible,1722,False,False,False,,False
SRR11947326,Susceptible,1872,False,False,False,,False
SRR11947327,Other,2221,False,True,False,uncertain_significance_evidence,True
SRR11947328,Susceptible,1117,False,False,False,,False
SRR11947329,Susceptible,1540,False,False,False,,False
SRR11947330,Susceptible,1838,False,False,False,,False
SRR11947331,Susceptible,1576,False,False,False,,False
SRR11947332,Susceptible,1791,False,False,False,,False
SRR11947333,Susceptible,1690,False,False,False,,False
SRR11947334,Susceptible,2259,False,False,False,,False
SRR11947335,Other,1113,False,False,True,,False
SRR11947336,Susceptible,2003,False,False,False,,False
SRR11947337,Susceptible,1760,False,False,False,,False
SRR11947338,Susceptible,1831,False,False,False,,False
SRR11947339,Susceptible,1011,False,False,False,,False
SRR11947340,Susceptible,1216,False,False,False,,False
SRR11947341,Susceptible,1308,False,False,False,,False
SRR11947342,Susceptible,1792,False,False,False,,False
SRR11947343,Susceptible,1663,False,False,False,,False
SRR11947344,Susceptible,1044,False,False,False,,False
SRR11947345,Susceptible,1979,False,False,False,,False
SRR11947346,Susceptible,2125,False,False,False,,False
SRR11947347,Susceptible,984,False,False,False,,False
SRR11947348,Susceptible,1104,False,False,False,,False
SRR11947349,Susceptible,1435,False,False,False,,False
SRR11947350,Susceptible,1128,False,False,False,,False
SRR11947351,Susceptible,2147,False,False,False,,False
SRR11947352,Susceptible,2000,False,False,False,,False
SRR11947353,Susceptible,1125,False,False,False,,False
SRR11947354,Susceptible,925,False,False,False,,False
SRR11947355,Susceptible,1342,False,False,False,,False
SRR11947356,Susceptible,226,False,False,False,,False
SRR11947361,Susceptible,1094,False,False,False,,False
SRR11947362,Susceptible,1145,False,False,False,,False
SRR11947371,Susceptible,1078,False,False,False,,False
SRR11947372,Susceptible,979,False,False,False,,False
SRR11947373,Susceptible,1514,False,False,False,,False
SRR11947374,Susceptible,1539,False,False,False,,False
SRR11947383,Susceptible,1165,False,False,False,,False
SRR11947390,Susceptible,1931,False,False,False,,False
SRR11947391,Susceptible,1067,False,False,False,,False
SRR11947392,Susceptible,1129,False,False,False,,False
SRR11947394,Susceptible,1093,False,False,False,,False
SRR11947398,Susceptible,2220,False,False,False,,False
SRR11947399,Susceptible,1210,False,False,False,,False
SRR11947400,Susceptible,1425,False,False,False,,False
SRR11947401,Susceptible,544,False,False,False,,False
SRR11947408,Susceptible,1185,False,False,False,,False
SRR11947419,Susceptible,1926,False,False,False,,False
SRR11947430,Susceptible,1928,False,False,False,,False
SRR11947442,Susceptible,1219,False,False,False,,False
SRR11947453,Susceptible,2849,False,False,False,,False
SRR11947458,Susceptible,1764,False,False,False,,False
SRR11947459,Susceptible,1697,False,False,False,,False
SRR11947460,Susceptible,1998,False,False,False,,False
SRR11947461,Susceptible,1415,False,False,False,,False
SRR11947462,Susceptible,2147,False,False,False,,False
SRR11947463,Susceptible,2039,False,False,False,,False
SRR11947464,Susceptible,1221,False,False,False,,False
SRR11947465,Susceptible,2055,False,False,False,,False
SRR11947466,Susceptible,1095,False,False,False,,False
SRR11947467,Susceptible,1249,False,False,False,,False
SRR11947468,Susceptible,576,False,False,False,,False
SRR11947470,Susceptible,1659,False,False,False,,False
SRR11947471,Susceptible,1529,False,False,False,,False
SRR11947473,Susceptible,1375,False,False,False,,False
SRR11947474,Susceptible,1639,False,False,False,,False
SRR11947475,Susceptible,1193,False,False,False,,False
SRR11947476,Susceptible,1451,False,False,False,,False
SRR11947477,Susceptible,2233,False,False,False,,False
SRR11947478,Susceptible,2339,False,False,False,,False
SRR11947479,Susceptible,1217,False,False,False,,False
SRR11947480,Susceptible,1428,False,False,False,,False
SRR11947481,Susceptible,1383,False,False,False,,False
SRR11947483,Susceptible,1398,False,False,False,,False
SRR11947485,Susceptible,883,False,False,False,,False
SRR11947486,Susceptible,1199,False,False,False,,False
SRR11947487,Susceptible,1803,False,False,False,,False
SRR11947490,Susceptible,1566,False,False,False,,False
SRR11947491,Susceptible,1221,False,False,False,,False
SRR11947492,Susceptible,2265,False,False,False,,False
SRR11947493,Susceptible,2247,False,False,False,,False
SRR11947496,Susceptible,1288,False,False,False,,False
SRR11947497,Susceptible,1108,False,False,False,,False
SRR11947498,Susceptible,1346,False,False,False,,False
SRR11947499,Other,1988,False,True,False,uncertain_significance_evidence,True
SRR11947500,Susceptible,870,False,False,False,,False
SRR11947502,Susceptible,1074,False,False,False,,False
SRR11947508,Other,1125,False,False,True,,False
SRR11947509,Susceptible,2158,False,False,False,,False
SRR11947510,Susceptible,1625,False,False,False,,False
SRR11947518,Susceptible,1443,False,False,False,,False
SRR11947519,Susceptible,1152,False,False,False,,False
SRR11947520,Susceptible,1960,False,False,False,,False
SRR11947521,Susceptible,1333,False,False,False,,False
SRR11947522,Susceptible,2172,False,False,False,,False
SRR11947523,Susceptible,1906,False,False,False,,False
SRR11947524,Susceptible,2075,False,False,False,,False
SRR11947525,Susceptible,821,False,False,False,,False
SRR11947526,Susceptible,1248,False,False,False,,False
SRR11947527,Susceptible,1257,False,False,False,,False
SRR11947528,Susceptible,1637,False,False,False,,False
SRR11947529,Susceptible,1293,False,False,False,,False
SRR11947530,Susceptible,1141,False,False,False,,False
SRR11947531,Susceptible,1307,False,False,False,,False
SRR11947532,Susceptible,2472,False,False,False,,False
SRR11947533,Susceptible,1184,False,False,False,,False
SRR11947534,Other,2279,False,False,True,,False
SRR11947535,Susceptible,1253,False,False,False,,False
SRR11947536,Susceptible,1823,False,False,False,,False
SRR11947537,Susceptible,1512,False,False,False,,False
SRR11947538,Susceptible,1794,False,False,False,,False
SRR11947539,Susceptible,1979,False,False,False,,False
SRR11947540,Susceptible,1769,False,False,False,,False
SRR11947541,Susceptible,983,False,False,False,,False
SRR29341506,HR-TB,1481,False,False,True,,False
SRR29341580,Susceptible,3034,False,False,False,,False
SRR30519413,Susceptible,1383,False,False,False,,False
SRR30519414,MDR-TB,1398,False,False,True,,False
SRR30519415,Susceptible,1409,False,False,False,,False
SRR30519416,Susceptible,1360,False,False,False,,False
SRR30519417,Susceptible,1179,False,False,False,,False
SRR30519418,Susceptible,1444,False,False,False,,False
SRR30519419,Susceptible,1521,False,False,False,,False
SRR30519420,Other,883,False,True,False,uncertain_significance_evidence,True
SRR30519421,Susceptible,1240,False,False,False,,False
SRR30519422,Susceptible,2012,False,False,False,,False
SRR30519423,Susceptible,2011,False,False,False,,False
SRR30519424,Susceptible,1490,False,False,False,,False
SRR30519425,Susceptible,1043,False,False,False,,False
SRR30519426,Susceptible,1887,False,False,False,,False
SRR30519427,Susceptible,1413,False,False,False,,False
SRR30519428,Susceptible,1414,False,False,False,,False
SRR30519429,Susceptible,1992,False,False,False,,False
SRR30519430,Susceptible,1510,False,False,False,,False
SRR30519431,Susceptible,1540,False,False,False,,False
SRR30519432,Susceptible,1450,False,False,False,,False
SRR30519433,Susceptible,1416,False,False,False,,False
SRR30519434,Susceptible,1324,False,False,False,,False
SRR30519435,HR-TB,1068,False,False,True,,False
SRR30519436,HR-TB,1506,False,False,True,,False
SRR30519437,Susceptible,1289,False,False,False,,False
SRR30519438,Susceptible,1354,False,False,False,,False
SRR30519439,Susceptible,2084,False,False,False,,False
SRR30519440,HR-TB,1451,False,False,True,,False
SRR30519441,HR-TB,1462,False,False,True,,False
SRR30519442,HR-TB,1437,False,False,True,,False
SRR30519443,Susceptible,1075,False,False,False,,False
SRR30519444,MDR-TB,1549,False,False,True,,False
SRR30519445,Susceptible,1952,False,False,False,,False
SRR30519446,MDR-TB,1492,False,False,True,,False
SRR30519447,Susceptible,2011,False,False,False,,False
SRR30519448,Susceptible,818,False,False,False,,False
SRR30519449,Susceptible,1941,False,False,False,,False
SRR30519450,Other,1979,False,False,True,,False
SRR30519451,Susceptible,1965,False,False,False,,False
SRR30519452,Susceptible,1423,False,False,False,,False
SRR30519453,Susceptible,801,False,False,False,,False
SRR30519454,Other,1519,False,True,False,uncertain_significance_evidence,True
SRR30519455,Susceptible,1436,False,False,False,,False
SRR30519456,Other,1166,False,False,True,,False
SRR30519457,Susceptible,1964,False,False,False,,False
SRR30519458,Susceptible,1477,False,False,False,,False
SRR30519459,Susceptible,1509,False,False,False,,False
SRR30519460,Susceptible,1215,False,False,False,,False
SRR30519461,Susceptible,2003,False,False,False,,False
SRR30519462,Susceptible,1430,False,False,False,,False
SRR30519463,Susceptible,1521,False,False,False,,False
SRR30519464,Other,1528,False,True,False,uncertain_significance_evidence,True
SRR30519465,Susceptible,894,False,False,False,,False
SRR30519466,Susceptible,2011,False,False,False,,False
SRR30519467,Susceptible,1917,False,False,False,,False
SRR30519468,Susceptible,1910,False,False,False,,False
SRR30519469,Susceptible,1380,False,False,False,,False
SRR30519470,Susceptible,1471,False,False,False,,False
SRR30519471,Susceptible,1061,False,False,False,,False
SRR30519472,Susceptible,2009,False,False,False,,False
SRR30519473,Susceptible,1417,False,False,False,,False
SRR30519474,Other,2065,False,False,True,,False
SRR30519475,Other,1377,False,True,False,uncertain_significance_evidence,True
SRR30519476,Susceptible,1975,False,False,False,,False
SRR30519477,Susceptible,1485,False,False,False,,False
SRR30519478,Susceptible,2925,False,False,False,,False
SRR30519479,Susceptible,1339,False,False,False,,False
SRR30519480,Susceptible,1890,False,False,False,,False
SRR30519481,Susceptible,1432,False,False,False,,False
SRR30519482,HR-TB,1400,False,False,True,,False
SRR30519483,Susceptible,1989,False,False,False,,False
SRR30519484,Susceptible,1220,False,False,False,,False
SRR30519485,Susceptible,1431,False,False,False,,False
SRR30519486,Susceptible,2066,False,False,False,,False
SRR30519487,Other,1139,False,True,False,uncertain_significance_evidence,True
SRR30519488,Susceptible,1983,False,False,False,,False
SRR30519489,Susceptible,849,False,False,False,,False
SRR30519490,Susceptible,2049,False,False,False,,False
SRR30519491,Susceptible,1429,False,False,False,,False
SRR30519492,HR-TB,1123,False,False,True,,False
SRR30519493,Susceptible,2000,False,False,False,,False
SRR30519494,Susceptible,2078,False,False,False,,False
SRR30519495,Susceptible,1983,False,False,False,,False
SRR30519496,Susceptible,2025,False,False,False,,False
SRR30519497,Susceptible,1546,False,False,False,,False
SRR30519498,Susceptible,1949,False,False,False,,False
SRR30519499,Susceptible,1302,False,False,False,,False
SRR30519500,Susceptible,1944,False,False,False,,False
SRR30673188,XDR-TB,1378,False,False,True,,False
SRR30673189,RR-TB,2062,False,False,True,,False
SRR30673190,MDR-TB,1486,False,False,True,,False
SRR30673193,MDR-TB,2025,False,False,True,,False
SRR30673194,MDR-TB,1974,False,False,True,,False
SRR30673195,MDR-TB,1231,False,False,True,,False
SRR30673196,XDR-TB,2085,False,False,True,,False
SRR30673197,RR-TB,1388,False,False,True,,False
SRR30673198,MDR-TB,2933,False,False,True,,False
SRR30673199,RR-TB,1233,False,False,True,,False
SRR30673200,MDR-TB,1999,False,False,True,,False
SRR30673201,Pre-XDR-TB,1401,False,False,True,,False
SRR30673202,MDR-TB,2093,False,False,True,,False
SRR30673204,RR-TB,2926,False,False,True,,False
SRR30673205,RR-TB,1991,False,False,True,,False
SRR30673206,RR-TB,2045,False,False,True,,False
SRR30673207,XDR-TB,2024,False,False,True,,False
SRR30673208,MDR-TB,948,False,False,True,,False
SRR30673209,RR-TB,1970,False,False,True,,False
SRR30673210,Pre-XDR-TB,3032,False,False,True,,False
SRR30673211,MDR-TB,1964,False,False,True,,False
SRR30673212,RR-TB,2038,False,False,True,,False
SRR30673213,HR-TB,1494,False,False,True,,False
SRR30673215,XDR-TB,963,False,False,True,,False
SRR30673216,RR-TB,2044,False,False,True,,False
SRR30673217,MDR-TB,2036,False,False,True,,False
SRR30673218,Pre-XDR-TB,1425,False,False,True,,False
SRR30673219,MDR-TB,2917,False,False,True,,False
SRR30673550,Pre-XDR-TB,1980,False,False,True,,False
SRR30673551,XDR-TB,2068,False,False,True,,False
SRR30673552,RR-TB,2103,False,False,True,,False
SRR30673553,Pre-XDR-TB,1275,False,False,True,,False
SRR30673554,RR-TB,2050,False,False,True,,False
SRR30673555,MDR-TB,1955,False,False,True,,False
SRR30673556,Pre-XDR-TB,2052,False,False,True,,False
SRR30673558,RR-TB,2059,False,False,True,,False
SRR30673559,MDR-TB,1532,False,False,True,,False
SRR30673560,Susceptible,2057,False,False,False,,False
SRR30673561,MDR-TB,2897,False,False,True,,False
SRR30673562,Susceptible,2800,False,False,False,,False
SRR30673563,MDR-TB,1992,False,False,True,,False
SRR30673564,MDR-TB,1192,False,False,True,,False
SRR30673565,RR-TB,2009,False,False,True,,False
SRR30673566,MDR-TB,899,False,False,True,,False
SRR30673567,Susceptible,1266,False,False,False,,False
SRR30673570,Susceptible,1474,False,False,False,,False
SRR30673571,Susceptible,2020,False,False,False,,False
SRR30673572,Susceptible,2046,False,False,False,,False
SRR30673573,MDR-TB,1288,False,False,True,,False
SRR30673574,RR-TB,872,False,False,True,,False
SRR30673575,Other,1464,False,False,True,,False
SRR30673576,RR-TB,1892,False,False,True,,False
SRR30673577,Susceptible,1305,False,False,False,,False
SRR30673578,Susceptible,1908,False,False,False,,False
SRR30673579,HR-TB,1372,False,False,True,,False
SRR30673653,XDR-TB,1993,False,False,True,,False
SRR30673654,MDR-TB,1220,False,False,True,,False
SRR30673655,RR-TB,907,False,False,True,,False
SRR30673656,RR-TB,2060,False,False,True,,False
SRR30673657,MDR-TB,2022,False,False,True,,False
SRR30673658,RR-TB,1190,False,False,True,,False
SRR30673660,XDR-TB,1332,False,False,True,,False
SRR30673661,MDR-TB,2913,False,False,True,,False
SRR30673662,XDR-TB,1371,False,False,True,,False
SRR30673663,Pre-XDR-TB,1261,False,False,True,,False
SRR30673664,RR-TB,2839,False,False,True,,False
SRR30673665,MDR-TB,2037,False,False,True,,False
SRR30673666,RR-TB,2221,False,False,True,,False
SRR30673667,Pre-XDR-TB,1542,False,False,True,,False
SRR30673668,MDR-TB,1446,False,False,True,,False
SRR30673669,MDR-TB,2201,False,False,True,,False
SRR30673671,MDR-TB,2019,False,False,True,,False
SRR30673672,Pre-XDR-TB,2940,False,False,True,,False
SRR30673673,RR-TB,942,False,False,True,,False
SRR30673674,XDR-TB,1256,False,False,True,,False
SRR30673675,RR-TB,2090,False,False,True,,False
SRR30673676,RR-TB,2019,False,False,True,,False
SRR30673677,MDR-TB,2085,False,False,True,,False
SRR30673678,Susceptible,1419,False,False,False,,False
SRR30673679,Susceptible,978,False,False,False,,False
SRR30673680,RR-TB,1448,False,False,True,,False
SRR30673681,Susceptible,2024,False,False,False,,False
SRR30673682,RR-TB,1962,False,False,True,,False
SRR30673683,HR-TB,890,False,False,True,,False
SRR30673685,MDR-TB,1257,False,False,True,,False
SRR30673686,Susceptible,2049,False,False,False,,False
SRR30673687,RR-TB,1005,False,False,True,,False
SRR30673688,MDR-TB,2028,False,False,True,,False
SRR30673689,RR-TB,2063,False,False,True,,False
SRR30673690,RR-TB,2003,False,False,True,,False
SRR30673691,RR-TB,1254,False,False,True,,False
SRR30673692,MDR-TB,938,False,False,True,,False
SRR30673693,RR-TB,1923,False,False,True,,False
SRR30673694,XDR-TB,1980,False,False,True,,False
SRR30673696,Susceptible,2009,False,False,False,,False
SRR30673697,RR-TB,2240,False,False,True,,False
SRR30673698,MDR-TB,1263,False,False,True,,False
SRR30673699,Susceptible,901,False,False,False,,False
SRR30673700,RR-TB,2040,False,False,True,,False
SRR30673701,MDR-TB,1274,False,False,True,,False
SRR30673702,RR-TB,1399,False,False,True,,False
SRR30673703,Pre-XDR-TB,1519,False,False,True,,False
SRR30673704,XDR-TB,2005,False,False,True,,False
SRR30673705,Pre-XDR-TB,2050,False,False,True,,False
SRR30673707,RR-TB,2055,False,False,True,,False
SRR30673708,MDR-TB,1305,False,False,True,,False
SRR30673709,MDR-TB,2079,False,False,True,,False
SRR30673716,XDR-TB,1237,False,False,True,,False
SRR30673717,HR-TB,1395,False,False,True,,False
SRR30673718,RR-TB,2079,False,False,True,,False
SRR30673719,XDR-TB,2063,False,False,True,,False
SRR30673720,MDR-TB,1322,False,False,True,,False
SRR30673722,MDR-TB,2055,False,False,True,,False
SRR30673723,MDR-TB,1219,False,False,True,,False
SRR30673724,RR-TB,2023,False,False,True,,False
SRR30673725,MDR-TB,2013,False,False,True,,False
SRR30673726,MDR-TB,2033,False,False,True,,False
SRR30673727,MDR-TB,2959,False,False,True,,False
SRR30673728,Pre-XDR-TB,1271,False,False,True,,False
SRR30673729,Susceptible,1241,False,False,False,,False
SRR30673730,Susceptible,1956,False,False,False,,False
SRR30673731,Susceptible,1513,False,False,False,,False
SRR30673733,XDR-TB,2015,False,False,True,,False
SRR30673734,XDR-TB,1999,False,False,True,,False
SRR30673735,MDR-TB,926,False,False,True,,False
SRR30673736,RR-TB,942,False,False,True,,False
SRR30673737,RR-TB,1370,False,False,True,,False
SRR30673738,Susceptible,1973,False,False,False,,False
SRR30673739,Susceptible,1275,False,False,False,,False
SRR30673740,HR-TB,1408,False,False,True,,False
SRR30673741,Susceptible,1211,False,False,False,,False
SRR30673742,Susceptible,1424,False,False,False,,False
SRR30673744,RR-TB,2086,False,False,True,,False
SRR30673745,Susceptible,1997,False,False,False,,False
SRR30673746,Susceptible,901,False,False,False,,False
SRR30673747,MDR-TB,1578,False,False,True,,False
SRR32327442,Susceptible,1282,False,False,False,,False
SRR32327443,Susceptible,1944,False,False,False,,False
SRR32327444,MDR-TB,1302,False,False,True,,False
SRR32327445,Susceptible,1166,False,False,False,,False
SRR32327446,Susceptible,1292,False,False,False,,False
SRR32327447,Susceptible,1456,False,False,False,,False
SRR32327448,Susceptible,1787,False,False,False,,False
SRR32327449,Susceptible,1693,False,False,False,,False
SRR32327450,Susceptible,1687,False,False,False,,False
SRR32327452,Susceptible,1700,False,False,False,,False
SRR32327453,Susceptible,1198,False,False,False,,False
SRR32327454,Pre-XDR-TB,1159,False,False,True,,False
SRR32327455,Susceptible,1259,False,False,False,,False
SRR32327456,Susceptible,1873,False,False,False,,False
SRR32327457,Susceptible,1180,False,False,False,,False
SRR32327458,RR-TB,1878,False,False,True,,False
SRR32327459,Susceptible,1882,False,False,False,,False
SRR32327460,Susceptible,1351,False,False,False,,False
SRR32327461,Susceptible,1187,False,False,False,,False
SRR32327463,Susceptible,1923,False,False,False,,False
SRR32327464,Susceptible,1872,False,False,False,,False
SRR32327465,Susceptible,1210,False,False,False,,False
SRR32327553,Susceptible,1304,False,False,False,,False
SRR32327554,Susceptible,1184,False,False,False,,False
SRR32327555,Susceptible,1345,False,False,False,,False
SRR32327556,Susceptible,1395,False,False,False,,False
SRR32327557,Susceptible,1921,False,False,False,,False
SRR32327558,HR-TB,2309,False,False,True,,False
SRR32327559,Susceptible,1904,False,False,False,,False
SRR32327560,Susceptible,1347,False,False,False,,False
SRR32327561,Susceptible,1252,False,False,False,,False
SRR32327562,Susceptible,1373,False,False,False,,False
SRR32327564,Susceptible,1239,False,False,False,,False
SRR32327565,Susceptible,1875,False,False,False,,False
SRR32327566,Susceptible,54707,True,False,False,,True
SRR32327567,Susceptible,1170,False,False,False,,False
SRR32327568,HR-TB,1220,False,False,True,,False
SRR32327569,Susceptible,1211,False,False,False,,False
SRR32327570,RR-TB,2717,False,False,True,,False
SRR32327571,Susceptible,1143,False,False,False,,False
SRR32327572,Susceptible,1166,False,False,False,,False
SRR32327573,Susceptible,1209,False,False,False,,False
SRR32327575,Susceptible,1326,False,False,False,,False
SRR32327688,Susceptible,1354,False,False,False,,False
SRR32327689,Susceptible,1871,False,False,False,,False
SRR32327690,Susceptible,1867,False,False,False,,False
SRR32327691,MDR-TB,1888,False,False,True,,False
SRR32327692,Susceptible,1210,False,False,False,,False
SRR32327693,Susceptible,1187,False,False,False,,False
SRR32327694,Susceptible,1193,False,False,False,,False
SRR32327696,HR-TB,1270,False,False,True,,False
SRR32327697,Susceptible,1182,False,False,False,,False
SRR32327698,Susceptible,1309,False,False,False,,False
SRR32327699,Susceptible,1253,False,False,False,,False
SRR32327700,Susceptible,1275,False,False,False,,False
SRR32327701,Susceptible,1157,False,False,False,,False
SRR32327702,Susceptible,1860,False,False,False,,False
SRR32327703,Susceptible,1155,False,False,False,,False
SRR32327704,Susceptible,1230,False,False,False,,False
SRR32327705,Susceptible,1266,False,False,False,,False
SRR32327708,Susceptible,1251,False,False,False,,False
SRR32327709,Susceptible,1883,False,False,False,,False
SRR32526015,Susceptible,5,False,False,False,,False
SRR32526016,XDR-TB,15,False,False,True,,False
SRR32526017,RR-TB,65,False,False,True,,False
SRR32526018,MDR-TB,23,False,False,True,,False
SRR32526019,Susceptible,5,False,False,False,,False
SRR32526020,Susceptible,4,False,False,False,,False
SRR32526021,Susceptible,6,False,False,False,,False
SRR32526022,Pre-XDR-TB,15,False,False,True,,False
SRR32526023,RR-TB,8,False,False,True,,False
SRR32526025,RR-TB,38,False,False,True,,False
SRR32526026,Other,25,False,False,True,,False
SRR32526027,Susceptible,16,False,False,False,,False
SRR32526028,HR-TB,28,False,False,True,,False
SRR32526029,Susceptible,0,False,False,False,,False
SRR32526030,Susceptible,1,False,False,False,,False
SRR32526031,RR-TB,17,False,False,True,,False
SRR32526032,Susceptible,6,False,False,False,,False
SRR32526033,HR-TB,6,False,False,True,,False
SRR32526034,RR-TB,8,False,False,True,,False
SRR32526036,Susceptible,6,False,False,False,,False
SRR32526037,Susceptible,13,False,False,False,,False
SRR32526038,RR-TB,23,False,False,True,,False
SRR32526040,Other,39,False,False,True,,False
SRR32526042,MDR-TB,10,False,False,True,,False
SRR32526043,MDR-TB,10,False,False,True,,False
SRR32526053,RR-TB,39,False,False,True,,False
SRR32526055,RR-TB,16,False,False,True,,False
SRR32526057,RR-TB,11,False,False,True,,False
SRR32526058,RR-TB,9,False,False,True,,False
SRR32526060,Other,27,False,False,True,,False
SRR32526070,RR-TB,6,False,False,True,,False
SRR32526072,Other,82,False,False,True,,False
SRR32526074,Susceptible,21,False,False,False,,False
SRR32526076,MDR-TB,21,False,False,True,,False
SRR32526079,Other,38,False,False,True,,False
SRR32526081,MDR-TB,11,False,False,True,,False
SRR32526082,Susceptible,5,False,False,False,,False
SRR32526093,RR-TB,39,False,False,True,,False
SRR32526097,MDR-TB,11,False,False,True,,False
SRR32526123,Susceptible,1,False,False,False,,False
SRR32526125,RR-TB,47,False,False,True,,False
SRR32526127,Other,12,False,False,True,,False
SRR32526178,Pre-XDR-TB,15,False,False,True,,False
SRR32526180,Other,23,False,False,True,,False
SRR32526185,Susceptible,4,False,False,False,,False
SRR32526190,Susceptible,4,False,False,False,,False
SRR32526191,Other,45,False,False,True,,False
SRR32526192,MDR-TB,14,False,False,True,,False
SRR32526193,Susceptible,3,False,False,False,,False
SRR32526194,MDR-TB,54,False,False,True,,False
SRR32526195,Other,26,False,False,True,,False
SRR32526196,HR-TB,31,False,False,True,,False
SRR32526197,RR-TB,99,False,False,True,,False
SRR32526198,Susceptible,0,False,False,False,,False
SRR32526200,Susceptible,0,False,False,False,,False
SRR32526201,Susceptible,0,False,False,False,,False
SRR32526202,Susceptible,10,False,False,False,,False
SRR32526203,Susceptible,0,False,False,False,,False
SRR32526204,Susceptible,5,False,False,False,,False
SRR32526205,Susceptible,9,False,False,False,,False
SRR32526207,MDR-TB,13,False,False,True,,False
SRR32526208,RR-TB,10,False,False,True,,False
SRR32526211,MDR-TB,18,False,False,True,,False
SRR32526212,Susceptible,5,False,False,False,,False
SRR32526213,Susceptible,2,False,False,False,,False
SRR32526223,HR-TB,15,False,False,True,,False
SRR32526227,Susceptible,5,False,False,False,,False
SRR32526231,Susceptible,17,False,False,False,,False
SRR32526233,Susceptible,0,False,False,False,,False
SRR32526262,XDR-TB,13,False,False,True,,False
SRR32526263,MDR-TB,17,False,False,True,,False
SRR32526265,Susceptible,4,False,False,False,,False
SRR32526268,Susceptible,16,False,False,False,,False
SRR32526269,Susceptible,1,False,False,False,,False
SRR32526270,Susceptible,3,False,False,False,,False
SRR32526272,RR-TB,10,False,False,True,,False
SRR32526273,Susceptible,14,False,False,False,,False
SRR32526293,MDR-TB,125,False,False,True,,False
SRR32526295,XDR-TB,47,False,False,True,,False
SRR32526296,HR-TB,15,False,False,True,,False
SRR32526297,RR-TB,41,False,False,True,,False
SRR32526358,Other,169,False,True,False,uncertain_significance_evidence,True
SRR32526360,Other,72,False,False,True,,False
SRR32526362,Susceptible,5,False,False,False,,False
SRR32526376,Susceptible,8,False,False,False,,False
SRR32526377,Susceptible,0,False,False,False,,False
SRR32526379,Susceptible,1,False,False,False,,False
SRR32526382,Susceptible,0,False,False,False,,False
SRR32526383,Susceptible,2,False,False,False,,False
SRR32526385,RR-TB,17,False,False,True,,False
SRR32526387,MDR-TB,53,False,False,True,,False
SRR32526388,Susceptible,11,False,False,False,,False
SRR32526390,MDR-TB,27,False,False,True,,False
SRR32526394,RR-TB,25,False,False,True,,False
SRR32526395,Pre-XDR-TB,28,False,False,True,,False
SRR32526397,MDR-TB,16,False,False,True,,False
SRR32526419,Susceptible,0,False,False,False,,False
SRR32526421,RR-TB,37,False,False,True,,False
SRR32526422,MDR-TB,15,False,False,True,,False
SRR32526424,RR-TB,30,False,False,True,,False
SRR32526426,Other,40,False,False,True,,False
SRR32526428,RR-TB,4,False,False,True,,False
SRR32526430,MDR-TB,44,False,False,True,,False
SRR32526432,Susceptible,5,False,False,False,,False
SRR32526434,Susceptible,1,False,False,False,,False
SRR32526437,Susceptible,5,False,False,False,,False
SRR32526439,Other,23,False,False,True,,False
SRR32526441,Susceptible,3,False,False,False,,False
SRR32526443,Susceptible,3,False,False,False,,False
SRR32526445,XDR-TB,16,False,False,True,,False
SRR32526525,MDR-TB,13,False,False,True,,False
SRR32526526,RR-TB,7,False,False,True,,False
SRR32526527,RR-TB,32,False,False,True,,False
SRR32526544,Other,70,False,False,True,,False
SRR32526547,RR-TB,68,False,False,True,,False
SRR32526550,Susceptible,1,False,False,False,,False
SRR32526552,RR-TB,13,False,False,True,,False
SRR32526558,Susceptible,0,False,False,False,,False
SRR32526568,Susceptible,4,False,False,False,,False
SRR32526570,RR-TB,25,False,False,True,,False
SRR32526571,HR-TB,12,False,False,True,,False
SRR32526572,Susceptible,3,False,False,False,,False
SRR32526573,Susceptible,0,False,False,False,,False
SRR32526574,Susceptible,0,False,False,False,,False
SRR32526577,Susceptible,22,False,False,False,,False
SRR32526579,RR-TB,25,False,False,True,,False
SRR32526580,Susceptible,0,False,False,False,,False
SRR32526581,Pre-XDR-TB,18,False,False,True,,False
SRR32526583,MDR-TB,31,False,False,True,,False
SRR32526585,RR-TB,75,False,False,True,,False
SRR32526683,Susceptible,16,False,False,False,,False
SRR32526688,RR-TB,10,False,False,True,,False
SRR32526690,RR-TB,8,False,False,True,,False
SRR32526692,Susceptible,14,False,False,False,,False
SRR32526693,RR-TB,10,False,False,True,,False
SRR32526695,Susceptible,4,False,False,False,,False
SRR32861811,Susceptible,1555,False,False,False,,False
SRR32861812,Susceptible,1010,False,False,False,,False
SRR32861813,MDR-TB,2150,False,False,True,,False
SRR32861814,Susceptible,2085,False,False,False,,False
SRR32861815,Susceptible,1596,False,False,False,,False
SRR32861816,MDR-TB,2117,False,False,True,,False
SRR32861830,Other,2133,False,False,True,,False
SRR32861831,Susceptible,1505,False,False,False,,False
SRR32861832,Susceptible,1174,False,False,False,,False
SRR32861833,Other,1319,False,False,True,,False
SRR32861834,Other,1355,False,False,True,,False
SRR32861835,Susceptible,1556,False,False,False,,False
SRR32861836,Susceptible,1610,False,False,False,,False
SRR32861837,Susceptible,1156,False,False,False,,False
SRR32861838,Other,2141,False,False,True,,False
SRR32861839,MDR-TB,2095,False,False,True,,False
SRR32861841,MDR-TB,1641,False,False,True,,False
SRR33015687,Susceptible,1511,False,False,False,,False
SRR33015688,HR-TB,1428,False,False,True,,False
SRR33015689,Susceptible,1469,False,False,False,,False
SRR33015690,Susceptible,2879,False,False,False,,False
SRR33015691,Susceptible,1509,False,False,False,,False
SRR33015692,Susceptible,1504,False,False,False,,False
SRR33015693,Susceptible,2016,False,False,False,,False
SRR33015694,Susceptible,1273,False,False,False,,False
SRR33015695,HR-TB,1427,False,False,True,,False
SRR33015696,MDR-TB,1746,False,False,True,,False
SRR33383892,Pre-XDR-TB,1479,False,False,True,,False
SRR33383893,HR-TB,182415,True,True,False,uncertain_significance_evidence,True
SRR33383894,Pre-XDR-TB,2004,False,False,True,,False
SRR33383895,RR-TB,2045,False,False,True,,False
SRR33383896,Pre-XDR-TB,1256,False,False,True,,False
SRR33383897,Pre-XDR-TB,1263,False,False,True,,False
SRR33383898,Pre-XDR-TB,1264,False,False,True,,False
SRR33383899,MDR-TB,924,False,False,True,,False
SRR33383900,MDR-TB,1276,False,False,True,,False
SRR33383901,Pre-XDR-TB,1192,False,False,True,,False
SRR33383902,XDR-TB,1381,False,False,True,,False
SRR33383903,RR-TB,1664,False,False,True,,False
SRR33383904,Pre-XDR-TB,1375,False,False,True,,False
SRR33383905,Pre-XDR-TB,1216,False,False,True,,False
SRR33383906,Pre-XDR-TB,1260,False,False,True,,False
SRR33383907,Pre-XDR-TB,1944,False,False,True,,False
SRR33383908,MDR-TB,1954,False,False,True,,False
SRR33383909,MDR-TB,1269,False,False,True,,False
SRR33383910,Susceptible,1347,False,False,False,,False
SRR33383911,HR-TB,2086,False,False,True,,False
SRR33383912,Pre-XDR-TB,1443,False,False,True,,False
SRR33383913,Pre-XDR-TB,1281,False,False,True,,False
SRR33383914,MDR-TB,1212,False,False,True,,False
SRR33383915,MDR-TB,1284,False,False,True,,False
SRR33383916,RR-TB,1193,False,False,True,,False
SRR33383917,Pre-XDR-TB,1229,False,False,True,,False
SRR33383918,Pre-XDR-TB,2928,False,False,True,,False
SRR33383919,Pre-XDR-TB,1471,False,False,True,,False
SRR33383920,Pre-XDR-TB,1230,False,False,True,,False
SRR33383921,XDR-TB,1703,False,False,True,,False
SRR33383922,XDR-TB,1237,False,False,True,,False
SRR33383923,MDR-TB,1921,False,False,True,,False
SRR33383924,Pre-XDR-TB,1530,False,False,True,,False
SRR33383925,XDR-TB,3292,False,False,True,,False
SRR33383926,Pre-XDR-TB,1515,False,False,True,,False
SRR33383927,Pre-XDR-TB,1191,False,False,True,,False
SRR33383928,Pre-XDR-TB,1223,False,False,True,,False
SRR33383929,MDR-TB,1998,False,False,True,,False
SRR33383930,Pre-XDR-TB,1894,False,False,True,,False
SRR33383931,Pre-XDR-TB,1114,False,False,True,,False
SRR33383932,MDR-TB,1479,False,False,True,,False
SRR33383933,HR-TB,232006,True,True,False,uncertain_significance_evidence,True
SRR33383934,HR-TB,188937,True,True,False,uncertain_significance_evidence,True
SRR33383935,Pre-XDR-TB,1199,False,False,True,,False
SRR33383936,Pre-XDR-TB,1473,False,False,True,,False
SRR33383937,MDR-TB,1226,False,False,True,,False
SRR33383938,Pre-XDR-TB,1180,False,False,True,,False
SRR33383939,MDR-TB,31676,True,False,True,,True
SRR33383940,MDR-TB,1884,False,False,True,,False
SRR33383941,Susceptible,1169,False,False,False,,False
SRR33383942,RR-TB,1858,False,False,True,,False
SRR33383943,XDR-TB,2022,False,False,True,,False
SRR33383944,HR-TB,189587,True,True,False,uncertain_significance_evidence,True
SRR33383945,MDR-TB,1906,False,False,True,,False
SRR33383946,Pre-XDR-TB,1876,False,False,True,,False
SRR33383947,XDR-TB,1137,False,False,True,,False
SRR33383948,Pre-XDR-TB,1396,False,False,True,,False
SRR33383949,XDR-TB,1230,False,False,True,,False
SRR33383950,HR-TB,1408,False,False,True,,False
SRR33383951,Pre-XDR-TB,1992,False,False,True,,False
SRR33383952,MDR-TB,1937,False,False,True,,False
SRR33383953,Pre-XDR-TB,1420,False,False,True,,False
SRR33383954,Pre-XDR-TB,1231,False,False,True,,False
SRR33383955,Pre-XDR-TB,1246,False,False,True,,False
SRR33383956,Pre-XDR-TB,1957,False,False,True,,False
SRR33383957,Pre-XDR-TB,1170,False,False,True,,False
SRR33383958,Pre-XDR-TB,1222,False,False,True,,False
SRR33383959,MDR-TB,1988,False,False,True,,False
SRR33383960,XDR-TB,1276,False,False,True,,False
SRR33383961,Pre-XDR-TB,1352,False,False,True,,False
SRR33383962,Pre-XDR-TB,1946,False,False,True,,False
SRR33383963,XDR-TB,1923,False,False,True,,False
SRR33383964,Pre-XDR-TB,1223,False,False,True,,False
SRR33383965,Pre-XDR-TB,1179,False,False,True,,False
SRR33383966,XDR-TB,1239,False,False,True,,False
SRR33383967,XDR-TB,1239,False,False,True,,False
SRR33383968,Pre-XDR-TB,2896,False,False,True,,False
SRR33383969,Pre-XDR-TB,1953,False,False,True,,False
SRR33383970,Pre-XDR-TB,1966,False,False,True,,False
SRR33383971,MDR-TB,901,False,False,True,,False
SRR33383972,MDR-TB,904,False,False,True,,False
SRR33383973,Susceptible,1454,False,False,False,,False
SRR33383974,MDR-TB,1349,False,False,True,,False
SRR33383975,MDR-TB,1193,False,False,True,,False
SRR33383976,Pre-XDR-TB,1205,False,False,True,,False
SRR33383977,MDR-TB,1182,False,False,True,,False
SRR33383978,XDR-TB,1936,False,False,True,,False
SRR33383979,Pre-XDR-TB,1956,False,False,True,,False
SRR33383980,XDR-TB,1928,False,False,True,,False
SRR33383981,MDR-TB,1377,False,False,True,,False
SRR33383982,Pre-XDR-TB,1208,False,False,True,,False
SRR33383983,Pre-XDR-TB,1952,False,False,True,,False
SRR33383984,Pre-XDR-TB,1264,False,False,True,,False
SRR33383985,MDR-TB,936,False,False,True,,False
SRR33383986,Pre-XDR-TB,1265,False,False,True,,False
SRR33383987,Pre-XDR-TB,1450,False,False,True,,False
SRR33383988,MDR-TB,1425,False,False,True,,False
SRR33383989,Susceptible,24859,True,False,False,,True
SRR33383990,XDR-TB,1213,False,False,True,,False
SRR33383991,HR-TB,186602,True,True,False,uncertain_significance_evidence,True
SRR33383992,Pre-XDR-TB,1252,False,False,True,,False
SRR33383993,Other,184764,True,True,False,uncertain_significance_evidence,True
SRR33383994,Pre-XDR-TB,1177,False,False,True,,False
SRR33383995,Susceptible,1399,False,False,False,,False
SRR33383996,Pre-XDR-TB,1253,False,False,True,,False
SRR33383997,Pre-XDR-TB,1234,False,False,True,,False
SRR33383998,HR-TB,258601,True,True,False,uncertain_significance_evidence,True
SRR33383999,Pre-XDR-TB,1469,False,False,True,,False
SRR33384000,XDR-TB,1281,False,False,True,,False
SRR33384001,Pre-XDR-TB,1434,False,False,True,,False
SRR33384002,Pre-XDR-TB,1972,False,False,True,,False
SRR33384003,MDR-TB,932,False,False,True,,False
SRR33384004,MDR-TB,934,False,False,True,,False
SRR33384005,MDR-TB,888,False,False,True,,False
SRR33384006,Pre-XDR-TB,1970,False,False,True,,False
SRR33384007,Pre-XDR-TB,1426,False,False,True,,False
SRR33384008,Pre-XDR-TB,1284,False,False,True,,False
SRR33384009,MDR-TB,1264,False,False,True,,False
SRR33384010,Pre-XDR-TB,1245,False,False,True,,False
SRR33384011,XDR-TB,1256,False,False,True,,False
SRR33384012,XDR-TB,941,False,False,True,,False
SRR33384013,Pre-XDR-TB,2007,False,False,True,,False
SRR33384014,Pre-XDR-TB,1270,False,False,True,,False
SRR33384015,Pre-XDR-TB,2051,False,False,True,,False
SRR33384016,Pre-XDR-TB,1302,False,False,True,,False
SRR33384017,Pre-XDR-TB,1270,False,False,True,,False
SRR33384018,Pre-XDR-TB,863,False,False,True,,False
SRR33384019,Pre-XDR-TB,1244,False,False,True,,False
SRR33384020,Pre-XDR-TB,1197,False,False,True,,False
SRR33384021,MDR-TB,1280,False,False,True,,False
SRR33384022,MDR-TB,1276,False,False,True,,False
SRR33384023,Pre-XDR-TB,1270,False,False,True,,False
SRR33384024,Pre-XDR-TB,1992,False,False,True,,False
SRR33384025,MDR-TB,1265,False,False,True,,False
SRR33384026,HR-TB,189297,True,True,False,uncertain_significance_evidence,True
SRR33384027,MDR-TB,1053,False,False,True,,False
SRR33384028,HR-TB,195266,True,True,False,uncertain_significance_evidence,True
SRR33384029,MDR-TB,1279,False,False,True,,False
SRR33384030,Pre-XDR-TB,1277,False,False,True,,False
SRR33384031,HR-TB,1178,False,False,True,,False
SRR33384032,Pre-XDR-TB,1278,False,False,True,,False
SRR33384033,Pre-XDR-TB,1260,False,False,True,,False
SRR33384034,Pre-XDR-TB,1279,False,False,True,,False
SRR33384035,Pre-XDR-TB,2005,False,False,True,,False
SRR33384036,Pre-XDR-TB,1275,False,False,True,,False
SRR33384037,Pre-XDR-TB,1992,False,False,True,,False
SRR33384038,HR-TB,198276,True,True,False,uncertain_significance_evidence,True
SRR33384039,Pre-XDR-TB,1299,False,False,True,,False
SRR33384040,Pre-XDR-TB,948,False,False,True,,False
SRR33384042,Pre-XDR-TB,1401,False,False,True,,False
SRR33384043,Pre-XDR-TB,1280,False,False,True,,False
SRR33384044,HR-TB,200966,True,True,False,uncertain_significance_evidence,True
SRR33384045,Pre-XDR-TB,1330,False,False,True,,False
SRR33384046,Pre-XDR-TB,1973,False,False,True,,False
SRR33384047,HR-TB,199801,True,True,False,uncertain_significance_evidence,True
SRR33384048,Pre-XDR-TB,1225,False,False,True,,False
SRR33384049,Pre-XDR-TB,1964,False,False,True,,False
SRR33384050,Pre-XDR-TB,1271,False,False,True,,False
SRR33384051,MDR-TB,2048,False,False,True,,False
SRR33384052,Pre-XDR-TB,1956,False,False,True,,False
SRR33384053,Pre-XDR-TB,1709,False,False,True,,False
SRR33384054,Pre-XDR-TB,1265,False,False,True,,False
SRR33384055,XDR-TB,2972,False,False,True,,False
SRR33384056,Pre-XDR-TB,1211,False,False,True,,False
SRR33384057,Pre-XDR-TB,2853,False,False,True,,False
SRR33384058,XDR-TB,1635,False,False,True,,False
SRR33384059,Pre-XDR-TB,116590,True,False,True,,True
SRR33384060,XDR-TB,1957,False,False,True,,False
SRR33384061,Pre-XDR-TB,1745,False,False,True,,False
SRR33384062,Pre-XDR-TB,1200,False,False,True,,False
SRR33384063,RR-TB,1468,False,False,True,,False
SRR33384064,MDR-TB,2193,False,False,True,,False
SRR33384065,Pre-XDR-TB,1463,False,False,True,,False
SRR33384066,Pre-XDR-TB,1972,False,False,True,,False
SRR33384067,Pre-XDR-TB,1627,False,False,True,,False
SRR33384068,HR-TB,1470,False,False,True,,False
SRR33384069,Pre-XDR-TB,1431,False,False,True,,False
SRR33384070,HR-TB,2053,False,False,True,,False
SRR33384071,Pre-XDR-TB,1220,False,False,True,,False
SRR33384072,Pre-XDR-TB,1209,False,False,True,,False
SRR33384073,Pre-XDR-TB,1244,False,False,True,,False
SRR33384074,Pre-XDR-TB,918,False,False,True,,False
SRR33384075,XDR-TB,1214,False,False,True,,False
SRR33384076,Pre-XDR-TB,2817,False,False,True,,False
SRR33384077,Pre-XDR-TB,1476,False,False,True,,False
SRR33384078,Pre-XDR-TB,3630,False,False,True,,False
SRR33384079,MDR-TB,898,False,False,True,,False
SRR33384080,XDR-TB,1269,False,False,True,,False
SRR33384081,Pre-XDR-TB,1188,False,False,True,,False
SRR33384082,Pre-XDR-TB,1202,False,False,True,,False
SRR33384083,Pre-XDR-TB,1230,False,False,True,,False
SRR33384084,MDR-TB,2017,False,False,True,,False
SRR33384085,XDR-TB,1139,False,False,True,,False
SRR33384086,Pre-XDR-TB,1163,False,False,True,,False
SRR33384087,Pre-XDR-TB,1910,False,False,True,,False
SRR33384088,XDR-TB,2808,False,False,True,,False
SRR33384089,Pre-XDR-TB,911,False,False,True,,False
SRR33384090,XDR-TB,2847,False,False,True,,False
SRR33384091,Pre-XDR-TB,1928,False,False,True,,False
SRR33384092,MDR-TB,859,False,False,True,,False
SRR33384093,Pre-XDR-TB,1855,False,False,True,,False
SRR33384094,Pre-XDR-TB,1175,False,False,True,,False
SRR33384095,MDR-TB,1281,False,False,True,,False
SRR33384096,Pre-XDR-TB,1264,False,False,True,,False
SRR33384097,Pre-XDR-TB,1968,False,False,True,,False
SRR33384098,Pre-XDR-TB,1183,False,False,True,,False
SRR33384099,Pre-XDR-TB,1226,False,False,True,,False
SRR33384100,MDR-TB,962,False,False,True,,False
SRR33384101,MDR-TB,2022,False,False,True,,False
SRR33384102,Pre-XDR-TB,881,False,False,True,,False
SRR33384103,RR-TB,2015,False,False,True,,False
SRR33384104,Pre-XDR-TB,1213,False,False,True,,False
SRR33384105,MDR-TB,903,False,False,True,,False
SRR33384106,Pre-XDR-TB,1454,False,False,True,,False
SRR33384107,Pre-XDR-TB,1180,False,False,True,,False
SRR33384108,XDR-TB,2925,False,False,True,,False
SRR33384109,XDR-TB,1219,False,False,True,,False
SRR33384110,Pre-XDR-TB,1192,False,False,True,,False
SRR33384111,HR-TB,1970,False,False,True,,False
SRR33384112,Pre-XDR-TB,1816,False,False,True,,False
SRR33384113,Pre-XDR-TB,1207,False,False,True,,False
SRR33384114,MDR-TB,1213,False,False,True,,False
SRR33384115,Pre-XDR-TB,1256,False,False,True,,False
SRR33384116,Pre-XDR-TB,1395,False,False,True,,False
SRR33384117,XDR-TB,1938,False,False,True,,False
SRR33384118,MDR-TB,898,False,False,True,,False
SRR33384119,Pre-XDR-TB,1201,False,False,True,,False
SRR33384120,MDR-TB,1897,False,False,True,,False
SRR33384121,Pre-XDR-TB,1200,False,False,True,,False
SRR33384122,MDR-TB,1990,False,False,True,,False
SRR33384123,Susceptible,1401,False,False,False,,False
SRR33384124,XDR-TB,1258,False,False,True,,False
SRR33384125,Pre-XDR-TB,1401,False,False,True,,False
SRR33384126,MDR-TB,1364,False,False,True,,False
SRR33384127,Pre-XDR-TB,853,False,False,True,,False
SRR33384128,MDR-TB,1213,False,False,True,,False
SRR33384129,MDR-TB,1216,False,False,True,,False
SRR33384130,MDR-TB,1371,False,False,True,,False
SRR33384131,Pre-XDR-TB,1227,False,False,True,,False
SRR33384132,Pre-XDR-TB,1202,False,False,True,,False
SRR33384133,Pre-XDR-TB,1216,False,False,True,,False
SRR33384134,XDR-TB,1916,False,False,True,,False
SRR33384135,HR-TB,256740,True,True,False,uncertain_significance_evidence,True
SRR33384136,Pre-XDR-TB,1239,False,False,True,,False
SRR33384137,XDR-TB,1233,False,False,True,,False
SRR33384138,Pre-XDR-TB,1914,False,False,True,,False
SRR33384139,Pre-XDR-TB,1239,False,False,True,,False
SRR33384140,XDR-TB,1251,False,False,True,,False
SRR33384141,Pre-XDR-TB,1381,False,False,True,,False
SRR33384142,Pre-XDR-TB,1167,False,False,True,,False
SRR33384143,Pre-XDR-TB,1209,False,False,True,,False
SRR33384144,Pre-XDR-TB,2017,False,False,True,,False
SRR33384145,Pre-XDR-TB,1425,False,False,True,,False
SRR33384146,Pre-XDR-TB,3005,False,False,True,,False
SRR33384147,Pre-XDR-TB,2013,False,False,True,,False
SRR33384148,XDR-TB,2042,False,False,True,,False
SRR33384149,Pre-XDR-TB,1221,False,False,True,,False
SRR33384150,Pre-XDR-TB,1200,False,False,True,,False
SRR33384151,Pre-XDR-TB,2081,False,False,True,,False
SRR33384152,MDR-TB,948,False,False,True,,False
SRR33384153,Pre-XDR-TB,2009,False,False,True,,False
SRR33384154,HR-TB,2049,False,True,False,uncertain_significance_evidence,True
SRR33384155,Pre-XDR-TB,2023,False,False,True,,False
SRR33384156,XDR-TB,1283,False,False,True,,False
SRR33384157,XDR-TB,1511,False,False,True,,False
SRR33384158,Pre-XDR-TB,1992,False,False,True,,False
SRR33384159,XDR-TB,1521,False,False,True,,False
SRR33384160,Pre-XDR-TB,933,False,False,True,,False
SRR33384161,Pre-XDR-TB,1175,False,False,True,,False
SRR33384162,HR-TB,2045,False,True,False,uncertain_significance_evidence,True
SRR33384163,XDR-TB,1547,False,False,True,,False
SRR33384164,Pre-XDR-TB,2022,False,False,True,,False
SRR33384165,Pre-XDR-TB,902,False,False,True,,False
SRR33384166,Pre-XDR-TB,2029,False,False,True,,False
SRR33384167,Pre-XDR-TB,1467,False,False,True,,False
SRR33384168,Pre-XDR-TB,2014,False,False,True,,False
SRR33384169,Pre-XDR-TB,2006,False,False,True,,False
SRR33384170,Pre-XDR-TB,1465,False,False,True,,False
SRR33384171,Pre-XDR-TB,1277,False,False,True,,False
SRR33384172,Pre-XDR-TB,1228,False,False,True,,False
SRR33384173,MDR-TB,865,False,False,True,,False
SRR33384174,MDR-TB,1277,False,False,True,,False
SRR33384175,MDR-TB,2027,False,False,True,,False
SRR33384176,MDR-TB,1333,False,False,True,,False
SRR33384177,Pre-XDR-TB,937,False,False,True,,False
SRR33384178,Pre-XDR-TB,1277,False,False,True,,False
SRR33384179,Pre-XDR-TB,1996,False,False,True,,False
SRR33384180,Pre-XDR-TB,1454,False,False,True,,False
SRR33384181,Pre-XDR-TB,1278,False,False,True,,False
SRR33384182,HR-TB,195070,True,True,False,uncertain_significance_evidence,True
SRR33384183,Pre-XDR-TB,1889,False,False,True,,False
SRR33384184,Pre-XDR-TB,1906,False,False,True,,False
SRR33384185,Pre-XDR-TB,1263,False,False,True,,False
SRR33384186,MDR-TB,954,False,False,True,,False
SRR33384187,Pre-XDR-TB,1275,False,False,True,,False
SRR33384188,Pre-XDR-TB,1424,False,False,True,,False
SRR33384189,XDR-TB,1265,False,False,True,,False
SRR33384190,MDR-TB,1268,False,False,True,,False
SRR33384191,XDR-TB,2040,False,False,True,,False
SRR33384192,XDR-TB,2029,False,False,True,,False
SRR33384193,MDR-TB,2063,False,False,True,,False
SRR33384194,XDR-TB,1475,False,False,True,,False
SRR33384195,Pre-XDR-TB,1227,False,False,True,,False
SRR33384196,XDR-TB,1252,False,False,True,,False
SRR33384197,XDR-TB,2002,False,False,True,,False
SRR33384198,Pre-XDR-TB,1276,False,False,True,,False
SRR33384199,Pre-XDR-TB,2036,False,False,True,,False
SRR33384200,Pre-XDR-TB,3006,False,False,True,,False
SRR33384201,XDR-TB,1250,False,False,True,,False
SRR33384202,Pre-XDR-TB,1287,False,False,True,,False
SRR33384203,HR-TB,2104,False,False,True,,False
SRR33384204,Pre-XDR-TB,2474,False,False,True,,False
SRR33384205,MDR-TB,944,False,False,True,,False
SRR33384206,MDR-TB,891,False,False,True,,False
SRR33384207,Pre-XDR-TB,1277,False,False,True,,False
SRR33384208,Pre-XDR-TB,1200,False,False,True,,False
SRR33384209,XDR-TB,1277,False,False,True,,False
SRR33384210,XDR-TB,1247,False,False,True,,False
SRR33384211,XDR-TB,941,False,False,True,,False
SRR33384212,XDR-TB,1643,False,False,True,,False
SRR33384213,Susceptible,47726,True,False,False,,True
SRR33384214,Pre-XDR-TB,1978,False,False,True,,False
SRR33384215,Pre-XDR-TB,942,False,False,True,,False
SRR33384216,Pre-XDR-TB,1259,False,False,True,,False
SRR33384217,Susceptible,86462,True,False,False,,True
SRR33384218,Pre-XDR-TB,1435,False,False,True,,False
SRR33384219,Pre-XDR-TB,1212,False,False,True,,False
SRR33384220,Pre-XDR-TB,2030,False,False,True,,False
SRR33384221,XDR-TB,2040,False,False,True,,False
SRR33384222,Pre-XDR-TB,1250,False,False,True,,False
SRR33384223,MDR-TB,1380,False,False,True,,False
SRR33384224,Pre-XDR-TB,1988,False,False,True,,False
SRR33384225,Pre-XDR-TB,1250,False,False,True,,False
SRR33384226,Pre-XDR-TB,1258,False,False,True,,False
SRR33384227,Pre-XDR-TB,1996,False,False,True,,False
SRR33384228,Pre-XDR-TB,1265,False,False,True,,False
SRR33384229,XDR-TB,2943,False,False,True,,False
SRR33384230,HR-TB,107551,True,True,False,uncertain_significance_evidence,True
SRR33384231,Pre-XDR-TB,2008,False,False,True,,False
SRR33384232,Pre-XDR-TB,2011,False,False,True,,False
SRR33384233,XDR-TB,2026,False,False,True,,False
SRR33384234,Pre-XDR-TB,2005,False,False,True,,False
SRR33384235,MDR-TB,1285,False,False,True,,False
SRR33384236,MDR-TB,2065,False,False,True,,False
SRR33384237,Pre-XDR-TB,1233,False,False,True,,False
SRR33384238,XDR-TB,2047,False,False,True,,False
SRR33384239,Pre-XDR-TB,2026,False,False,True,,False
SRR33384240,Pre-XDR-TB,1988,False,False,True,,False
SRR33384241,Pre-XDR-TB,2026,False,False,True,,False
SRR33384242,XDR-TB,1271,False,False,True,,False
SRR33384243,Pre-XDR-TB,2016,False,False,True,,False
SRR33384244,Pre-XDR-TB,1303,False,False,True,,False
SRR33384245,Pre-XDR-TB,1944,False,False,True,,False
SRR33384246,XDR-TB,1222,False,False,True,,False
SRR33384247,Pre-XDR-TB,1940,False,False,True,,False
SRR33384248,Pre-XDR-TB,1190,False,False,True,,False
SRR33384249,Pre-XDR-TB,1272,False,False,True,,False
SRR33384250,Pre-XDR-TB,1211,False,False,True,,False
SRR33384251,Pre-XDR-TB,2008,False,False,True,,False
SRR33384252,XDR-TB,2022,False,False,True,,False
SRR33384253,Pre-XDR-TB,1928,False,False,True,,False
SRR33384254,Pre-XDR-TB,2015,False,False,True,,False
SRR33384255,MDR-TB,1404,False,False,True,,False
SRR33384256,MDR-TB,1280,False,False,True,,False
SRR33384257,Pre-XDR-TB,1422,False,False,True,,False
SRR33384258,MDR-TB,1263,False,False,True,,False
SRR33384259,Pre-XDR-TB,1229,False,False,True,,False
SRR33384260,Pre-XDR-TB,1492,False,False,True,,False
SRR33384261,Pre-XDR-TB,2833,False,False,True,,False
SRR33384262,XDR-TB,2316,False,False,True,,False
SRR33384263,XDR-TB,1503,False,False,True,,False
SRR33384264,Pre-XDR-TB,1615,False,False,True,,False
SRR33384265,HR-TB,1210,False,False,True,,False
SRR33384266,Pre-XDR-TB,1227,False,False,True,,False
SRR33384267,Pre-XDR-TB,1287,False,False,True,,False
SRR33384268,Pre-XDR-TB,1204,False,False,True,,False
SRR33384269,MDR-TB,1260,False,False,True,,False
SRR33384270,MDR-TB,1245,False,False,True,,False
SRR33384271,Pre-XDR-TB,1290,False,False,True,,False
SRR33384272,Pre-XDR-TB,1446,False,False,True,,False
SRR33384273,Pre-XDR-TB,2289,False,False,True,,False
SRR33384274,MDR-TB,1655,False,False,True,,False
SRR33384275,Pre-XDR-TB,1285,False,False,True,,False
SRR33384276,Pre-XDR-TB,1957,False,False,True,,False
SRR33384277,Pre-XDR-TB,1215,False,False,True,,False
SRR33384278,Pre-XDR-TB,1245,False,False,True,,False
SRR33384279,Pre-XDR-TB,1256,False,False,True,,False
SRR33384280,RR-TB,2054,False,False,True,,False
SRR33384281,Pre-XDR-TB,1270,False,False,True,,False
SRR33384282,Pre-XDR-TB,2005,False,False,True,,False
SRR33384283,Pre-XDR-TB,2008,False,False,True,,False
SRR33384284,Pre-XDR-TB,1222,False,False,True,,False
SRR33384285,MDR-TB,1987,False,False,True,,False
SRR33384286,Pre-XDR-TB,1924,False,False,True,,False
SRR33384287,Susceptible,2004,False,False,False,,False
SRR33384288,MDR-TB,1178,False,False,True,,False
SRR33384289,Pre-XDR-TB,2025,False,False,True,,False
SRR33384290,Pre-XDR-TB,1158,False,False,True,,False
SRR33384291,Pre-XDR-TB,1282,False,False,True,,False
SRR33384292,Pre-XDR-TB,1227,False,False,True,,False
SRR33384293,HR-TB,1285,False,False,True,,False
SRR33384294,Pre-XDR-TB,1236,False,False,True,,False
SRR33384295,Other,194051,True,True,False,uncertain_significance_evidence,True
SRR33384296,Pre-XDR-TB,1250,False,False,True,,False
SRR33384297,Pre-XDR-TB,1254,False,False,True,,False
SRR33384298,RR-TB,2021,False,False,True,,False
SRR33384299,XDR-TB,1263,False,False,True,,False
SRR33384300,MDR-TB,930,False,False,True,,False
SRR33384301,Pre-XDR-TB,1254,False,False,True,,False
SRR33384302,Pre-XDR-TB,1184,False,False,True,,False
SRR33384303,Pre-XDR-TB,1233,False,False,True,,False
SRR33384304,XDR-TB,916,False,False,True,,False
SRR33384305,Susceptible,1398,False,False,False,,False
SRR33384306,Pre-XDR-TB,1262,False,False,True,,False
SRR33384307,Pre-XDR-TB,1967,False,False,True,,False
SRR33384308,Pre-XDR-TB,1283,False,False,True,,False
SRR33384309,Pre-XDR-TB,2013,False,False,True,,False
SRR33384310,Pre-XDR-TB,2088,False,False,True,,False
SRR33384311,Pre-XDR-TB,1269,False,False,True,,False
SRR33384312,Pre-XDR-TB,880,False,False,True,,False
SRR33384313,Pre-XDR-TB,2026,False,False,True,,False
SRR33384314,Pre-XDR-TB,1196,False,False,True,,False
SRR33384315,XDR-TB,2007,False,False,True,,False
SRR33384316,Pre-XDR-TB,2013,False,False,True,,False
SRR33384317,Pre-XDR-TB,1996,False,False,True,,False
SRR33384318,Susceptible,1241,False,False,False,,False
SRR33384319,XDR-TB,1240,False,False,True,,False
SRR33384320,Pre-XDR-TB,1299,False,False,True,,False
SRR33384321,HR-TB,91277,True,True,False,uncertain_significance_evidence,True
SRR33384322,MDR-TB,2054,False,False,True,,False
SRR33384323,Pre-XDR-TB,1253,False,False,True,,False
SRR33384324,Pre-XDR-TB,1253,False,False,True,,False
SRR33384325,Pre-XDR-TB,1214,False,False,True,,False
SRR33384326,Pre-XDR-TB,1429,False,False,True,,False
SRR33384327,Pre-XDR-TB,1995,False,False,True,,False
SRR33384328,HR-TB,81953,True,True,False,uncertain_significance_evidence,True
SRR33384329,Pre-XDR-TB,2086,False,False,True,,False
SRR33384330,Pre-XDR-TB,1256,False,False,True,,False
SRR33384331,MDR-TB,2117,False,False,True,,False
SRR33384332,HR-TB,180654,True,True,False,uncertain_significance_evidence,True
SRR33384333,RR-TB,2059,False,False,True,,False
SRR33384334,Pre-XDR-TB,1287,False,False,True,,False
SRR33384335,XDR-TB,2039,False,False,True,,False
SRR33384336,Pre-XDR-TB,1215,False,False,True,,False
SRR33384337,MDR-TB,1312,False,False,True,,False
SRR33384338,Pre-XDR-TB,1277,False,False,True,,False
SRR33384339,XDR-TB,1287,False,False,True,,False
SRR33384340,Pre-XDR-TB,1274,False,False,True,,False
SRR33384341,Pre-XDR-TB,1273,False,False,True,,False
SRR33384342,XDR-TB,1280,False,False,True,,False
SRR33384343,RR-TB,985,False,False,True,,False
SRR33384344,XDR-TB,1894,False,False,True,,False
SRR33384345,Pre-XDR-TB,1880,False,False,True,,False
SRR33384346,Pre-XDR-TB,1201,False,False,True,,False
SRR33384347,Other,2030,False,False,True,,False
SRR33384348,XDR-TB,1901,False,False,True,,False
SRR33384349,XDR-TB,1131,False,False,True,,False
SRR33384350,XDR-TB,1930,False,False,True,,False
SRR33384351,XDR-TB,3555,False,False,True,,False
SRR33384352,XDR-TB,1967,False,False,True,,False
SRR33384353,Pre-XDR-TB,1208,False,False,True,,False
SRR33384354,Pre-XDR-TB,1251,False,False,True,,False
SRR33384355,Pre-XDR-TB,1268,False,False,True,,False
SRR33384356,XDR-TB,1545,False,False,True,,False
SRR33384357,Pre-XDR-TB,1235,False,False,True,,False
SRR33384358,Susceptible,1218,False,False,False,,False
SRR33384359,Pre-XDR-TB,1505,False,False,True,,False
SRR33384360,Pre-XDR-TB,1253,False,False,True,,False
SRR33384361,MDR-TB,1406,False,False,True,,False
SRR33384362,HR-TB,200511,True,True,False,uncertain_significance_evidence,True
SRR33384363,Pre-XDR-TB,1983,False,False,True,,False
SRR33384364,MDR-TB,1924,False,False,True,,False
SRR33384365,Pre-XDR-TB,1249,False,False,True,,False
SRR33384366,Pre-XDR-TB,1352,False,False,True,,False
SRR33384367,Pre-XDR-TB,1952,False,False,True,,False
SRR33384368,Pre-XDR-TB,1226,False,False,True,,False
SRR33384369,MDR-TB,1197,False,False,True,,False
SRR33384370,Susceptible,2002,False,False,False,,False
SRR33384371,Pre-XDR-TB,1978,False,False,True,,False
SRR33384372,Pre-XDR-TB,1928,False,False,True,,False
SRR33384373,HR-TB,2479,False,False,True,,False
SRR33384374,HR-TB,2067,False,False,True,,False
SRR33384375,HR-TB,209892,True,True,False,uncertain_significance_evidence,True
SRR33384376,XDR-TB,1934,False,False,True,,False
SRR33384377,Pre-XDR-TB,1214,False,False,True,,False
SRR33384378,Pre-XDR-TB,2793,False,False,True,,False
SRR33384379,Pre-XDR-TB,1200,False,False,True,,False
SRR33384380,Pre-XDR-TB,1214,False,False,True,,False
SRR33384381,Pre-XDR-TB,2021,False,False,True,,False
SRR33384382,Pre-XDR-TB,1210,False,False,True,,False
SRR33384383,Pre-XDR-TB,1252,False,False,True,,False
SRR33384384,MDR-TB,879,False,False,True,,False
SRR33384385,Pre-XDR-TB,1233,False,False,True,,False
SRR33384386,XDR-TB,1188,False,False,True,,False
SRR33384387,Pre-XDR-TB,1210,False,False,True,,False
SRR33384388,Pre-XDR-TB,1258,False,False,True,,False
SRR33384389,XDR-TB,1913,False,False,True,,False
SRR33384390,Pre-XDR-TB,1919,False,False,True,,False
SRR33384391,Pre-XDR-TB,1240,False,False,True,,False
SRR33384392,XDR-TB,3117,False,False,True,,False
SRR33384393,Pre-XDR-TB,2902,False,False,True,,False
SRR33384394,MDR-TB,2129,False,False,True,,False
SRR33384395,MDR-TB,654,False,False,True,,False
SRR33384396,MDR-TB,1938,False,False,True,,False
SRR33384397,Pre-XDR-TB,1308,False,False,True,,False
SRR33384398,MDR-TB,1183,False,False,True,,False
SRR33384399,XDR-TB,1921,False,False,True,,False
SRR33384400,Pre-XDR-TB,1252,False,False,True,,False
SRR33384401,Susceptible,1194,False,False,False,,False
SRR33384402,Pre-XDR-TB,1236,False,False,True,,False
SRR33384403,Pre-XDR-TB,1242,False,False,True,,False
SRR33384404,Pre-XDR-TB,1222,False,False,True,,False
SRR33384405,Pre-XDR-TB,1258,False,False,True,,False
SRR33384406,Pre-XDR-TB,1234,False,False,True,,False
SRR33384407,RR-TB,2015,False,False,True,,False
SRR33384408,Pre-XDR-TB,1250,False,False,True,,False
SRR33384409,Pre-XDR-TB,1209,False,False,True,,False
SRR33384410,Pre-XDR-TB,918,False,False,True,,False
SRR33384411,Pre-XDR-TB,1909,False,False,True,,False
SRR33384412,Pre-XDR-TB,1233,False,False,True,,False
SRR33384413,Pre-XDR-TB,1226,False,False,True,,False
SRR33384414,Pre-XDR-TB,1956,False,False,True,,False
SRR33384415,Pre-XDR-TB,1240,False,False,True,,False
SRR33384416,MDR-TB,2846,False,False,True,,False
SRR33384417,XDR-TB,1934,False,False,True,,False
SRR33384418,Pre-XDR-TB,1410,False,False,True,,False
SRR33384419,RR-TB,1166,False,False,True,,False
SRR33384420,MDR-TB,1677,False,False,True,,False
SRR33384421,RR-TB,1198,False,False,True,,False
SRR33384422,Pre-XDR-TB,1258,False,False,True,,False
SRR33384423,HR-TB,1381,False,False,True,,False
SRR33384424,Pre-XDR-TB,1219,False,False,True,,False
SRR33384425,MDR-TB,1293,False,False,True,,False
SRR33384426,RR-TB,2035,False,False,True,,False
SRR33384427,XDR-TB,2006,False,False,True,,False
SRR33384428,Susceptible,2015,False,False,False,,False
SRR33384429,Pre-XDR-TB,1970,False,False,True,,False
SRR33384430,MDR-TB,1235,False,False,True,,False
SRR33384431,Pre-XDR-TB,1247,False,False,True,,False
SRR33384432,Pre-XDR-TB,1209,False,False,True,,False
SRR33384433,Pre-XDR-TB,1258,False,False,True,,False
SRR33384434,Pre-XDR-TB,1269,False,False,True,,False
SRR33384435,Pre-XDR-TB,1238,False,False,True,,False
SRR33384436,Pre-XDR-TB,2952,False,False,True,,False
SRR33384437,Pre-XDR-TB,1222,False,False,True,,False
SRR33384438,XDR-TB,1227,False,False,True,,False
SRR33384439,Pre-XDR-TB,1281,False,False,True,,False
SRR33384440,Pre-XDR-TB,1217,False,False,True,,False
SRR33384441,MDR-TB,1228,False,False,True,,False
SRR33384442,MDR-TB,1188,False,False,True,,False
SRR33384443,XDR-TB,2891,False,False,True,,False
SRR33384444,MDR-TB,791,False,False,True,,False
SRR33384445,Pre-XDR-TB,1949,False,False,True,,False
SRR33384446,Pre-XDR-TB,2883,False,False,True,,False
SRR33384447,Pre-XDR-TB,1251,False,False,True,,False
SRR33384448,Pre-XDR-TB,1413,False,False,True,,False
SRR33384449,Pre-XDR-TB,1960,False,False,True,,False
SRR33384450,Pre-XDR-TB,1167,False,False,True,,False
SRR33384451,Pre-XDR-TB,1398,False,False,True,,False
SRR33384452,XDR-TB,2877,False,False,True,,False
SRR33384453,Pre-XDR-TB,1236,False,False,True,,False
SRR33384454,HR-TB,1703,False,False,True,,False
SRR33384455,XDR-TB,1368,False,False,True,,False
SRR33384456,MDR-TB,1258,False,False,True,,False
SRR33384457,MDR-TB,1932,False,False,True,,False
SRR33384458,Pre-XDR-TB,1197,False,False,True,,False
SRR33384459,XDR-TB,1245,False,False,True,,False
SRR33384460,XDR-TB,2888,False,False,True,,False
SRR33384461,Pre-XDR-TB,1926,False,False,True,,False
SRR33384462,HR-TB,1372,False,False,True,,False
SRR33384463,Pre-XDR-TB,1995,False,False,True,,False
SRR33384464,Pre-XDR-TB,1984,False,False,True,,False
SRR33384465,Pre-XDR-TB,1191,False,False,True,,False
SRR33384466,Pre-XDR-TB,1209,False,False,True,,False
SRR33384467,MDR-TB,1213,False,False,True,,False
SRR33384468,Pre-XDR-TB,1783,False,False,True,,False
SRR33384469,Pre-XDR-TB,1962,False,False,True,,False
SRR33384470,Pre-XDR-TB,1211,False,False,True,,False
SRR33384471,XDR-TB,1348,False,False,True,,False
SRR33384472,Pre-XDR-TB,1188,False,False,True,,False
SRR33384473,Pre-XDR-TB,1203,False,False,True,,False
SRR33384474,Pre-XDR-TB,1212,False,False,True,,False
SRR33384475,Pre-XDR-TB,1244,False,False,True,,False
SRR33384476,Pre-XDR-TB,1217,False,False,True,,False
SRR33384477,Pre-XDR-TB,1163,False,False,True,,False
SRR33384478,Pre-XDR-TB,1197,False,False,True,,False
SRR33384479,Pre-XDR-TB,1421,False,False,True,,False
SRR33384480,Pre-XDR-TB,1140,False,False,True,,False
SRR33384481,Pre-XDR-TB,1197,False,False,True,,False
SRR33384482,Pre-XDR-TB,1206,False,False,True,,False
SRR33384483,Pre-XDR-TB,1195,False,False,True,,False
SRR33384484,Pre-XDR-TB,1191,False,False,True,,False
SRR33384485,Pre-XDR-TB,1160,False,False,True,,False
SRR33384486,Pre-XDR-TB,1183,False,False,True,,False
SRR33384487,Pre-XDR-TB,1202,False,False,True,,False
SRR33384488,Pre-XDR-TB,1198,False,False,True,,False
SRR33384489,Pre-XDR-TB,1197,False,False,True,,False
SRR33384490,Pre-XDR-TB,1912,False,False,True,,False
SRR33384491,Pre-XDR-TB,1912,False,False,True,,False
SRR33384492,Pre-XDR-TB,1199,False,False,True,,False
SRR33384493,Pre-XDR-TB,1234,False,False,True,,False
SRR33384494,Pre-XDR-TB,1257,False,False,True,,False
SRR33384495,XDR-TB,1411,False,False,True,,False
SRR33384496,Pre-XDR-TB,1977,False,False,True,,False
SRR33384497,Pre-XDR-TB,2090,False,False,True,,False
SRR33384498,Pre-XDR-TB,1508,False,False,True,,False
SRR33384499,Pre-XDR-TB,1211,False,False,True,,False
SRR33384500,Other,2028,False,False,True,,False
SRR33384501,Pre-XDR-TB,1471,False,False,True,,False
SRR33384502,Pre-XDR-TB,1256,False,False,True,,False
SRR33384503,Pre-XDR-TB,1266,False,False,True,,False
SRR33384504,Pre-XDR-TB,1294,False,False,True,,False
SRR33384505,Pre-XDR-TB,2023,False,False,True,,False
SRR33384506,MDR-TB,942,False,False,True,,False
SRR33384507,Pre-XDR-TB,1235,False,False,True,,False
SRR33384508,Pre-XDR-TB,2090,False,False,True,,False
SRR33384509,Pre-XDR-TB,1270,False,False,True,,False
SRR33384510,XDR-TB,1451,False,False,True,,False
SRR33384511,Pre-XDR-TB,2018,False,False,True,,False
SRR33384512,Pre-XDR-TB,1231,False,False,True,,False
SRR33384513,HR-TB,261607,True,False,True,,True
SRR33384514,Pre-XDR-TB,2957,False,False,True,,False
SRR33384515,HR-TB,589,False,False,True,,False
SRR33384516,MDR-TB,1256,False,False,True,,False
SRR33384517,Pre-XDR-TB,1293,False,False,True,,False
SRR33384518,Pre-XDR-TB,1220,False,False,True,,False
SRR33384519,MDR-TB,939,False,False,True,,False
SRR33384520,Pre-XDR-TB,1273,False,False,True,,False
SRR33384521,MDR-TB,1263,False,False,True,,False
SRR33384522,MDR-TB,907,False,False,True,,False
SRR33384523,HR-TB,254136,True,False,True,,True
SRR33384524,HR-TB,259362,True,False,True,,True
SRR33384525,Pre-XDR-TB,1239,False,False,True,,False
SRR33384526,MDR-TB,1283,False,False,True,,False
SRR33384527,Pre-XDR-TB,1289,False,False,True,,False
SRR33384528,Pre-XDR-TB,2078,False,False,True,,False
SRR33384529,Pre-XDR-TB,1188,False,False,True,,False
SRR33384530,Pre-XDR-TB,1274,False,False,True,,False
SRR33384531,Pre-XDR-TB,2012,False,False,True,,False
SRR33384532,MDR-TB,2039,False,False,True,,False
SRR33384533,Pre-XDR-TB,1980,False,False,True,,False
SRR33384534,Pre-XDR-TB,1976,False,False,True,,False
SRR33384535,Pre-XDR-TB,2013,False,False,True,,False
SRR33384536,Pre-XDR-TB,1286,False,False,True,,False
SRR33384537,Pre-XDR-TB,1242,False,False,True,,False
SRR33384538,MDR-TB,1277,False,False,True,,False
SRR33384539,MDR-TB,1262,False,False,True,,False
SRR33384540,Pre-XDR-TB,1196,False,False,True,,False
SRR33384541,Pre-XDR-TB,2024,False,False,True,,False
SRR33384542,Pre-XDR-TB,1212,False,False,True,,False
SRR33384543,MDR-TB,1240,False,False,True,,False
SRR33384544,Pre-XDR-TB,1261,False,False,True,,False
SRR33384545,Pre-XDR-TB,1194,False,False,True,,False
SRR33384546,MDR-TB,936,False,False,True,,False
SRR33384547,XDR-TB,1231,False,False,True,,False
SRR33384548,Pre-XDR-TB,1216,False,False,True,,False
SRR33384549,XDR-TB,1245,False,False,True,,False
SRR33384550,Pre-XDR-TB,1281,False,False,True,,False
SRR33384551,MDR-TB,938,False,False,True,,False
SRR33384552,Pre-XDR-TB,1453,False,False,True,,False
SRR33384553,MDR-TB,2092,False,False,True,,False
SRR33384554,Pre-XDR-TB,1168,False,False,True,,False
SRR33384555,Pre-XDR-TB,1278,False,False,True,,False
SRR33384556,Susceptible,1261,False,False,False,,False
SRR33384557,RR-TB,950,False,False,True,,False
SRR33384558,MDR-TB,967,False,False,True,,False
SRR33384559,MDR-TB,1995,False,False,True,,False
SRR33384560,XDR-TB,1960,False,False,True,,False
SRR33384561,Pre-XDR-TB,2976,False,False,True,,False
SRR33384562,MDR-TB,920,False,False,True,,False
SRR33384563,Susceptible,45282,True,False,False,,True
SRR33384564,Susceptible,2693,False,False,False,,False
SRR33384565,Other,267483,True,True,False,uncertain_significance_evidence,True
SRR33384566,Pre-XDR-TB,1990,False,False,True,,False
SRR33384567,Pre-XDR-TB,1463,False,False,True,,False
SRR33384568,XDR-TB,2007,False,False,True,,False
SRR33384569,Pre-XDR-TB,1246,False,False,True,,False
SRR33384570,HR-TB,1436,False,False,True,,False
SRR33384571,Pre-XDR-TB,1257,False,False,True,,False
SRR33384572,Pre-XDR-TB,1966,False,False,True,,False
SRR33384573,Pre-XDR-TB,2919,False,False,True,,False
SRR33384574,Pre-XDR-TB,1219,False,False,True,,False
SRR33384575,Pre-XDR-TB,2286,False,False,True,,False
SRR33384576,Pre-XDR-TB,919,False,False,True,,False
SRR33384577,Pre-XDR-TB,1226,False,False,True,,False
SRR33384578,XDR-TB,1192,False,False,True,,False
SRR33384579,MDR-TB,938,False,False,True,,False
SRR33384580,MDR-TB,1973,False,False,True,,False
SRR33384581,HR-TB,179292,True,True,False,uncertain_significance_evidence,True
SRR33384582,Pre-XDR-TB,1207,False,False,True,,False
SRR33384583,Pre-XDR-TB,2007,False,False,True,,False
SRR33384584,XDR-TB,1255,False,False,True,,False
SRR33384585,Susceptible,1294,False,False,False,,False
SRR33384586,XDR-TB,1304,False,False,True,,False
SRR33384587,XDR-TB,1975,False,False,True,,False
SRR33384588,XDR-TB,1448,False,False,True,,False
SRR33384589,Pre-XDR-TB,1260,False,False,True,,False
SRR33384590,Pre-XDR-TB,1243,False,False,True,,False
SRR33384591,Pre-XDR-TB,1226,False,False,True,,False
SRR33384592,Pre-XDR-TB,2036,False,False,True,,False
SRR33384593,Susceptible,2333,False,False,False,,False
SRR33384594,Pre-XDR-TB,1482,False,False,True,,False
SRR33384595,XDR-TB,1235,False,False,True,,False
SRR33384596,Pre-XDR-TB,2182,False,False,True,,False
SRR33384597,MDR-TB,949,False,False,True,,False
SRR33384598,Pre-XDR-TB,1233,False,False,True,,False
SRR33384599,Pre-XDR-TB,1280,False,False,True,,False
SRR33384600,Pre-XDR-TB,1188,False,False,True,,False
SRR33384601,Pre-XDR-TB,1219,False,False,True,,False
SRR33384602,Pre-XDR-TB,1207,False,False,True,,False
SRR33384603,Pre-XDR-TB,1356,False,False,True,,False
SRR33384604,HR-TB,196788,True,True,False,uncertain_significance_evidence,True
SRR33384605,MDR-TB,1210,False,False,True,,False
SRR33384606,Pre-XDR-TB,1980,False,False,True,,False
SRR33384607,HR-TB,200921,True,False,True,,True
SRR33384608,HR-TB,200110,True,True,False,uncertain_significance_evidence,True
SRR33384609,MDR-TB,871,False,False,True,,False
SRR33384610,XDR-TB,1184,False,False,True,,False
SRR33384611,Pre-XDR-TB,1210,False,False,True,,False
SRR33384612,Pre-XDR-TB,1225,False,False,True,,False
SRR33384613,Pre-XDR-TB,1207,False,False,True,,False
SRR33384614,Pre-XDR-TB,1218,False,False,True,,False
SRR33384615,Pre-XDR-TB,1205,False,False,True,,False
SRR33384616,Pre-XDR-TB,1402,False,False,True,,False
SRR33384617,XDR-TB,1201,False,False,True,,False
SRR33384618,Pre-XDR-TB,1210,False,False,True,,False
SRR33384619,Pre-XDR-TB,1218,False,False,True,,False
SRR33384620,Pre-XDR-TB,1183,False,False,True,,False
SRR33384621,Pre-XDR-TB,1915,False,False,True,,False
SRR33384622,Pre-XDR-TB,1211,False,False,True,,False
SRR33384623,Pre-XDR-TB,1202,False,False,True,,False
SRR33384624,Pre-XDR-TB,1357,False,False,True,,False
SRR33384625,Pre-XDR-TB,1169,False,False,True,,False
SRR33384626,Pre-XDR-TB,1145,False,False,True,,False
SRR33384627,Pre-XDR-TB,1931,False,False,True,,False
SRR33384628,Pre-XDR-TB,1158,False,False,True,,False
SRR33384629,Pre-XDR-TB,1924,False,False,True,,False
SRR33384630,Pre-XDR-TB,1198,False,False,True,,False
SRR33384631,Pre-XDR-TB,1190,False,False,True,,False
SRR33384632,Pre-XDR-TB,1345,False,False,True,,False
SRR33384633,Pre-XDR-TB,1221,False,False,True,,False
SRR33384634,Pre-XDR-TB,1363,False,False,True,,False
SRR33384635,Pre-XDR-TB,1165,False,False,True,,False
SRR33394855,Pre-XDR-TB,1338,False,False,True,,False
SRR33394856,Pre-XDR-TB,1328,False,False,True,,False
SRR33394857,MDR-TB,2059,False,False,True,,False
SRR33394858,XDR-TB,2105,False,False,True,,False
SRR33394859,Pre-XDR-TB,1060,False,False,True,,False
SRR33394860,Pre-XDR-TB,2054,False,False,True,,False
SRR33394861,MDR-TB,1078,False,False,True,,False
SRR33394862,XDR-TB,3027,False,False,True,,False
SRR33394863,HR-TB,2962,False,False,True,,False
SRR33394864,Susceptible,443,False,False,False,,False
SRR33394865,XDR-TB,2984,False,False,True,,False
SRR33394866,Pre-XDR-TB,1310,False,False,True,,False
SRR33394867,XDR-TB,2136,False,False,True,,False
SRR33394868,XDR-TB,2090,False,False,True,,False
SRR33394869,RR-TB,2101,False,False,True,,False
SRR33394870,Pre-XDR-TB,1534,False,False,True,,False
SRR33394871,MDR-TB,1300,False,False,True,,False
SRR33394872,RR-TB,942,False,False,True,,False
SRR33394873,RR-TB,2084,False,False,True,,False
SRR33394874,MDR-TB,2966,False,False,True,,False
SRR33394875,MDR-TB,2100,False,False,True,,False
SRR33394876,MDR-TB,1256,False,False,True,,False
SRR33394877,XDR-TB,2113,False,False,True,,False
SRR33394878,MDR-TB,3078,False,False,True,,False
SRR33394879,MDR-TB,2058,False,False,True,,False
SRR33394880,XDR-TB,2138,False,False,True,,False
SRR33394881,MDR-TB,1349,False,False,True,,False
SRR33394882,XDR-TB,1347,False,False,True,,False
SRR33394883,MDR-TB,1435,False,False,True,,False
SRR33394884,XDR-TB,2115,False,False,True,,False
SRR33394885,RR-TB,653,False,False,True,,False
SRR33394886,RR-TB,2087,False,False,True,,False
SRR33394887,XDR-TB,2052,False,False,True,,False
SRR33394888,MDR-TB,1964,False,False,True,,False
SRR33394889,XDR-TB,2011,False,False,True,,False
SRR33394890,MDR-TB,2052,False,False,True,,False
SRR33394891,MDR-TB,1492,False,False,True,,False
SRR33394892,RR-TB,2082,False,False,True,,False
SRR33394893,Pre-XDR-TB,2053,False,False,True,,False
SRR33394894,XDR-TB,1531,False,False,True,,False
SRR33394895,Pre-XDR-TB,3024,False,False,True,,False
SRR33394896,Pre-XDR-TB,2055,False,False,True,,False
SRR33394897,MDR-TB,1466,False,False,True,,False
SRR33394898,Pre-XDR-TB,2057,False,False,True,,False
SRR33394899,MDR-TB,1542,False,False,True,,False
SRR33394900,MDR-TB,2990,False,False,True,,False
SRR33394901,Pre-XDR-TB,1324,False,False,True,,False
SRR33394902,XDR-TB,2007,False,False,True,,False
SRR33394903,XDR-TB,2090,False,False,True,,False
SRR33394904,Pre-XDR-TB,2069,False,False,True,,False
SRR33394905,Pre-XDR-TB,2419,False,False,True,,False
SRR33394906,XDR-TB,1324,False,False,True,,False
SRR33394907,XDR-TB,2130,False,False,True,,False
SRR33394908,Pre-XDR-TB,2101,False,False,True,,False
SRR33394909,MDR-TB,1011,False,False,True,,False
SRR33394910,XDR-TB,2123,False,False,True,,False
SRR33394911,MDR-TB,1418,False,False,True,,False
SRR33394912,HR-TB,1460,False,False,True,,False
SRR33394913,XDR-TB,1333,False,False,True,,False
SRR33394914,HR-TB,1685,False,False,True,,False
SRR33394915,XDR-TB,1380,False,False,True,,False
SRR33394916,Pre-XDR-TB,1891,False,False,True,,False
SRR33394917,Pre-XDR-TB,2083,False,False,True,,False
SRR33394918,XDR-TB,2126,False,False,True,,False
SRR33394919,MDR-TB,1260,False,False,True,,False
SRR33394920,XDR-TB,1281,False,False,True,,False
SRR33394921,MDR-TB,3000,False,False,True,,False
SRR33394922,Pre-XDR-TB,2995,False,False,True,,False
SRR33394923,XDR-TB,2048,False,False,True,,False
SRR33394924,MDR-TB,3019,False,False,True,,False
SRR33394925,XDR-TB,2097,False,False,True,,False
SRR33394926,XDR-TB,2048,False,False,True,,False
SRR33394927,MDR-TB,1319,False,False,True,,False
SRR33394928,Pre-XDR-TB,2028,False,False,True,,False
SRR33394929,Pre-XDR-TB,2063,False,False,True,,False
SRR33394930,Pre-XDR-TB,2035,False,False,True,,False
SRR33394931,MDR-TB,2110,False,False,True,,False
SRR33394932,MDR-TB,2116,False,False,True,,False
SRR33394933,XDR-TB,1241,False,False,True,,False
SRR33394934,XDR-TB,1034,False,False,True,,False
SRR33394935,Pre-XDR-TB,2051,False,False,True,,False
SRR33394936,XDR-TB,2059,False,False,True,,False
SRR33394937,XDR-TB,2030,False,False,True,,False
SRR33394938,MDR-TB,1480,False,False,True,,False
SRR33394939,MDR-TB,1259,False,False,True,,False
SRR33394940,RR-TB,3039,False,False,True,,False
SRR33394941,Pre-XDR-TB,2044,False,False,True,,False
SRR33394942,RR-TB,939,False,False,True,,False
SRR33394943,Pre-XDR-TB,1307,False,False,True,,False
SRR33394944,Pre-XDR-TB,1535,False,False,True,,False
SRR33394945,XDR-TB,1401,False,False,True,,False
SRR33394946,XDR-TB,2082,False,False,True,,False
SRR33394947,XDR-TB,2073,False,False,True,,False
SRR33394948,XDR-TB,2040,False,False,True,,False
SRR33394949,XDR-TB,2024,False,False,True,,False
SRR33394950,XDR-TB,2065,False,False,True,,False
SRR33394951,XDR-TB,2161,False,False,True,,False
SRR33394952,RR-TB,2988,False,False,True,,False
SRR33394953,MDR-TB,2095,False,False,True,,False
SRR33394954,MDR-TB,948,False,False,True,,False
SRR33394955,XDR-TB,2046,False,False,True,,False
SRR33394956,Pre-XDR-TB,1293,False,False,True,,False
SRR33394957,MDR-TB,1314,False,False,True,,False
SRR34092676,Susceptible,1396,False,False,False,,False
SRR34092677,HR-TB,1222,False,False,True,,False
SRR34092678,Other,1951,False,False,True,,False
SRR34092679,Susceptible,1244,False,False,False,,False
SRR34092680,Susceptible,1716,False,False,False,,False
SRR34092681,Susceptible,1034,False,False,False,,False
SRR34092682,Susceptible,1725,False,False,False,,False
SRR34092683,Other,1037,False,False,True,,False
SRR34092684,Other,1273,False,True,False,uncertain_significance_evidence,True
SRR34092685,MDR-TB,1265,False,False,True,,False
SRR34965684,HR-TB,1867,False,False,True,,False
SRR34965685,MDR-TB,1820,False,False,True,,False
SRR34965686,MDR-TB,1828,False,False,True,,False
SRR34965687,HR-TB,1163,False,False,True,,False
SRR34965688,HR-TB,1016,False,False,True,,False
SRR34965689,RR-TB,917,False,False,True,,False
SRR34965690,Susceptible,2027,False,False,False,,False
SRR34965691,MDR-TB,729,False,False,True,,False
SRR34965692,Pre-XDR-TB,1469,False,False,True,,False
SRR34965693,MDR-TB,2489,False,False,True,,False
SRR34965694,Susceptible,1230,False,False,False,,False
SRR34965695,HR-TB,1818,False,False,True,,False
SRR34965696,MDR-TB,2480,False,False,True,,False
SRR34965697,Pre-XDR-TB,3488,False,False,True,,False
SRR34965698,RR-TB,1801,False,False,True,,False
SRR34965699,MDR-TB,3557,False,False,True,,False
SRR34965700,MDR-TB,3630,False,False,True,,False
SRR34965701,RR-TB,815,False,False,True,,False
SRR34965702,MDR-TB,1953,False,False,True,,False
SRR34965703,RR-TB,852,False,False,True,,False
SRR34965704,MDR-TB,2594,False,False,True,,False
SRR34965705,MDR-TB,1730,False,False,True,,False
SRR34965706,Susceptible,1238,False,False,False,,False
SRR34965707,MDR-TB,1843,False,False,True,,False
SRR34965708,Susceptible,1236,False,False,False,,False
SRR34965709,XDR-TB,2356,False,False,True,,False
SRR34965710,MDR-TB,3537,False,False,True,,False
SRR34965711,MDR-TB,1860,False,False,True,,False
SRR34965712,Pre-XDR-TB,2610,False,False,True,,False
SRR34965713,MDR-TB,1805,False,False,True,,False
SRR34965714,XDR-TB,1627,False,False,True,,False
SRR34965715,XDR-TB,2484,False,False,True,,False
SRR34965716,HR-TB,1106,False,False,True,,False
SRR34965717,MDR-TB,836,False,False,True,,False
SRR34965718,MDR-TB,2616,False,False,True,,False
SRR36942071,Other,2041,False,False,True,,False
SRR36942072,RR-TB,2980,False,False,True,,False
SRR36942073,Susceptible,1253,False,False,False,,False
SRR36942074,Susceptible,1220,False,False,False,,False
SRR36942075,Other,1923,False,False,True,,False
SRR36942076,Susceptible,1195,False,False,False,,False
SRR36942077,Susceptible,1162,False,False,False,,False
SRR36942078,HR-TB,2947,False,False,True,,False
SRR36942079,Susceptible,1192,False,False,False,,False
SRR36942080,Other,2475,False,False,True,,False
SRR36942081,Susceptible,1115,False,False,False,,False
SRR36942082,Susceptible,1134,False,False,False,,False
SRR36942083,Susceptible,1116,False,False,False,,False
SRR36942084,Susceptible,1255,False,False,False,,False
SRR36942085,Susceptible,1239,False,False,False,,False
SRR36942086,Susceptible,1453,False,False,False,,False
SRR36942087,Susceptible,1127,False,False,False,,False
SRR36942088,Susceptible,1149,False,False,False,,False
SRR36942089,Susceptible,1137,False,False,False,,False
SRR36942090,Susceptible,1555,False,False,False,,False
SRR36942091,Susceptible,1187,False,False,False,,False
SRR36942092,Susceptible,1985,False,False,False,,False
SRR36942093,Susceptible,1147,False,False,False,,False
SRR36942094,Susceptible,1271,False,False,False,,False
SRR36942095,Susceptible,1149,False,False,False,,False
SRR36942096,MDR-TB,2041,False,False,True,,False
SRR36942097,Susceptible,2009,False,False,False,,False
SRR36942098,Susceptible,1979,False,False,False,,False
SRR36942099,Susceptible,1083,False,False,False,,False
SRR36942100,Susceptible,2070,False,False,False,,False
SRR36942101,Susceptible,1162,False,False,False,,False
SRR36942102,Susceptible,2055,False,False,False,,False
SRR36942103,Susceptible,2040,False,False,False,,False
SRR36942104,Other,1448,False,False,True,,False
SRR36942105,Susceptible,2041,False,False,False,,False
SRR36942106,Susceptible,1141,False,False,False,,False
SRR36942107,Susceptible,1151,False,False,False,,False
SRR36942108,Susceptible,1568,False,False,False,,False
SRR36942109,Susceptible,1306,False,False,False,,False
SRR36942110,Susceptible,881,False,False,False,,False
SRR36942111,Susceptible,2075,False,False,False,,False
SRR36942112,Susceptible,1207,False,False,False,,False
SRR36942113,Susceptible,1312,False,False,False,,False
SRR36942114,Susceptible,1150,False,False,False,,False
SRR36942115,Susceptible,1176,False,False,False,,False
SRR36942116,Susceptible,1110,False,False,False,,False
SRR36942117,Susceptible,1088,False,False,False,,False
SRR36942118,Susceptible,2073,False,False,False,,False
SRR36942119,Susceptible,1100,False,False,False,,False
SRR36942120,HR-TB,1334,False,True,False,uncertain_significance_evidence,True
SRR36942121,Susceptible,1183,False,False,False,,False
SRR36942122,Susceptible,2070,False,False,False,,False
SRR36942123,Susceptible,1145,False,False,False,,False
SRR36942124,Susceptible,1967,False,False,False,,False
SRR36942126,Susceptible,1391,False,False,False,,False
SRR36942127,Susceptible,1229,False,False,False,,False
SRR36942128,Susceptible,1973,False,False,False,,False
SRR36942129,Susceptible,1993,False,False,False,,False
SRR36942130,Susceptible,1182,False,False,False,,False
SRR36942131,Susceptible,1215,False,False,False,,False
SRR36942132,Susceptible,2028,False,False,False,,False
SRR36942133,Susceptible,1171,False,False,False,,False
SRR36942134,Susceptible,1991,False,False,False,,False
SRR36942135,HR-TB,1275,False,False,True,,False
SRR36942136,Susceptible,1122,False,False,False,,False
SRR36942137,Susceptible,2921,False,False,False,,False
SRR36942138,Susceptible,1214,False,False,False,,False
SRR36942139,Susceptible,2031,False,False,False,,False
SRR36942140,Susceptible,1250,False,False,False,,False
SRR36942141,Susceptible,2057,False,False,False,,False
SRR36942142,Susceptible,1971,False,False,False,,False
SRR36942144,Susceptible,923,False,False,False,,False
SRR36942145,Susceptible,1273,False,False,False,,False
SRR36942146,Susceptible,1114,False,False,False,,False
SRR36942147,Susceptible,2023,False,False,False,,False
SRR36942148,Susceptible,1169,False,False,False,,False
SRR36942149,Susceptible,1973,False,False,False,,False
SRR36942150,Susceptible,1063,False,False,False,,False
SRR36942151,Susceptible,1506,False,False,False,,False
SRR36942152,Susceptible,2040,False,False,False,,False
SRR36942153,Susceptible,22545,False,False,False,,False
SRR36942154,Susceptible,1160,False,False,False,,False
SRR36942155,Susceptible,1099,False,False,False,,False
SRR36942156,Susceptible,2039,False,False,False,,False
SRR36942157,Susceptible,1215,False,False,False,,False
SRR36942158,Susceptible,1075,False,False,False,,False
SRR36942159,Susceptible,1128,False,False,False,,False
SRR36942160,Susceptible,1115,False,False,False,,False
SRR36942161,HR-TB,1096,False,False,True,,False
SRR36942162,Susceptible,1173,False,False,False,,False
SRR36942163,RR-TB,1803,False,True,False,unlabelled_confidence_evidence,True
SRR36942164,Susceptible,1101,False,False,False,,False
SRR36942165,Susceptible,1285,False,False,False,,False
SRR36942166,Susceptible,1193,False,False,False,,False
SRR36942167,Susceptible,1283,False,False,False,,False
SRR36942168,Susceptible,2062,False,False,False,,False
SRR36942169,Susceptible,1194,False,False,False,,False
SRR36942170,Susceptible,1239,False,False,False,,False
SRR36942171,Susceptible,1127,False,False,False,,False
SRR36942172,Susceptible,1124,False,False,False,,False
SRR36942173,Susceptible,1148,False,False,False,,False
SRR36942174,Susceptible,2951,False,False,False,,False
SRR36942175,Susceptible,1169,False,False,False,,False
SRR36942176,Susceptible,2059,False,False,False,,False
SRR36942177,Susceptible,1082,False,False,False,,False
SRR36942178,Susceptible,1139,False,False,False,,False
SRR36942179,Susceptible,1200,False,False,False,,False
SRR36942180,Susceptible,1105,False,False,False,,False
SRR36942181,Susceptible,1357,False,False,False,,False
SRR36942182,Susceptible,1128,False,False,False,,False
SRR36942183,Susceptible,1126,False,False,False,,False
SRR36942184,Susceptible,2005,False,False,False,,False
SRR36942185,Other,2052,False,False,True,,False
SRR36942186,Susceptible,1166,False,False,False,,False
SRR36942187,Susceptible,1070,False,False,False,,False
SRR36942188,Other,2190,False,True,False,uncertain_significance_evidence,True
SRR36942189,Susceptible,2107,False,False,False,,False
SRR36942190,Susceptible,1230,False,False,False,,False
SRR36942191,Susceptible,1129,False,False,False,,False
SRR36942192,Susceptible,1190,False,False,False,,False
SRR36942193,Susceptible,1601,False,False,False,,False
SRR36942194,Susceptible,1191,False,False,False,,False
SRR36942195,Susceptible,1626,False,False,False,,False
SRR36942196,Susceptible,1588,False,False,False,,False
SRR36942197,HR-TB,1903,False,False,True,,False
SRR36942198,Susceptible,2027,False,False,False,,False
SRR36942199,Susceptible,1194,False,False,False,,False
SRR36942200,Other,1143,False,False,True,,False
SRR36942201,MDR-TB,2039,False,False,True,,False
SRR36942202,Susceptible,1159,False,False,False,,False
SRR36942203,Susceptible,1243,False,False,False,,False
SRR36942204,Susceptible,1112,False,False,False,,False
SRR36942205,Susceptible,1168,False,False,False,,False
SRR36942206,Susceptible,1156,False,False,False,,False
SRR36942207,Susceptible,1958,False,False,False,,False
SRR36942208,Susceptible,928,False,False,False,,False
SRR36942209,Susceptible,1087,False,False,False,,False
SRR36942210,Susceptible,1479,False,False,False,,False
SRR36942211,Susceptible,1093,False,False,False,,False
SRR36942212,Susceptible,1241,False,False,False,,False
SRR36942213,Susceptible,1229,False,False,False,,False
SRR36942214,Susceptible,1178,False,False,False,,False
SRR36942215,Other,1077,False,True,False,uncertain_significance_evidence,True
SRR36942216,Susceptible,812,False,False,False,,False
SRR36942217,Susceptible,2080,False,False,False,,False
SRR36942218,Susceptible,1077,False,False,False,,False
SRR36942219,Susceptible,1188,False,False,False,,False
SRR36942220,Susceptible,793,False,False,False,,False
SRR36942221,Susceptible,1189,False,False,False,,False
SRR36942222,Other,2030,False,False,True,,False
SRR36942223,Susceptible,1146,False,False,False,,False
SRR36942224,Other,1429,False,False,True,,False
SRR36942225,Susceptible,1171,False,False,False,,False
SRR36942226,Susceptible,1169,False,False,False,,False
SRR36942227,Susceptible,1141,False,False,False,,False
SRR36942228,Susceptible,1139,False,False,False,,False
SRR36942229,Susceptible,1177,False,False,False,,False
SRR36942230,Susceptible,1161,False,False,False,,False
SRR36942231,Susceptible,1245,False,False,False,,False
SRR36942232,Susceptible,1491,False,False,False,,False
SRR36942233,Susceptible,1187,False,False,False,,False
SRR36942234,Susceptible,1227,False,False,False,,False
SRR36942235,Susceptible,1441,False,False,False,,False
SRR36942236,Susceptible,888,False,False,False,,False
SRR36942237,Susceptible,2091,False,False,False,,False
SRR36942238,Susceptible,1172,False,False,False,,False
SRR36942239,Other,1257,False,False,True,,False
SRR36942240,Susceptible,1074,False,False,False,,False
SRR36942241,Susceptible,1195,False,False,False,,False
SRR36942242,Susceptible,1269,False,False,False,,False
SRR36942243,Susceptible,1150,False,False,False,,False
SRR36942244,Susceptible,2034,False,False,False,,False
SRR36942245,Susceptible,1211,False,False,False,,False
SRR36942246,Susceptible,1224,False,False,False,,False
SRR36942247,Susceptible,1174,False,False,False,,False
SRR36942248,Susceptible,2048,False,False,False,,False
SRR36942249,Susceptible,1260,False,False,False,,False
SRR36942250,Susceptible,1213,False,False,False,,False
SRR36942251,Susceptible,1967,False,False,False,,False
SRR36942252,Susceptible,1207,False,False,False,,False
SRR36942253,Susceptible,1253,False,False,False,,False
SRR36942254,Susceptible,2028,False,False,False,,False
SRR36942255,Susceptible,1149,False,False,False,,False
SRR36942256,Susceptible,1285,False,False,False,,False
SRR36942257,Susceptible,1288,False,False,False,,False
SRR36942258,Susceptible,853,False,False,False,,False
SRR36942259,Susceptible,1427,False,False,False,,False
SRR36942260,Susceptible,1205,False,False,False,,False
SRR36942261,Susceptible,1140,False,False,False,,False
SRR36942262,Susceptible,1213,False,False,False,,False
SRR36942263,Susceptible,1123,False,False,False,,False
SRR36942264,Susceptible,1129,False,False,False,,False
SRR36942265,Susceptible,1271,False,False,False,,False
SRR36942266,Susceptible,1197,False,False,False,,False
SRR36942267,Susceptible,2086,False,False,False,,False
SRR36942268,Susceptible,1346,False,False,False,,False
SRR36942269,Susceptible,1163,False,False,False,,False
SRR36942270,Susceptible,1216,False,False,False,,False
SRR36942271,Susceptible,1239,False,False,False,,False
SRR36942272,Susceptible,1250,False,False,False,,False
SRR36942273,HR-TB,2057,False,False,True,,False
SRR36942274,Susceptible,1531,False,False,False,,False
SRR36942275,Susceptible,849,False,False,False,,False
SRR36942276,Susceptible,2006,False,False,False,,False
SRR36942277,Susceptible,2002,False,False,False,,False
SRR36942278,Susceptible,2127,False,False,False,,False
SRR36942279,Other,2066,False,False,True,,False
SRR36942280,Susceptible,2067,False,False,False,,False
SRR36942281,Susceptible,1264,False,False,False,,False
SRR36942282,Susceptible,1170,False,False,False,,False
SRR36942283,Susceptible,1199,False,False,False,,False
SRR36942284,Susceptible,1130,False,False,False,,False
SRR36942285,Susceptible,1162,False,False,False,,False
SRR36942286,Susceptible,1154,False,False,False,,False
SRR36942287,Susceptible,1153,False,False,False,,False
SRR36942288,Susceptible,1234,False,False,False,,False
SRR36942289,Susceptible,1993,False,False,False,,False
SRR36942290,Susceptible,2104,False,False,False,,False
SRR36942291,Susceptible,1139,False,False,False,,False
SRR36942292,Susceptible,1366,False,False,False,,False
SRR36942293,Susceptible,1107,False,False,False,,False
SRR36942294,Susceptible,1203,False,False,False,,False
SRR36942295,Susceptible,2161,False,False,False,,False
SRR36942296,Susceptible,1107,False,False,False,,False
SRR36942297,Susceptible,2904,False,False,False,,False
SRR36942298,Susceptible,2038,False,False,False,,False
SRR36942299,Susceptible,1326,False,False,False,,False
SRR36942300,Susceptible,1119,False,False,False,,False
SRR36942301,Other,1975,False,False,True,,False
SRR36942302,Susceptible,1157,False,False,False,,False
SRR36942303,HR-TB,1256,False,True,False,uncertain_significance_evidence,True
SRR36942304,Susceptible,1098,False,False,False,,False
SRR36942305,Susceptible,2145,False,False,False,,False
SRR36942306,Susceptible,1246,False,False,False,,False
SRR36942307,Susceptible,1138,False,False,False,,False
SRR36942308,Susceptible,2083,False,False,False,,False
SRR36942309,Other,1229,False,True,False,uncertain_significance_evidence,True
SRR36942310,Susceptible,2057,False,False,False,,False
SRR36942311,Susceptible,1521,False,False,False,,False
SRR37031316,MDR-TB,1443,False,False,True,,False
SRR37031317,Pre-XDR-TB,1995,False,False,True,,False
SRR37031318,RR-TB,2024,False,False,True,,False
SRR37031319,RR-TB,1304,False,False,True,,False
SRR37031320,Pre-XDR-TB,1526,False,False,True,,False
SRR37031321,RR-TB,1450,False,False,True,,False
SRR37031322,RR-TB,1447,False,False,True,,False
SRR37031323,XDR-TB,1449,False,False,True,,False
SRR37031324,HR-TB,2914,False,False,True,,False
SRR37031325,RR-TB,2031,False,False,True,,False
SRR37031326,RR-TB,693,False,False,True,,False
SRR37031327,Pre-XDR-TB,1407,False,False,True,,False
SRR37031328,RR-TB,1268,False,False,True,,False
SRR37031329,XDR-TB,1414,False,False,True,,False
SRR37031330,Pre-XDR-TB,2062,False,False,True,,False
SRR37031331,RR-TB,2063,False,False,True,,False
SRR37031332,RR-TB,2047,False,False,True,,False
SRR37031333,RR-TB,2077,False,False,True,,False
SRR37031334,MDR-TB,2058,False,False,True,,False
SRR37031335,XDR-TB,1292,False,False,True,,False
SRR37031336,Pre-XDR-TB,1293,False,False,True,,False
SRR37031337,RR-TB,1444,False,False,True,,False
SRR37031338,RR-TB,1337,False,False,True,,False
SRR37540762,MDR-TB,2079,False,False,True,,False
SRR37540763,MDR-TB,2023,False,False,True,,False
SRR5181823,Susceptible,1330,False,False,False,,False
SRR5181824,Susceptible,1161,False,False,False,,False
SRR5181825,Susceptible,1165,False,False,False,,False
SRR5181826,Susceptible,868,False,False,False,,False
SRR5181827,Susceptible,1037,False,False,False,,False
SRR5181828,Susceptible,372,False,False,False,,False
SRR5181829,Susceptible,1201,False,False,False,,False
SRR5181830,Susceptible,924,False,False,False,,False
SRR5181831,Susceptible,467,False,False,False,,False
SRR5181832,Susceptible,104,False,False,False,,False
SRR5181833,Susceptible,284,False,False,False,,False
SRR5181834,Susceptible,1125,False,False,False,,False
SRR5181835,Susceptible,801,False,False,False,,False
SRR5181836,Susceptible,546,False,False,False,,False
SRR5181837,Susceptible,383,False,False,False,,False
SRR5181838,Susceptible,273,False,False,False,,False
SRR5181839,Susceptible,489,False,False,False,,False
SRR5181840,Susceptible,492,False,False,False,,False
SRR5181841,Susceptible,275,False,False,False,,False
SRR5181842,Susceptible,470,False,False,False,,False
SRR5181843,Susceptible,266,False,False,False,,False
SRR5181844,Susceptible,491,False,False,False,,False
SRR5181845,Susceptible,474,False,False,False,,False
SRR5181846,Susceptible,529,False,False,False,,False
SRR5181847,Susceptible,141,False,False,False,,False
SRR5181848,Susceptible,249,False,False,False,,False
SRR5181849,Susceptible,1087,False,False,False,,False
SRR5181850,Susceptible,875,False,False,False,,False
SRR5181851,Susceptible,411,False,False,False,,False
SRR5181852,Susceptible,732,False,False,False,,False
SRR5181853,Susceptible,942,False,False,False,,False
SRR5181854,Susceptible,695,False,False,False,,False
SRR5181855,Susceptible,831,False,False,False,,False
SRR5181856,Susceptible,365,False,False,False,,False
SRR5181857,Susceptible,668,False,False,False,,False
SRR5181858,Susceptible,424,False,False,False,,False
SRR5181859,Susceptible,793,False,False,False,,False
SRR5181860,Susceptible,858,False,False,False,,False
SRR5181861,Susceptible,671,False,False,False,,False
SRR5181862,Susceptible,540,False,False,False,,False
SRR5181863,Susceptible,709,False,False,False,,False
SRR5181864,Susceptible,855,False,False,False,,False
SRR5181865,Susceptible,663,False,False,False,,False
SRR5181866,Susceptible,223,False,False,False,,False
SRR5181867,Susceptible,252,False,False,False,,False
SRR5181868,Susceptible,627,False,False,False,,False
SRR5181869,Susceptible,543,False,False,False,,False
SRR5181870,Susceptible,128,False,False,False,,False
SRR5181871,Susceptible,247,False,False,False,,False
SRR5181872,Susceptible,121,False,False,False,,False
SRR5181873,Susceptible,600,False,False,False,,False
SRR5181874,Susceptible,444,False,False,False,,False
SRR5181875,Susceptible,182,False,False,False,,False
SRR5181876,Susceptible,323,False,False,False,,False
SRR5181877,Susceptible,164,False,False,False,,False
SRR5181878,Susceptible,355,False,False,False,,False
SRR5181879,Susceptible,374,False,False,False,,False
SRR5181880,Susceptible,381,False,False,False,,False
SRR5181881,Susceptible,320,False,False,False,,False
SRR5181882,Susceptible,210,False,False,False,,False
SRR5181883,Susceptible,359,False,False,False,,False
SRR5181884,Susceptible,315,False,False,False,,False
SRR5181885,Susceptible,424,False,False,False,,False
SRR5181886,Susceptible,234,False,False,False,,False
SRR5181887,Susceptible,304,False,False,False,,False
SRR5181888,Susceptible,231,False,False,False,,False
SRR5181889,Susceptible,562,False,False,False,,False
SRR5181890,Susceptible,313,False,False,False,,False
SRR5181891,Susceptible,382,False,False,False,,False
SRR5181892,Susceptible,378,False,False,False,,False
SRR5181893,Susceptible,249,False,False,False,,False
SRR5181894,Susceptible,173,False,False,False,,False
SRR5181895,Susceptible,664,False,False,False,,False
SRR5181896,Susceptible,425,False,False,False,,False
SRR5181897,Susceptible,458,False,False,False,,False
SRR5181898,Susceptible,479,False,False,False,,False
SRR5181899,Susceptible,586,False,False,False,,False
SRR5181900,Susceptible,288,False,False,False,,False
SRR5181901,Susceptible,221,False,False,False,,False
SRR5181902,Susceptible,301,False,False,False,,False
SRR5181903,Susceptible,303,False,False,False,,False
SRR5181904,Susceptible,199,False,False,False,,False
SRR5181905,Susceptible,292,False,False,False,,False
SRR5181906,Susceptible,227,False,False,False,,False
SRR5181907,Susceptible,48,False,False,False,,False
SRR5181908,Susceptible,411,False,False,False,,False
SRR5181909,Other,676,False,False,True,,False
SRR5181910,Susceptible,186,False,False,False,,False
SRR5181911,Susceptible,326,False,False,False,,False
SRR5181912,Susceptible,366,False,False,False,,False
SRR5181913,Susceptible,204,False,False,False,,False
SRR5181914,Susceptible,502,False,False,False,,False
SRR5181915,Susceptible,0,False,False,False,,False
SRR5181916,Susceptible,338,False,False,False,,False
SRR5181917,Susceptible,528,False,False,False,,False
SRR5181918,Susceptible,515,False,False,False,,False
SRR5181919,Susceptible,304,False,False,False,,False
SRR5181920,Susceptible,380,False,False,False,,False
SRR5181921,Susceptible,401,False,False,False,,False
SRR5181922,Susceptible,584,False,False,False,,False
SRR5181923,Susceptible,246,False,False,False,,False
SRR5181924,Susceptible,622,False,False,False,,False
