sample_id,gene,locus_tag,change,nucleotide_change,type,drug,confidence,depth,freq,pos,is_RRDR,sample_MDR,sample_drtype
SRR30673210,pncA,Rv2043c,c.375_389delCGATGAGGTCGATGT,c.375_389delCGATGAGGTCGATGT,disruptive_inframe_deletion,pyrazinamide,,93,0.956989247311828,2288852,0,1,Pre-XDR-TB
SRR30673213,ald,Rv2780,c.133delA,c.133delA,frameshift_variant,cycloserine,,111,0.945945945945946,3086951,0,0,HR-TB
SRR30673218,ald,Rv2780,c.464delG,c.464delG,frameshift_variant,cycloserine,,142,0.9154929577464788,3087282,0,1,Pre-XDR-TB
SRR30673218,ethA,Rv3854c,c.1192_1194dupGTG,c.1192_1194dupGTG,conservative_inframe_insertion,ethionamide,,112,0.8839285714285714,4326279,0,1,Pre-XDR-TB
SRR30673556,folC,Rv2447c,p.Ile43Thr,c.128T>C,missense_variant,para-aminosalicylic_acid,,73,0.9863013698630136,2747471,0,1,Pre-XDR-TB
SRR30673559,ald,Rv2780,c.133delA,c.133delA,frameshift_variant,cycloserine,,120,0.9916666666666668,3086951,0,1,MDR-TB
SRR30673565,rpoB,Rv0667,c.1294_1299delCAATTC,c.1294_1299delCAATTC,conservative_inframe_deletion,rifampicin,,101,0.6534653465346535,761099,1,0,RR-TB
SRR30673667,ald,Rv2780,c.133delA,c.133delA,frameshift_variant,cycloserine,,147,0.9319727891156464,3086951,0,1,Pre-XDR-TB
SRR30673672,pncA,Rv2043c,c.375_389delCGATGAGGTCGATGT,c.375_389delCGATGAGGTCGATGT,disruptive_inframe_deletion,pyrazinamide,,208,0.875,2288852,0,1,Pre-XDR-TB
SRR30673672,folC,Rv2447c,p.Ile43Ser,c.128T>G,missense_variant,para-aminosalicylic_acid,,145,0.896551724137931,2747471,0,1,Pre-XDR-TB
SRR30673673,rpoB,Rv0667,c.1312_1314delAAC,c.1312_1314delAAC,conservative_inframe_deletion,rifampicin,,110,0.6272727272727273,761117,1,0,RR-TB
SRR30673703,ald,Rv2780,c.133delA,c.133delA,frameshift_variant,cycloserine,,76,0.9473684210526316,3086951,0,1,Pre-XDR-TB
SRR33383892,ald,Rv2780,c.133delA,c.133delA,frameshift_variant,cycloserine,,163,0.9631901840490796,3086951,0,1,Pre-XDR-TB
SRR33383893,katG,Rv1908c,p.Ile317Leu,c.949A>C,missense_variant,isoniazid,,21,1.0,2155163,0,0,HR-TB
SRR33383893,panD,Rv3601c,p.Val138Ala,c.413T>C,missense_variant,pyrazinamide,,56,1.0,4043869,0,0,HR-TB
SRR33383893,embB,Rv3795,p.His312Arg,c.935A>G,missense_variant,ethambutol,,92,0.9891304347826086,4247448,0,0,HR-TB
SRR33383893,embB,Rv3795,p.Ala388Gly,c.1163C>G,missense_variant,ethambutol,,39,0.9743589743589745,4247676,0,0,HR-TB
SRR33383893,embB,Rv3795,p.Asn399Asp,c.1195A>G,missense_variant,ethambutol,,55,1.0,4247708,0,0,HR-TB
SRR33383902,thyX,Rv2754c,c.-16C>T,c.-16C>T,upstream_gene_variant,para-aminosalicylic_acid,,90,1.011111111111111,3067961,0,1,XDR-TB
SRR33383904,ald,Rv2780,c.464delG,c.464delG,frameshift_variant,cycloserine,,101,0.9306930693069309,3087282,0,1,Pre-XDR-TB
SRR33383904,ethA,Rv3854c,c.1192_1194dupGTG,c.1192_1194dupGTG,conservative_inframe_insertion,ethionamide,,103,0.912621359223301,4326279,0,1,Pre-XDR-TB
SRR33383916,rpoB,Rv0667,c.1306_1308delCAG,c.1306_1308delCAG,conservative_inframe_deletion,rifampicin,,92,0.9347826086956522,761111,1,0,RR-TB
SRR33383921,ald,Rv2780,c.464delG,c.464delG,frameshift_variant,cycloserine,,45,0.9333333333333332,3087282,0,1,XDR-TB
SRR33383921,ethA,Rv3854c,c.1192_1194dupGTG,c.1192_1194dupGTG,conservative_inframe_insertion,ethionamide,,45,0.8888888888888888,4326279,0,1,XDR-TB
SRR33383925,pncA,Rv2043c,c.375_389delCGATGAGGTCGATGT,c.375_389delCGATGAGGTCGATGT,disruptive_inframe_deletion,pyrazinamide,,36,0.9166666666666666,2288852,0,1,XDR-TB
SRR33383933,katG,Rv1908c,p.Ile317Leu,c.949A>C,missense_variant,isoniazid,,53,1.0,2155163,0,0,HR-TB
SRR33383933,panD,Rv3601c,p.Val138Ala,c.413T>C,missense_variant,pyrazinamide,,67,1.0,4043869,0,0,HR-TB
SRR33383933,embB,Rv3795,p.His312Arg,c.935A>G,missense_variant,ethambutol,,93,1.0,4247448,0,0,HR-TB
SRR33383933,embB,Rv3795,p.Tyr384Asn,c.1150T>A,missense_variant,ethambutol,,64,1.0,4247663,0,0,HR-TB
SRR33383933,embB,Rv3795,p.Ala388Gly,c.1163C>G,missense_variant,ethambutol,,94,1.0,4247676,0,0,HR-TB
SRR33383933,embB,Rv3795,p.Asn399Asp,c.1195A>G,missense_variant,ethambutol,,90,1.0,4247708,0,0,HR-TB
SRR33383934,katG,Rv1908c,p.Ile317Leu,c.949A>C,missense_variant,isoniazid,,36,1.0,2155163,0,0,HR-TB
SRR33383934,panD,Rv3601c,p.Val138Ala,c.413T>C,missense_variant,pyrazinamide,,45,1.0,4043869,0,0,HR-TB
SRR33383934,embB,Rv3795,p.His312Arg,c.935A>G,missense_variant,ethambutol,,50,1.0,4247448,0,0,HR-TB
SRR33383934,embB,Rv3795,p.Tyr384Asn,c.1150T>A,missense_variant,ethambutol,,41,0.975609756097561,4247663,0,0,HR-TB
SRR33383934,embB,Rv3795,p.Ala388Gly,c.1163C>G,missense_variant,ethambutol,,63,1.0,4247676,0,0,HR-TB
SRR33383934,embB,Rv3795,p.Asn399Asp,c.1195A>G,missense_variant,ethambutol,,67,1.0,4247708,0,0,HR-TB
SRR33383936,ald,Rv2780,c.464delG,c.464delG,frameshift_variant,cycloserine,,65,1.0,3087282,0,1,Pre-XDR-TB
SRR33383936,ethA,Rv3854c,c.1192_1194dupGTG,c.1192_1194dupGTG,conservative_inframe_insertion,ethionamide,,88,0.9545454545454546,4326279,0,1,Pre-XDR-TB
SRR33383939,embB,Rv3795,p.His312Arg,c.935A>G,missense_variant,ethambutol,,127,0.2125984251968504,4247448,0,1,MDR-TB
SRR33383944,katG,Rv1908c,p.Ile317Leu,c.949A>C,missense_variant,isoniazid,,47,1.0,2155163,0,0,HR-TB
SRR33383944,panD,Rv3601c,p.Val138Ala,c.413T>C,missense_variant,pyrazinamide,,43,1.0,4043869,0,0,HR-TB
SRR33383944,embB,Rv3795,p.His312Arg,c.935A>G,missense_variant,ethambutol,,79,1.0,4247448,0,0,HR-TB
SRR33383944,embB,Rv3795,p.Tyr384Asn,c.1150T>A,missense_variant,ethambutol,,38,1.0263157894736843,4247663,0,0,HR-TB
SRR33383944,embB,Rv3795,p.Ala388Gly,c.1163C>G,missense_variant,ethambutol,,60,1.0,4247676,0,0,HR-TB
SRR33383944,embB,Rv3795,p.Asn399Asp,c.1195A>G,missense_variant,ethambutol,,61,1.0,4247708,0,0,HR-TB
SRR33383948,ald,Rv2780,c.464delG,c.464delG,frameshift_variant,cycloserine,,96,0.96875,3087282,0,1,Pre-XDR-TB
SRR33383948,ethA,Rv3854c,c.1192_1194dupGTG,c.1192_1194dupGTG,conservative_inframe_insertion,ethionamide,,89,0.8876404494382022,4326279,0,1,Pre-XDR-TB
SRR33383953,ald,Rv2780,c.464delG,c.464delG,frameshift_variant,cycloserine,,107,0.9439252336448598,3087282,0,1,Pre-XDR-TB
SRR33383953,ethA,Rv3854c,c.1192_1194dupGTG,c.1192_1194dupGTG,conservative_inframe_insertion,ethionamide,,77,0.8051948051948052,4326279,0,1,Pre-XDR-TB
SRR33383961,folC,Rv2447c,p.Glu153Ala,c.458A>C,missense_variant,para-aminosalicylic_acid,,85,1.0,2747141,0,1,Pre-XDR-TB
SRR33383961,ald,Rv2780,c.317_318insT,c.317_318insT,frameshift_variant,cycloserine,,78,0.9487179487179488,3087136,0,1,Pre-XDR-TB
SRR33383968,pncA,Rv2043c,c.375_389delCGATGAGGTCGATGT,c.375_389delCGATGAGGTCGATGT,disruptive_inframe_deletion,pyrazinamide,,107,0.9158878504672896,2288852,0,1,Pre-XDR-TB
SRR33383978,folC,Rv2447c,p.Arg49Trp,c.145C>T,missense_variant,para-aminosalicylic_acid,,85,0.9882352941176472,2747454,0,1,XDR-TB
SRR33383981,ald,Rv2780,c.464delG,c.464delG,frameshift_variant,cycloserine,,146,0.9383561643835616,3087282,0,1,MDR-TB
SRR33383981,ethA,Rv3854c,c.1192_1194dupGTG,c.1192_1194dupGTG,conservative_inframe_insertion,ethionamide,,131,0.8854961832061069,4326279,0,1,MDR-TB
SRR33383988,ald,Rv2780,c.464delG,c.464delG,frameshift_variant,cycloserine,,129,0.9534883720930232,3087282,0,1,MDR-TB
SRR33383988,ethA,Rv3854c,c.1192_1194dupGTG,c.1192_1194dupGTG,conservative_inframe_insertion,ethionamide,,120,0.9333333333333332,4326279,0,1,MDR-TB
SRR33383991,katG,Rv1908c,p.Ile317Leu,c.949A>C,missense_variant,isoniazid,,43,1.0,2155163,0,0,HR-TB
SRR33383991,katG,Rv1908c,p.Gly305Ala,c.914G>C,missense_variant,isoniazid,,38,1.0,2155198,0,0,HR-TB
SRR33383991,panD,Rv3601c,p.Val138Ala,c.413T>C,missense_variant,pyrazinamide,,56,1.0,4043869,0,0,HR-TB
SRR33383991,embB,Rv3795,p.His312Arg,c.935A>G,missense_variant,ethambutol,,61,1.0,4247448,0,0,HR-TB
SRR33383991,embB,Rv3795,p.Asn399Asp,c.1195A>G,missense_variant,ethambutol,,22,1.0,4247708,0,0,HR-TB
SRR33383993,embB,Rv3795,p.His312Arg,c.935A>G,missense_variant,ethambutol,,51,1.0,4247448,0,0,Other
SRR33383993,embB,Rv3795,p.Tyr384Asn,c.1150T>A,missense_variant,ethambutol,,30,1.0,4247663,0,0,Other
SRR33383993,embB,Rv3795,p.Ala388Gly,c.1163C>G,missense_variant,ethambutol,,40,1.0,4247676,0,0,Other
SRR33383993,embB,Rv3795,p.Asn399Asp,c.1195A>G,missense_variant,ethambutol,,36,1.0,4247708,0,0,Other
SRR33383998,rrs,EBG00000313325,n.190G>A,n.190G>A,non_coding_transcript_exon_variant,streptomycin,,41,0.8536585365853658,1472035,0,0,HR-TB
SRR33383998,embB,Rv3795,p.His312Arg,c.935A>G,missense_variant,ethambutol,,50,1.0,4247448,0,0,HR-TB
SRR33383998,embB,Rv3795,p.Tyr384Asn,c.1150T>A,missense_variant,ethambutol,,42,0.9761904761904762,4247663,0,0,HR-TB
SRR33383998,embB,Rv3795,p.Asn399Asp,c.1195A>G,missense_variant,ethambutol,,65,0.1692307692307692,4247708,0,0,HR-TB
SRR33383999,ald,Rv2780,c.133delA,c.133delA,frameshift_variant,cycloserine,,99,0.9696969696969696,3086951,0,1,Pre-XDR-TB
SRR33384026,katG,Rv1908c,p.Ile317Leu,c.949A>C,missense_variant,isoniazid,,56,1.0,2155163,0,0,HR-TB
SRR33384026,panD,Rv3601c,p.Val138Ala,c.413T>C,missense_variant,pyrazinamide,,50,1.0,4043869,0,0,HR-TB
SRR33384026,embB,Rv3795,p.His312Arg,c.935A>G,missense_variant,ethambutol,,45,1.0,4247448,0,0,HR-TB
SRR33384026,embB,Rv3795,p.Tyr384Asn,c.1150T>A,missense_variant,ethambutol,,45,1.0,4247663,0,0,HR-TB
SRR33384026,embB,Rv3795,p.Ala388Gly,c.1163C>G,missense_variant,ethambutol,,65,1.0,4247676,0,0,HR-TB
SRR33384026,embB,Rv3795,p.Asn399Asp,c.1195A>G,missense_variant,ethambutol,,69,1.0,4247708,0,0,HR-TB
SRR33384028,katG,Rv1908c,p.Ile317Leu,c.949A>C,missense_variant,isoniazid,,49,1.0,2155163,0,0,HR-TB
SRR33384028,panD,Rv3601c,p.Val138Ala,c.413T>C,missense_variant,pyrazinamide,,94,1.0,4043869,0,0,HR-TB
SRR33384028,embB,Rv3795,p.His312Arg,c.935A>G,missense_variant,ethambutol,,75,1.0133333333333334,4247448,0,0,HR-TB
SRR33384028,embB,Rv3795,p.Tyr384Asn,c.1150T>A,missense_variant,ethambutol,,49,1.0,4247663,0,0,HR-TB
SRR33384028,embB,Rv3795,p.Ala388Gly,c.1163C>G,missense_variant,ethambutol,,81,0.9876543209876544,4247676,0,0,HR-TB
SRR33384028,embB,Rv3795,p.Asn399Asp,c.1195A>G,missense_variant,ethambutol,,65,1.0,4247708,0,0,HR-TB
SRR33384038,katG,Rv1908c,p.Ile317Leu,c.949A>C,missense_variant,isoniazid,,32,1.0,2155163,0,0,HR-TB
SRR33384038,panD,Rv3601c,p.Val138Ala,c.413T>C,missense_variant,pyrazinamide,,81,1.0123456790123455,4043869,0,0,HR-TB
SRR33384038,embB,Rv3795,p.His312Arg,c.935A>G,missense_variant,ethambutol,,86,1.0,4247448,0,0,HR-TB
SRR33384038,embB,Rv3795,p.Tyr384Asn,c.1150T>A,missense_variant,ethambutol,,56,1.0,4247663,0,0,HR-TB
SRR33384038,embB,Rv3795,p.Ala388Gly,c.1163C>G,missense_variant,ethambutol,,95,1.0,4247676,0,0,HR-TB
SRR33384038,embB,Rv3795,p.Asn399Asp,c.1195A>G,missense_variant,ethambutol,,107,1.0,4247708,0,0,HR-TB
SRR33384042,ald,Rv2780,c.133delA,c.133delA,frameshift_variant,cycloserine,,112,0.9821428571428572,3086951,0,1,Pre-XDR-TB
SRR33384044,katG,Rv1908c,p.Ile317Leu,c.949A>C,missense_variant,isoniazid,,74,1.0,2155163,0,0,HR-TB
SRR33384044,panD,Rv3601c,p.Val138Ala,c.413T>C,missense_variant,pyrazinamide,,113,0.991150442477876,4043869,0,0,HR-TB
SRR33384044,embB,Rv3795,p.His312Arg,c.935A>G,missense_variant,ethambutol,,113,1.0,4247448,0,0,HR-TB
SRR33384044,embB,Rv3795,p.Tyr384Asn,c.1150T>A,missense_variant,ethambutol,,76,1.0,4247663,0,0,HR-TB
SRR33384044,embB,Rv3795,p.Ala388Gly,c.1163C>G,missense_variant,ethambutol,,117,1.0,4247676,0,0,HR-TB
SRR33384044,embB,Rv3795,p.Asn399Asp,c.1195A>G,missense_variant,ethambutol,,129,1.0,4247708,0,0,HR-TB
SRR33384047,katG,Rv1908c,p.Ile317Leu,c.949A>C,missense_variant,isoniazid,,90,0.9888888888888888,2155163,0,0,HR-TB
SRR33384047,panD,Rv3601c,p.Val138Ala,c.413T>C,missense_variant,pyrazinamide,,102,1.0,4043869,0,0,HR-TB
SRR33384047,embB,Rv3795,p.His312Arg,c.935A>G,missense_variant,ethambutol,,114,1.0,4247448,0,0,HR-TB
SRR33384047,embB,Rv3795,p.Tyr384Asn,c.1150T>A,missense_variant,ethambutol,,70,1.0,4247663,0,0,HR-TB
SRR33384047,embB,Rv3795,p.Ala388Gly,c.1163C>G,missense_variant,ethambutol,,106,1.0,4247676,0,0,HR-TB
SRR33384047,embB,Rv3795,p.Asn399Asp,c.1195A>G,missense_variant,ethambutol,,110,1.0,4247708,0,0,HR-TB
SRR33384055,pncA,Rv2043c,c.375_389delCGATGAGGTCGATGT,c.375_389delCGATGAGGTCGATGT,disruptive_inframe_deletion,pyrazinamide,,78,0.9487179487179488,2288852,0,1,XDR-TB
SRR33384059,katG,Rv1908c,p.Ile317Leu,c.949A>C,missense_variant,isoniazid,,70,0.1142857142857142,2155163,0,1,Pre-XDR-TB
SRR33384059,panD,Rv3601c,p.Val138Ala,c.413T>C,missense_variant,pyrazinamide,,96,0.1458333333333333,4043869,0,1,Pre-XDR-TB
SRR33384059,embB,Rv3795,p.His312Arg,c.935A>G,missense_variant,ethambutol,,89,0.2584269662921348,4247448,0,1,Pre-XDR-TB
SRR33384059,embB,Rv3795,p.Ala388Gly,c.1163C>G,missense_variant,ethambutol,,83,0.1927710843373494,4247676,0,1,Pre-XDR-TB
SRR33384059,embB,Rv3795,p.Asn399Asp,c.1195A>G,missense_variant,ethambutol,,97,0.2371134020618556,4247708,0,1,Pre-XDR-TB
SRR33384061,ald,Rv2780,c.133delA,c.133delA,frameshift_variant,cycloserine,,37,0.972972972972973,3086951,0,1,Pre-XDR-TB
SRR33384074,folC,Rv2447c,p.Glu153Ala,c.458A>C,missense_variant,para-aminosalicylic_acid,,69,0.1159420289855072,2747141,0,1,Pre-XDR-TB
SRR33384078,rpoB,Rv0667,p.Leu464Met,c.1390C>A,missense_variant,rifampicin,,97,0.1443298969072164,761196,0,1,Pre-XDR-TB
SRR33384088,pncA,Rv2043c,c.375_389delCGATGAGGTCGATGT,c.375_389delCGATGAGGTCGATGT,disruptive_inframe_deletion,pyrazinamide,,112,0.9017857142857144,2288852,0,1,XDR-TB
SRR33384090,pncA,Rv2043c,c.375_389delCGATGAGGTCGATGT,c.375_389delCGATGAGGTCGATGT,disruptive_inframe_deletion,pyrazinamide,,138,0.927536231884058,2288852,0,1,XDR-TB
SRR33384108,pncA,Rv2043c,c.375_389delCGATGAGGTCGATGT,c.375_389delCGATGAGGTCGATGT,disruptive_inframe_deletion,pyrazinamide,,94,0.9361702127659576,2288852,0,1,XDR-TB
SRR33384116,ald,Rv2780,c.133delA,c.133delA,frameshift_variant,cycloserine,,106,0.981132075471698,3086951,0,1,Pre-XDR-TB
SRR33384125,ald,Rv2780,c.464delG,c.464delG,frameshift_variant,cycloserine,,147,0.8979591836734694,3087282,0,1,Pre-XDR-TB
SRR33384125,ethA,Rv3854c,c.1192_1194dupGTG,c.1192_1194dupGTG,conservative_inframe_insertion,ethionamide,,149,0.8120805369127517,4326279,0,1,Pre-XDR-TB
SRR33384126,ald,Rv2780,c.464delG,c.464delG,frameshift_variant,cycloserine,,112,0.9375,3087282,0,1,MDR-TB
SRR33384126,ethA,Rv3854c,c.1192_1194dupGTG,c.1192_1194dupGTG,conservative_inframe_insertion,ethionamide,,102,0.9215686274509804,4326279,0,1,MDR-TB
SRR33384130,ald,Rv2780,c.464delG,c.464delG,frameshift_variant,cycloserine,,117,0.905982905982906,3087282,0,1,MDR-TB
SRR33384130,ethA,Rv3854c,c.1192_1194dupGTG,c.1192_1194dupGTG,conservative_inframe_insertion,ethionamide,,87,0.7816091954022989,4326279,0,1,MDR-TB
SRR33384135,inhA,Rv1484,c.-767T>A,c.-767T>A,upstream_gene_variant,isoniazid,,23,0.6956521739130435,1673435,0,0,HR-TB
SRR33384135,embB,Rv3795,p.His312Arg,c.935A>G,missense_variant,ethambutol,,117,0.9829059829059827,4247448,0,0,HR-TB
SRR33384135,embB,Rv3795,p.Tyr384Asn,c.1150T>A,missense_variant,ethambutol,,38,0.8421052631578947,4247663,0,0,HR-TB
SRR33384135,embB,Rv3795,p.Asn399Asp,c.1195A>G,missense_variant,ethambutol,,68,0.9117647058823528,4247708,0,0,HR-TB
SRR33384141,ald,Rv2780,c.133delA,c.133delA,frameshift_variant,cycloserine,,99,0.9696969696969696,3086951,0,1,Pre-XDR-TB
SRR33384146,pncA,Rv2043c,c.375_389delCGATGAGGTCGATGT,c.375_389delCGATGAGGTCGATGT,disruptive_inframe_deletion,pyrazinamide,,97,0.865979381443299,2288852,0,1,Pre-XDR-TB
SRR33384152,rpoB,Rv0667,p.Asn438Lys,c.1314C>A,missense_variant,rifampicin,,116,1.0,761120,1,1,MDR-TB
SRR33384157,ald,Rv2780,c.133delA,c.133delA,frameshift_variant,cycloserine,,93,0.956989247311828,3086951,0,1,XDR-TB
SRR33384159,ald,Rv2780,c.133delA,c.133delA,frameshift_variant,cycloserine,,172,0.936046511627907,3086951,0,1,XDR-TB
SRR33384163,ald,Rv2780,c.133delA,c.133delA,frameshift_variant,cycloserine,,121,0.975206611570248,3086951,0,1,XDR-TB
SRR33384170,ald,Rv2780,c.464delG,c.464delG,frameshift_variant,cycloserine,,161,0.9565217391304348,3087282,0,1,Pre-XDR-TB
SRR33384170,ethA,Rv3854c,c.1192_1194dupGTG,c.1192_1194dupGTG,conservative_inframe_insertion,ethionamide,,200,0.91,4326279,0,1,Pre-XDR-TB
SRR33384180,ald,Rv2780,c.464delG,c.464delG,frameshift_variant,cycloserine,,131,0.9618320610687024,3087282,0,1,Pre-XDR-TB
SRR33384180,ethA,Rv3854c,c.1192_1194dupGTG,c.1192_1194dupGTG,conservative_inframe_insertion,ethionamide,,125,0.92,4326279,0,1,Pre-XDR-TB
SRR33384182,rrs,EBG00000313325,n.190G>A,n.190G>A,non_coding_transcript_exon_variant,streptomycin,,53,1.0,1472035,0,0,HR-TB
SRR33384182,embB,Rv3795,p.Tyr384Asn,c.1150T>A,missense_variant,ethambutol,,67,1.0,4247663,0,0,HR-TB
SRR33384191,rpoB,Rv0667,c.1296_1304delATTCATGGA,c.1296_1304delATTCATGGA,disruptive_inframe_deletion,rifampicin,,102,0.9019607843137256,761101,1,0,XDR-TB
SRR33384194,ald,Rv2780,c.464delG,c.464delG,frameshift_variant,cycloserine,,162,0.9382716049382716,3087282,0,1,XDR-TB
SRR33384194,ethA,Rv3854c,c.1192_1194dupGTG,c.1192_1194dupGTG,conservative_inframe_insertion,ethionamide,,114,0.9649122807017544,4326279,0,1,XDR-TB
SRR33384212,ald,Rv2780,c.464delG,c.464delG,frameshift_variant,cycloserine,,106,0.9339622641509434,3087282,0,1,XDR-TB
SRR33384212,ethA,Rv3854c,c.1192_1194dupGTG,c.1192_1194dupGTG,conservative_inframe_insertion,ethionamide,,104,0.875,4326279,0,1,XDR-TB
SRR33384218,ald,Rv2780,c.133delA,c.133delA,frameshift_variant,cycloserine,,152,0.9210526315789472,3086951,0,1,Pre-XDR-TB
SRR33384229,ald,Rv2780,c.897_898dupGA,c.897_898dupGA,frameshift_variant,cycloserine,,80,0.3125,3087716,0,1,XDR-TB
SRR33384229,ald,Rv2780,c.1107dupG,c.1107dupG,frameshift_variant,cycloserine,,82,0.2439024390243902,3087926,0,1,XDR-TB
SRR33384230,kasA,Rv2245,p.Arg121Lys,c.362G>A,missense_variant,isoniazid,,12,1.0,2518476,0,0,HR-TB
SRR33384261,pncA,Rv2043c,c.375_389delCGATGAGGTCGATGT,c.375_389delCGATGAGGTCGATGT,disruptive_inframe_deletion,pyrazinamide,,182,0.8846153846153846,2288852,0,1,Pre-XDR-TB
SRR33384295,embB,Rv3795,p.His312Arg,c.935A>G,missense_variant,ethambutol,,100,0.97,4247448,0,0,Other
SRR33384295,embB,Rv3795,p.Ala388Gly,c.1163C>G,missense_variant,ethambutol,,70,0.9857142857142858,4247676,0,0,Other
SRR33384321,kasA,Rv2245,p.Arg121Lys,c.362G>A,missense_variant,isoniazid,,46,1.0,2518476,0,0,HR-TB
SRR33384321,embB,Rv3795,p.Asp311Gly,c.932A>G,missense_variant,ethambutol,,68,1.0,4247445,0,0,HR-TB
SRR33384326,ald,Rv2780,c.133delA,c.133delA,frameshift_variant,cycloserine,,181,0.9558011049723756,3086951,0,1,Pre-XDR-TB
SRR33384332,embB,Rv3795,p.His312Arg,c.935A>G,missense_variant,ethambutol,,134,0.9402985074626866,4247448,0,0,HR-TB
SRR33384332,embB,Rv3795,p.Tyr384Asn,c.1150T>A,missense_variant,ethambutol,,40,1.0,4247663,0,0,HR-TB
SRR33384332,embB,Rv3795,p.Ala388Gly,c.1163C>G,missense_variant,ethambutol,,81,1.0,4247676,0,0,HR-TB
SRR33384332,embB,Rv3795,p.Asn399Asp,c.1195A>G,missense_variant,ethambutol,,95,1.0,4247708,0,0,HR-TB
SRR33384359,ald,Rv2780,c.133delA,c.133delA,frameshift_variant,cycloserine,,121,0.975206611570248,3086951,0,1,Pre-XDR-TB
SRR33384362,katG,Rv1908c,p.Ile317Leu,c.949A>C,missense_variant,isoniazid,,57,1.0,2155163,0,0,HR-TB
SRR33384362,panD,Rv3601c,p.Val138Ala,c.413T>C,missense_variant,pyrazinamide,,91,1.0,4043869,0,0,HR-TB
SRR33384362,embB,Rv3795,p.His312Arg,c.935A>G,missense_variant,ethambutol,,84,1.0,4247448,0,0,HR-TB
SRR33384362,embB,Rv3795,p.Tyr384Asn,c.1150T>A,missense_variant,ethambutol,,81,1.0,4247663,0,0,HR-TB
SRR33384362,embB,Rv3795,p.Ala388Gly,c.1163C>G,missense_variant,ethambutol,,122,1.0,4247676,0,0,HR-TB
SRR33384362,embB,Rv3795,p.Asn399Asp,c.1195A>G,missense_variant,ethambutol,,126,1.0,4247708,0,0,HR-TB
SRR33384375,rrs,EBG00000313325,n.190G>A,n.190G>A,non_coding_transcript_exon_variant,streptomycin,,109,1.0,1472035,0,0,HR-TB
SRR33384375,katG,Rv1908c,p.Ile335Thr,c.1004T>C,missense_variant,isoniazid,,122,1.0,2155108,0,0,HR-TB
SRR33384375,embB,Rv3795,p.His312Arg,c.935A>G,missense_variant,ethambutol,,164,1.0,4247448,0,0,HR-TB
SRR33384375,embB,Rv3795,p.Tyr384Asn,c.1150T>A,missense_variant,ethambutol,,183,1.0,4247663,0,0,HR-TB
SRR33384392,pncA,Rv2043c,c.375_389delCGATGAGGTCGATGT,c.375_389delCGATGAGGTCGATGT,disruptive_inframe_deletion,pyrazinamide,,90,0.9333333333333332,2288852,0,1,XDR-TB
SRR33384399,folC,Rv2447c,p.Arg49Trp,c.145C>T,missense_variant,para-aminosalicylic_acid,,97,1.0,2747454,0,1,XDR-TB
SRR33384427,rpoB,Rv0667,c.1296_1304delATTCATGGA,c.1296_1304delATTCATGGA,disruptive_inframe_deletion,rifampicin,,103,0.8155339805825242,761101,1,0,XDR-TB
SRR33384436,pncA,Rv2043c,c.375_389delCGATGAGGTCGATGT,c.375_389delCGATGAGGTCGATGT,disruptive_inframe_deletion,pyrazinamide,,99,0.9090909090909092,2288852,0,1,Pre-XDR-TB
SRR33384443,pncA,Rv2043c,c.375_389delCGATGAGGTCGATGT,c.375_389delCGATGAGGTCGATGT,disruptive_inframe_deletion,pyrazinamide,,148,0.9256756756756755,2288852,0,1,XDR-TB
SRR33384446,pncA,Rv2043c,c.375_389delCGATGAGGTCGATGT,c.375_389delCGATGAGGTCGATGT,disruptive_inframe_deletion,pyrazinamide,,151,0.913907284768212,2288852,0,1,Pre-XDR-TB
SRR33384448,ald,Rv2780,c.464delG,c.464delG,frameshift_variant,cycloserine,,132,0.946969696969697,3087282,0,1,Pre-XDR-TB
SRR33384448,ethA,Rv3854c,c.1192_1194dupGTG,c.1192_1194dupGTG,conservative_inframe_insertion,ethionamide,,122,0.9098360655737704,4326279,0,1,Pre-XDR-TB
SRR33384451,ald,Rv2780,c.133delA,c.133delA,frameshift_variant,cycloserine,,135,0.9555555555555556,3086951,0,1,Pre-XDR-TB
SRR33384452,pncA,Rv2043c,c.375_389delCGATGAGGTCGATGT,c.375_389delCGATGAGGTCGATGT,disruptive_inframe_deletion,pyrazinamide,,101,0.9207920792079208,2288852,0,1,XDR-TB
SRR33384455,thyX,Rv2754c,c.-16C>T,c.-16C>T,upstream_gene_variant,para-aminosalicylic_acid,,106,1.009433962264151,3067961,0,1,XDR-TB
SRR33384460,ald,Rv2780,c.436_437dupGC,c.436_437dupGC,frameshift_variant,cycloserine,,198,0.9494949494949496,3087256,0,1,XDR-TB
SRR33384468,ald,Rv2780,c.464delG,c.464delG,frameshift_variant,cycloserine,,115,0.5652173913043478,3087282,0,1,Pre-XDR-TB
SRR33384468,ethA,Rv3854c,c.1192_1194dupGTG,c.1192_1194dupGTG,conservative_inframe_insertion,ethionamide,,123,0.5853658536585366,4326279,0,1,Pre-XDR-TB
SRR33384471,ald,Rv2780,c.464delG,c.464delG,frameshift_variant,cycloserine,,117,0.9316239316239316,3087282,0,1,XDR-TB
SRR33384471,ethA,Rv3854c,c.1192_1194dupGTG,c.1192_1194dupGTG,conservative_inframe_insertion,ethionamide,,103,0.8932038834951457,4326279,0,1,XDR-TB
SRR33384479,ald,Rv2780,c.133delA,c.133delA,frameshift_variant,cycloserine,,136,0.9705882352941176,3086951,0,1,Pre-XDR-TB
SRR33384495,thyX,Rv2754c,c.-16C>T,c.-16C>T,upstream_gene_variant,para-aminosalicylic_acid,,154,1.0,3067961,0,1,XDR-TB
SRR33384498,ald,Rv2780,c.464delG,c.464delG,frameshift_variant,cycloserine,,196,0.9540816326530612,3087282,0,1,Pre-XDR-TB
SRR33384498,ethA,Rv3854c,c.1192_1194dupGTG,c.1192_1194dupGTG,conservative_inframe_insertion,ethionamide,,162,0.9074074074074074,4326279,0,1,Pre-XDR-TB
SRR33384501,ald,Rv2780,c.464delG,c.464delG,frameshift_variant,cycloserine,,123,0.959349593495935,3087282,0,1,Pre-XDR-TB
SRR33384501,ethA,Rv3854c,c.1192_1194dupGTG,c.1192_1194dupGTG,conservative_inframe_insertion,ethionamide,,143,0.916083916083916,4326279,0,1,Pre-XDR-TB
SRR33384510,ald,Rv2780,c.464delG,c.464delG,frameshift_variant,cycloserine,,188,0.952127659574468,3087282,0,1,XDR-TB
SRR33384510,ethA,Rv3854c,c.1192_1194dupGTG,c.1192_1194dupGTG,conservative_inframe_insertion,ethionamide,,176,0.8863636363636364,4326279,0,1,XDR-TB
SRR33384513,inhA,Rv1484,c.-767T>A,c.-767T>A,upstream_gene_variant,isoniazid,,39,1.0,1673435,0,0,HR-TB
SRR33384513,embB,Rv3795,p.His312Arg,c.935A>G,missense_variant,ethambutol,,149,1.0,4247448,0,0,HR-TB
SRR33384513,embB,Rv3795,p.Tyr384Asn,c.1150T>A,missense_variant,ethambutol,,168,1.0,4247663,0,0,HR-TB
SRR33384513,embB,Rv3795,p.Thr437Ala,c.1309A>G,missense_variant,ethambutol,,115,1.0,4247822,0,0,HR-TB
SRR33384514,pncA,Rv2043c,c.375_389delCGATGAGGTCGATGT,c.375_389delCGATGAGGTCGATGT,disruptive_inframe_deletion,pyrazinamide,,182,0.9230769230769232,2288852,0,1,Pre-XDR-TB
SRR33384523,inhA,Rv1484,c.-767T>A,c.-767T>A,upstream_gene_variant,isoniazid,,30,1.0,1673435,0,0,HR-TB
SRR33384523,embB,Rv3795,p.His312Arg,c.935A>G,missense_variant,ethambutol,,111,1.0,4247448,0,0,HR-TB
SRR33384523,embB,Rv3795,p.Tyr384Asn,c.1150T>A,missense_variant,ethambutol,,87,1.0,4247663,0,0,HR-TB
SRR33384523,embB,Rv3795,p.Thr437Ala,c.1309A>G,missense_variant,ethambutol,,61,0.9672131147540984,4247822,0,0,HR-TB
SRR33384524,inhA,Rv1484,c.-767T>A,c.-767T>A,upstream_gene_variant,isoniazid,,32,0.9375,1673435,0,0,HR-TB
SRR33384524,embB,Rv3795,p.His312Arg,c.935A>G,missense_variant,ethambutol,,116,0.956896551724138,4247448,0,0,HR-TB
SRR33384524,embB,Rv3795,p.Tyr384Asn,c.1150T>A,missense_variant,ethambutol,,103,0.9902912621359224,4247663,0,0,HR-TB
SRR33384524,embB,Rv3795,p.Thr437Ala,c.1309A>G,missense_variant,ethambutol,,70,0.9857142857142858,4247822,0,0,HR-TB
SRR33384540,ald,Rv2780,c.436_437dupGC,c.436_437dupGC,frameshift_variant,cycloserine,,63,0.873015873015873,3087256,0,1,Pre-XDR-TB
SRR33384552,ald,Rv2780,c.464delG,c.464delG,frameshift_variant,cycloserine,,179,0.9385474860335196,3087282,0,1,Pre-XDR-TB
SRR33384552,ethA,Rv3854c,c.1192_1194dupGTG,c.1192_1194dupGTG,conservative_inframe_insertion,ethionamide,,186,0.8924731182795699,4326279,0,1,Pre-XDR-TB
SRR33384561,pncA,Rv2043c,c.375_389delCGATGAGGTCGATGT,c.375_389delCGATGAGGTCGATGT,disruptive_inframe_deletion,pyrazinamide,,156,0.8717948717948718,2288852,0,1,Pre-XDR-TB
SRR33384565,rrs,EBG00000313325,n.190G>A,n.190G>A,non_coding_transcript_exon_variant,streptomycin,,110,0.1727272727272727,1472035,0,0,Other
SRR33384565,panD,Rv3601c,p.Val138Ala,c.413T>C,missense_variant,pyrazinamide,,39,1.0,4043869,0,0,Other
SRR33384565,embB,Rv3795,p.Tyr384Asn,c.1150T>A,missense_variant,ethambutol,,20,1.0,4247663,0,0,Other
SRR33384565,embB,Rv3795,p.Ala388Gly,c.1163C>G,missense_variant,ethambutol,,53,0.6415094339622641,4247676,0,0,Other
SRR33384565,embB,Rv3795,p.Asn399Asp,c.1195A>G,missense_variant,ethambutol,,76,0.6842105263157895,4247708,0,0,Other
SRR33384568,mmpR5,Rv0678,p.Arg134*,c.400C>T,stop_gained,clofazimine,,86,1.0116279069767442,779389,0,1,XDR-TB
SRR33384573,pncA,Rv2043c,c.375_389delCGATGAGGTCGATGT,c.375_389delCGATGAGGTCGATGT,disruptive_inframe_deletion,pyrazinamide,,99,0.9292929292929292,2288852,0,1,Pre-XDR-TB
SRR33384581,katG,Rv1908c,p.Ile317Leu,c.949A>C,missense_variant,isoniazid,,27,1.0,2155163,0,0,HR-TB
SRR33384581,panD,Rv3601c,p.Val138Ala,c.413T>C,missense_variant,pyrazinamide,,26,1.0,4043869,0,0,HR-TB
SRR33384581,embB,Rv3795,p.His312Arg,c.935A>G,missense_variant,ethambutol,,52,1.0,4247448,0,0,HR-TB
SRR33384581,embB,Rv3795,p.Tyr384Asn,c.1150T>A,missense_variant,ethambutol,,34,1.0,4247663,0,0,HR-TB
SRR33384581,embB,Rv3795,p.Ala388Gly,c.1163C>G,missense_variant,ethambutol,,56,1.0,4247676,0,0,HR-TB
SRR33384581,embB,Rv3795,p.Asn399Asp,c.1195A>G,missense_variant,ethambutol,,58,1.0,4247708,0,0,HR-TB
SRR33384588,thyX,Rv2754c,c.-16C>T,c.-16C>T,upstream_gene_variant,para-aminosalicylic_acid,,103,1.0097087378640777,3067961,0,1,XDR-TB
SRR33384603,ald,Rv2780,c.133delA,c.133delA,frameshift_variant,cycloserine,,97,0.9690721649484536,3086951,0,1,Pre-XDR-TB
SRR33384604,katG,Rv1908c,p.Ile317Leu,c.949A>C,missense_variant,isoniazid,,51,1.0,2155163,0,0,HR-TB
SRR33384604,panD,Rv3601c,p.Val138Ala,c.413T>C,missense_variant,pyrazinamide,,58,1.0,4043869,0,0,HR-TB
SRR33384604,embB,Rv3795,p.His312Arg,c.935A>G,missense_variant,ethambutol,,74,1.0,4247448,0,0,HR-TB
SRR33384604,embB,Rv3795,p.Tyr384Asn,c.1150T>A,missense_variant,ethambutol,,37,1.0,4247663,0,0,HR-TB
SRR33384604,embB,Rv3795,p.Ala388Gly,c.1163C>G,missense_variant,ethambutol,,63,0.9523809523809524,4247676,0,0,HR-TB
SRR33384604,embB,Rv3795,p.Asn399Asp,c.1195A>G,missense_variant,ethambutol,,70,1.0,4247708,0,0,HR-TB
SRR33384607,katG,Rv1908c,p.Ile317Leu,c.949A>C,missense_variant,isoniazid,,67,0.9850746268656716,2155163,0,0,HR-TB
SRR33384607,panD,Rv3601c,p.Val138Ala,c.413T>C,missense_variant,pyrazinamide,,85,0.9411764705882352,4043869,0,0,HR-TB
SRR33384607,embB,Rv3795,p.His312Arg,c.935A>G,missense_variant,ethambutol,,102,0.9607843137254902,4247448,0,0,HR-TB
SRR33384607,embB,Rv3795,p.Tyr384Asn,c.1150T>A,missense_variant,ethambutol,,56,0.9285714285714286,4247663,0,0,HR-TB
SRR33384607,embB,Rv3795,p.Ala388Gly,c.1163C>G,missense_variant,ethambutol,,94,0.8723404255319149,4247676,0,0,HR-TB
SRR33384607,embB,Rv3795,p.Asn399Asp,c.1195A>G,missense_variant,ethambutol,,84,0.9642857142857144,4247708,0,0,HR-TB
SRR33384608,katG,Rv1908c,p.Ile317Leu,c.949A>C,missense_variant,isoniazid,,54,0.925925925925926,2155163,0,0,HR-TB
SRR33384608,panD,Rv3601c,p.Val138Ala,c.413T>C,missense_variant,pyrazinamide,,83,0.9759036144578314,4043869,0,0,HR-TB
SRR33384608,embB,Rv3795,p.His312Arg,c.935A>G,missense_variant,ethambutol,,90,1.0,4247448,0,0,HR-TB
SRR33384608,embB,Rv3795,p.Tyr384Asn,c.1150T>A,missense_variant,ethambutol,,53,0.981132075471698,4247663,0,0,HR-TB
SRR33384608,embB,Rv3795,p.Ala388Gly,c.1163C>G,missense_variant,ethambutol,,80,0.9625,4247676,0,0,HR-TB
SRR33384608,embB,Rv3795,p.Asn399Asp,c.1195A>G,missense_variant,ethambutol,,78,0.9743589743589745,4247708,0,0,HR-TB
SRR33384610,ald,Rv2780,c.897_898dupGA,c.897_898dupGA,frameshift_variant,cycloserine,,116,0.5086206896551724,3087717,0,1,XDR-TB
SRR33384616,ald,Rv2780,c.464delG,c.464delG,frameshift_variant,cycloserine,,156,0.8910256410256411,3087282,0,1,Pre-XDR-TB
SRR33384616,ethA,Rv3854c,c.1192_1194dupGTG,c.1192_1194dupGTG,conservative_inframe_insertion,ethionamide,,143,0.9370629370629372,4326279,0,1,Pre-XDR-TB
SRR33384624,ald,Rv2780,c.464delG,c.464delG,frameshift_variant,cycloserine,,113,0.9203539823008848,3087282,0,1,Pre-XDR-TB
SRR33384624,ethA,Rv3854c,c.1192_1194dupGTG,c.1192_1194dupGTG,conservative_inframe_insertion,ethionamide,,90,0.9,4326279,0,1,Pre-XDR-TB
SRR33384632,ald,Rv2780,c.464delG,c.464delG,frameshift_variant,cycloserine,,97,0.9381443298969072,3087282,0,1,Pre-XDR-TB
SRR33384632,ethA,Rv3854c,c.1192_1194dupGTG,c.1192_1194dupGTG,conservative_inframe_insertion,ethionamide,,76,0.9078947368421052,4326279,0,1,Pre-XDR-TB
SRR33384634,ald,Rv2780,c.464delG,c.464delG,frameshift_variant,cycloserine,,105,0.9523809523809524,3087282,0,1,Pre-XDR-TB
SRR33384634,ethA,Rv3854c,c.1192_1194dupGTG,c.1192_1194dupGTG,conservative_inframe_insertion,ethionamide,,98,0.8673469387755102,4326279,0,1,Pre-XDR-TB
SRR33394862,pncA,Rv2043c,c.375_389delCGATGAGGTCGATGT,c.375_389delCGATGAGGTCGATGT,disruptive_inframe_deletion,pyrazinamide,,113,0.911504424778761,2288852,0,1,XDR-TB
SRR33394865,pncA,Rv2043c,c.375_389delCGATGAGGTCGATGT,c.375_389delCGATGAGGTCGATGT,disruptive_inframe_deletion,pyrazinamide,,168,0.9464285714285714,2288852,0,1,XDR-TB
SRR33394870,ald,Rv2780,c.464delG,c.464delG,frameshift_variant,cycloserine,,111,0.9369369369369368,3087282,0,1,Pre-XDR-TB
SRR33394870,ethA,Rv3854c,c.1192_1194dupGTG,c.1192_1194dupGTG,conservative_inframe_insertion,ethionamide,,126,0.8809523809523809,4326279,0,1,Pre-XDR-TB
SRR36942163,rpoB,Rv0667,p.Leu464Met,c.1390C>A,missense_variant,rifampicin,,52,0.2884615384615384,761196,0,0,RR-TB
SRR37031320,ald,Rv2780,c.133delA,c.133delA,frameshift_variant,cycloserine,,139,0.920863309352518,3086951,0,1,Pre-XDR-TB
