mutation_id_1,mutation_id_2,edge_weight_neglog10_padj,odds_ratio,padj_BH,class,dominant_lineage_among_both_carriers,pct_both_carriers_in_dominant_lineage,community_id_1,community_id_2,same_community
pncA|c.456dupC,rpoB|p.Leu452Pro,251.53228282583416,inf,2.935737187559189e-252,cross_class,lineage4,100.0,0,0,True
pncA|c.456dupC,inhA|c.-770T>A,236.90954587517078,inf,1.231555887788747e-237,cross_class,lineage4,100.0,0,0,True
pncA|c.456dupC,rpoB|p.Asp435Gly,217.90870055263497,5066.666666666667,1.233955355943935e-218,cross_class,lineage4,100.0,0,0,True
rpoB|p.Leu452Pro,inhA|c.-770T>A,203.51184298224055,321.6190476190476,3.0772091686255984e-204,cross_class,lineage4,100.0,0,0,True
rpoB|p.Leu452Pro,rpoB|p.Asp435Gly,199.6454686297812,2720.454545454545,2.2622019385918122e-200,within_class,lineage4,100.0,0,0,True
inhA|c.-770T>A,embB|p.Met306Val,191.4498996563508,264.2492668621701,3.548953782643422e-192,cross_class,lineage4,100.0,0,0,True
inhA|c.-770T>A,rpoB|p.Asp435Gly,189.60347822625837,2055.6944444444443,2.491849299211689e-190,cross_class,lineage4,100.0,0,0,True
pncA|c.456dupC,embB|p.Met306Val,174.06487208236905,2029.9615384615383,8.612473876947374e-175,cross_class,lineage4,100.0,0,0,True
rpoB|p.Asp435Gly,rrs|n.1401A>G,163.64494011209607,1114.765625,2.2649566167702044e-164,cross_class,lineage4,100.0,0,0,True
pncA|c.456dupC,rrs|n.1401A>G,162.472383791485,180.08554572271387,3.369893752936423e-163,cross_class,lineage4,100.0,0,0,True
rpoB|p.Asp435Gly,gyrA|p.Ala90Val,159.70310707807542,714.9545454545455,1.9810385278978063e-160,cross_class,lineage4,100.0,0,0,True
rpoB|p.Leu452Pro,embB|p.Met306Val,144.67116957095658,80.73290322580645,2.1322122250122093e-145,cross_class,lineage4,99.5,0,0,True
rpoB|p.Asp435Gly,embB|p.Met306Val,141.40382941581817,489.0967741935484,3.9461226925897074e-142,cross_class,lineage4,100.0,0,0,True
rpoB|p.Leu452Pro,rrs|n.1401A>G,140.03125099574964,66.39823008849558,9.305699073181555e-141,cross_class,lineage4,100.0,0,0,True
embB|p.Met306Ile,rrs|n.514A>C,135.3609770816213,176.3235294117647,4.355348569143222e-136,cross_class,lineage2,95.8,5,5,True
pncA|c.456dupC,gyrA|p.Ala90Val,132.91392101808617,74.57612732095491,1.2192113076747834e-133,cross_class,lineage4,100.0,0,0,True
inhA|c.-770T>A,rrs|n.1401A>G,128.47979937609568,46.05418413289862,3.312841240373193e-129,cross_class,lineage4,100.0,0,0,True
rrs|n.1401A>G,gyrA|p.Ala90Val,126.19390783647707,34.56547488484317,6.398706108037437e-127,cross_class,lineage4,85.3,0,0,True
embB|p.Gln497Lys,pncA|p.Cys14Arg,123.56004192310412,5838.75,2.753962846301866e-124,cross_class,lineage2,100.0,5,5,True
rrs|n.1401A>G,katG|p.Ser315Thr,117.06790173589553,72.14044444444444,8.552602034182678e-118,cross_class,lineage4,74.0,0,0,True
rpoB|p.Leu452Pro,gyrA|p.Ala90Val,116.80925300001783,40.66344888108819,1.551482923952906e-117,cross_class,lineage4,100.0,0,0,True
rrs|n.514A>C,inhA|c.-779G>T,116.80925300001783,1226.4647887323945,1.551482923952906e-117,cross_class,lineage2,97.2,5,5,True
inhA|c.-770T>A,katG|p.Ser315Thr,110.46383816234437,inf,3.436859968991328e-111,within_class,lineage4,100.0,0,0,True
inhA|c.-770T>A,gyrA|p.Ala90Val,110.02808772687067,32.191060676239,9.373726398540312e-111,cross_class,lineage4,100.0,0,0,True
embB|p.Met306Ile,katG|p.Ser315Thr,103.84020217440404,75.5850622406639,1.4447670407741176e-104,cross_class,lineage2,59.8,5,0,False
embB|p.Met306Val,rrs|n.1401A>G,97.07155372174657,19.114996114996117,8.480984671222106e-98,cross_class,lineage4,96.8,0,0,True
inhA|c.-779G>T,pncA|c.517dupG,95.04468520047739,3287.108108108108,9.0222488077364e-96,cross_class,lineage2,98.6,5,5,True
rrs|n.514A>C,pncA|p.Cys14Arg,94.74055148247277,1625.5280898876404,1.8173916046827653e-95,cross_class,lineage2,98.9,5,5,True
pncA|c.517dupG,rpoB|p.Asp435Val,91.87933707421391,inf,1.3202705189399386e-92,cross_class,lineage2,97.2,5,5,True
pncA|c.456dupC,katG|p.Ser315Thr,90.19809021761743,inf,6.337380488063168e-91,cross_class,lineage4,100.0,0,0,True
embB|p.Met306Val,katG|p.Ser315Thr,89.13604264307175,15.631613756613756,7.310672969720404e-90,cross_class,lineage4,96.9,0,0,True
rrs|n.514A>C,embB|p.Gln497Lys,88.44455738823669,1451.6170212765958,3.592879168466276e-89,cross_class,lineage2,97.6,5,5,True
embB|p.Met306Ile,inhA|c.-779G>T,87.42847196626413,457.3483146067416,3.728447513181359e-88,cross_class,lineage2,98.1,5,5,True
embB|p.Met306Val,gyrA|p.Ala90Val,82.45831999005482,14.703619310052462,3.480807531235128e-83,cross_class,lineage4,94.7,0,0,True
rpoB|p.Asp435Gly,katG|p.Ser315Thr,77.20907298515301,inf,6.179125484122602e-78,cross_class,lineage4,99.0,0,0,True
rrs|n.514A>C,pncA|c.517dupG,76.7340182066226,inf,1.844938073514933e-77,cross_class,lineage2,97.2,5,5,True
gyrA|p.Ala90Val,katG|p.Ser315Thr,76.63816601667887,15.570458952811894,2.300562219061285e-77,cross_class,lineage4,81.6,0,0,True
embB|p.Met306Ile,pncA|p.Cys14Arg,74.75069532047374,inf,1.775434601176564e-75,cross_class,lineage2,97.8,5,5,True
rpoB|p.Leu452Pro,katG|p.Ser315Thr,69.88780346818572,24.84222640719816,1.2947816380162205e-70,cross_class,lineage4,98.2,0,0,True
embB|p.Met306Ile,embB|p.Gln497Lys,67.24977966661326,634.681592039801,5.6262669378078285e-68,within_class,lineage2,97.6,5,5,True
inhA|c.-779G>T,rpoB|p.Asp435Val,65.54719660817375,68.01064425770308,2.8366345732528543e-66,cross_class,lineage2,95.9,5,5,True
embB|p.Met306Ile,pncA|c.517dupG,58.957954499671175,inf,1.101654722074831e-59,cross_class,lineage2,97.2,5,5,True
ethA|c.869dupA,pncA|p.Arg154Gly,57.09327341530578,inf,8.067269856824023e-58,cross_class,lineage4,100.0,1,1,True
embB|p.Gln497Arg,rpsL|p.Lys88Arg,56.818437255317356,208.72820512820516,1.5190173861720372e-57,cross_class,lineage4,97.9,2,2,True
rrs|n.1401A>G,pncA|c.517dupG,54.953071235530274,inf,1.1141117754502488e-55,cross_class,lineage2,97.2,0,5,False
rrs|n.514A>C,katG|p.Ser315Thr,53.58458372676808,33.378531073446325,2.602653022712456e-54,cross_class,lineage2,94.6,5,0,False
pncA|p.Arg154Gly,rrs|n.878G>A,52.45560901912881,46644.0,3.502603528724131e-53,cross_class,lineage4,100.0,1,1,True
ethA|c.869dupA,rrs|n.878G>A,52.45560901912881,46644.0,3.502603528724131e-53,cross_class,lineage4,100.0,1,1,True
pncA|p.Cys14Arg,rpoB|p.Ser450Leu,51.93468643043448,178.8761061946903,1.1622875064861592e-52,cross_class,lineage2,98.9,5,5,True
inhA|c.-154G>A,pncA|p.Gly97Asp,51.66772266858789,inf,2.149202471961481e-52,cross_class,lineage1,83.9,2,2,True
rrs|n.514A>C,rpoB|p.Asp435Val,46.8439218628574,23.949579831932773,1.4324455980065408e-47,cross_class,lineage2,93.3,5,5,True
embB|p.Gln497Lys,rpoB|p.Ser450Leu,46.43869744493385,109.01739130434784,3.6416864906474924e-47,cross_class,lineage2,98.8,5,5,True
embB|p.Met306Ile,rpoB|p.Asp435Val,45.76048751119972,19.59956043956044,1.7358511792021815e-46,cross_class,lineage2,78.7,5,5,True
gyrA|p.Ser91Pro,tlyA|c.585_588delTGGG,45.494133917234166,inf,3.2052808050917256e-46,cross_class,lineage2,100.0,5,5,True
pncA|p.Gly97Asp,rrs|n.517C>T,43.25068097493915,1067.5625,5.614602633838014e-44,cross_class,lineage1,89.7,2,2,True
embB|p.Gln497Lys,gyrA|p.Ser91Pro,40.023597424082695,78.0909090909091,9.471146970453379e-41,cross_class,lineage2,100.0,5,5,True
pncA|c.375_389delCGATGAGGTCGATGT,rpoB|p.His445Leu,39.35598190882721,inf,4.405732158469527e-40,cross_class,lineage1,100.0,2,2,True
pncA|p.Cys14Arg,gyrA|p.Ser91Pro,38.725554946908474,69.91836734693878,1.881243676338247e-39,cross_class,lineage2,100.0,5,5,True
rpsL|p.Lys88Arg,inhA|c.-777C>T,38.37933395306545,55.36894586894587,4.1750919724897766e-39,cross_class,lineage4,95.7,2,1,False
pncA|p.Leu151Ser,rpsL|p.Lys43Arg,38.20554573407907,inf,6.22951543060457e-39,cross_class,lineage4,97.1,4,4,True
embB|p.Gln497Lys,tlyA|c.585_588delTGGG,36.90925260388776,915.8727272727272,1.2323878162773983e-37,cross_class,lineage2,100.0,5,5,True
katG|p.Ser315Thr,inhA|c.-779G>T,36.35495947208552,86.3282208588957,4.4161165617616095e-37,within_class,lineage2,97.2,0,5,False
rrs|n.1401A>G,rpoB|p.Asp435Val,36.315068011779445,13.703642566303513,4.840965507193605e-37,cross_class,lineage2,82.4,0,5,False
gid|p.Ala134Glu,pncA|p.His71Tyr,36.203885409201085,inf,6.253376695214279e-37,cross_class,lineage4,100.0,1,1,True
pncA|p.Cys14Arg,tlyA|c.585_588delTGGG,36.057229123490686,837.1333333333333,8.765382582947442e-37,cross_class,lineage2,100.0,5,5,True
inhA|c.-779G>T,tlyA|c.585_588delTGGG,36.009711049863576,inf,9.778876247642812e-37,cross_class,lineage2,100.0,5,5,True
rpsL|p.Lys43Arg,pncA|p.Tyr34Asp,35.508099838122035,539.188679245283,3.103845976079993e-36,cross_class,lineage4,100.0,4,4,True
rpoB|p.Asp435Val,pncA|p.Leu151Ser,35.07263333418334,307.5164835164835,8.459927978896105e-36,cross_class,lineage4,97.0,5,4,False
embB|p.Met306Ile,rpoB|p.Ser450Leu,34.4279882587324,5.831835611626613,3.732602488500807e-35,cross_class,lineage2,58.6,5,5,True
rrs|n.514A>C,gyrA|p.Ser91Pro,33.72911197961163,40.908396946564885,1.8658985207073422e-34,cross_class,lineage2,100.0,5,5,True
inhA|c.-154G>A,rrs|n.517C>T,33.06341916842354,111.2938596491228,8.641334796091316e-34,cross_class,lineage1,89.7,2,2,True
inhA|c.-779G>T,gyrA|p.Ser91Pro,32.94850978708037,45.56728778467909,1.1258750963547177e-33,cross_class,lineage2,100.0,5,5,True
pncA|p.Cys14Arg,katG|p.Ser315Thr,32.695177369449134,inf,2.0175422145141866e-33,cross_class,lineage2,97.8,5,0,False
katG|p.Ser315Thr,rpsL|p.Lys43Arg,30.007442754867796,12.810725552050473,9.83008436560543e-31,cross_class,lineage4,88.7,0,4,False
rrs|n.517C>T,pncA|c.375_389delCGATGAGGTCGATGT,29.894394174486095,inf,1.2752808126321271e-30,cross_class,lineage1,100.0,2,2,True
katG|p.Ser315Thr,rpoB|p.Asp435Val,29.76331967723647,16.770824524312896,1.7245679976953455e-30,cross_class,lineage2,61.9,0,5,False
gid|p.Ala134Glu,rpoB|p.His445Tyr,29.572437812808793,1537.2727272727273,2.6764688128090624e-30,cross_class,lineage4,100.0,1,1,True
rpoB|p.Ser450Leu,gyrA|p.Asp94Gly,29.17870278229383,7.684046565010657,6.62669859301234e-30,cross_class,lineage4,59.0,5,5,True
embB|p.Gln497Arg,inhA|c.-777C>T,28.99386988939958,22.27167801124593,1.0142151896939905e-29,cross_class,lineage4,97.8,2,1,False
rrs|n.1401A>G,inhA|c.-779G>T,28.795506585928713,11.934959349593496,1.60137636383009e-29,cross_class,lineage2,97.2,0,5,False
embB|p.Met306Val,embB|p.Met306Ile,28.548180110698087,0.0,2.830218003776449e-29,within_class,,,0,5,False
pncA|p.Arg154Gly,inhA|c.-777C>T,27.32176814062081,inf,4.766854097603016e-28,cross_class,lineage4,100.0,1,1,True
ethA|c.869dupA,inhA|c.-777C>T,27.32176814062081,inf,4.766854097603016e-28,within_class,lineage4,100.0,1,1,True
rpsL|p.Lys88Arg,rpoB|p.Ser450Leu,27.173060451344842,41.24258760107816,6.7133540031699195e-28,cross_class,lineage4,87.3,2,5,False
rpoB|p.Ser450Leu,inhA|c.-777C>T,26.448169972759093,7.244429882044561,3.56311654039484e-27,cross_class,lineage4,81.8,5,1,False
rrs|n.514A>C,tlyA|c.585_588delTGGG,26.361355728848377,322.1351351351352,4.3515529373305365e-27,cross_class,lineage2,100.0,5,5,True
embB|p.Gln497Arg,pncA|c.375_389delCGATGAGGTCGATGT,26.096918290835525,inf,7.999847518236109e-27,cross_class,lineage1,100.0,2,2,True
rrs|n.517C>T,rpoB|p.His445Leu,25.27672018313389,213.8181818181818,5.28785839893287e-26,cross_class,lineage1,100.0,2,2,True
embB|p.Gln497Lys,katG|p.Ser315Thr,25.141392702699648,42.31462333825701,7.221165478553379e-26,cross_class,lineage2,100.0,5,0,False
pncA|p.His71Tyr,rpoB|p.His445Tyr,24.975441046913836,153.24675324675326,1.0581785481625396e-25,cross_class,lineage4,100.0,1,1,True
katG|p.Ser315Thr,rpoB|p.Ser450Leu,24.96171762344888,3.489128630705394,1.0921502173862585e-25,cross_class,lineage4,59.4,0,5,False
rrs|n.878G>A,inhA|c.-777C>T,24.82252527368671,335.7829457364341,1.5047859455157738e-25,cross_class,lineage4,100.0,1,1,True
rpoB|p.Leu452Pro,rpoB|p.Ser450Leu,24.38477191489137,0.0223813960711235,4.123140035280639e-25,within_class,lineage4,50.0,0,5,False
katG|p.Ser315Thr,pncA|c.517dupG,23.78671038707664,109.85880640465793,1.6341413254934711e-24,cross_class,lineage2,98.6,0,5,False
embB|p.Met306Ile,gyrA|p.Ser91Pro,23.700829350639584,21.03961584633853,1.9914556972633166e-24,cross_class,lineage2,100.0,5,5,True
pncA|c.456dupC,rpoB|p.Ser450Leu,22.76277598284738,0.0126457158205748,1.7267283408351626e-23,cross_class,lineage4,100.0,0,5,False
embB|p.Met306Ile,tlyA|c.585_588delTGGG,22.334989310849927,inf,4.623924019743289e-23,cross_class,lineage2,100.0,5,5,True
embB|p.Gln497Arg,rpoB|p.His445Leu,21.48976893570338,122.10526315789474,3.237658691914316e-22,cross_class,lineage1,100.0,2,2,True
gid|c.107delT,pncA|p.Trp68Cys,20.318268267335803,inf,4.8054242167687374e-21,cross_class,lineage3,100.0,3,3,True
rpoB|p.Ser450Leu,pncA|p.Tyr34Asp,20.116840383586148,inf,7.641165680250183e-21,cross_class,lineage4,100.0,5,4,False
rpoB|p.Ser450Leu,rpsL|p.Lys43Arg,19.9011060406866,6.077579312183418,1.255723319180083e-20,cross_class,lineage4,78.8,5,4,False
inhA|c.-777C>T,gid|p.Ala134Glu,19.46974245255235,inf,3.3904515875954364e-20,cross_class,lineage4,100.0,1,1,True
rpoB|p.Asp435Gly,rpoB|p.Ser450Leu,19.19598530635494,0.0148444718201416,6.368170662096351e-20,within_class,lineage4,100.0,0,5,False
rrs|n.514A>C,rpoB|p.Ser450Leu,18.470550495908675,4.85,3.38414921694514e-19,cross_class,lineage2,93.8,5,5,True
inhA|c.-770T>A,pncA|p.Gly132Ala,18.186929734641126,inf,6.50234884614642e-19,cross_class,lineage4,100.0,0,4,False
mmpR5|p.Met146Thr,pncA|p.His51Asp,18.089301655278945,inf,8.141385975402177e-19,cross_class,lineage4,100.0,4,4,True
embB|p.Gln497Lys,inhA|c.-779G>T,17.86050643867422,14.347450980392155,1.3787755116496164e-18,cross_class,lineage2,100.0,5,5,True
embB|p.Met306Ile,pncA|p.Arg154Gly,17.639499855551104,154.89147286821705,2.2935073932815023e-18,cross_class,lineage4,100.0,5,1,False
embB|p.Met306Ile,ethA|c.869dupA,17.639499855551104,154.89147286821705,2.2935073932815023e-18,cross_class,lineage4,100.0,5,1,False
rpoB|p.Ser450Leu,pncA|p.Gly97Asp,17.52707853173609,inf,2.971128725822651e-18,cross_class,lineage1,83.9,5,2,False
inhA|c.-777C>T,gyrA|p.Asp94Gly,17.049477154291385,7.145984112974404,8.923245583621398e-18,cross_class,lineage4,84.6,1,5,False
pncA|p.Cys14Arg,inhA|c.-779G>T,16.93697905430849,13.027142857142858,1.1561680019480801e-17,cross_class,lineage2,100.0,5,5,True
rrs|n.1401A>G,rrs|n.514A>C,16.788685872806674,4.875682231655549,1.626724947952441e-17,cross_class,lineage2,95.0,0,5,False
pncA|p.Gly132Ala,rpoB|p.Ile491Phe,15.987755993404342,131.625,1.0285940472076521e-16,cross_class,lineage4,100.0,4,4,True
katG|p.Ser315Thr,gyrA|p.Ser91Pro,15.98119010254191,28.75748930099857,1.044263016754072e-16,cross_class,lineage2,78.9,0,5,False
embB|p.Met306Ile,gyrA|p.Asp94Gly,15.91797444078167,5.141202763104429,1.207884919790619e-16,cross_class,lineage2,57.1,5,5,True
rpsL|p.Lys43Arg,pncA|p.Ser59Pro,15.911722047243599,123.9344262295082,1.22540021658641e-16,cross_class,lineage4,100.0,4,4,True
embB|p.Met306Ile,rrs|n.878G>A,15.783700007267948,74.13127413127413,1.6455079798358723e-16,cross_class,lineage4,100.0,5,1,False
pncA|p.Arg154Gly,rpoB|p.Ser450Leu,14.947403566563855,inf,1.1287465435760077e-15,cross_class,lineage4,100.0,1,5,False
ethA|c.869dupA,rpoB|p.Ser450Leu,14.947403566563855,inf,1.1287465435760077e-15,cross_class,lineage4,100.0,1,5,False
embB|p.Gln497Arg,rpoB|p.Ser450Leu,14.906750269788931,8.122877569258266,1.2395091304591228e-15,cross_class,lineage4,98.1,2,5,False
rpoB|p.Ser450Leu,tlyA|c.585_588delTGGG,14.889089202670176,101.90176322418137,1.2909540886209116e-15,cross_class,lineage2,100.0,5,5,True
inhA|c.-777C>T,pncA|p.His71Tyr,14.787340082000126,30.472848788638263,1.6317736581489018e-15,cross_class,lineage4,100.0,1,1,True
pncA|c.456dupC,embB|p.Met306Ile,14.727014447575648,0.0,1.874932134089522e-15,cross_class,,,0,5,False
pncA|p.His51Asp,rpoB|p.Ile491Phe,14.41889191529476,inf,3.8116067265983515e-15,cross_class,lineage4,100.0,4,4,True
pncA|p.Tyr34Asp,gyrA|p.Asp94Ala,14.394762549453947,87.40530303030303,4.0293728010349284e-15,cross_class,lineage4,100.0,4,4,True
embB|p.Met306Val,pncA|p.Gly132Ala,14.386731945427808,inf,4.104573666836484e-15,cross_class,lineage4,100.0,0,4,False
embB|p.Met306Val,pncA|p.Gly97Asp,13.850747214898279,38.83957732949087,1.4101093267171143e-14,cross_class,lineage1,89.3,0,2,False
rrs|n.1401A>G,rpoB|p.Ser450Leu,13.797922181355283,0.2023682097939523,1.5924940510233637e-14,cross_class,lineage4,50.0,0,5,False
embB|p.Gln497Arg,rrs|n.517C>T,13.690634091789576,20.07421875,2.038759079741765e-14,cross_class,lineage1,95.2,2,2,True
rpoB|p.Ser450Leu,gyrA|p.Ser91Pro,13.674488279709914,9.934554973821989,2.115980788370404e-14,cross_class,lineage2,93.2,5,5,True
pncA|c.517dupG,gyrA|p.Asp94His,13.367640968597991,70.16091954022988,4.2890294809360174e-14,cross_class,lineage2,92.9,5,5,True
rrs|n.878G>A,rpoB|p.Ser450Leu,13.013300177153194,90.675,9.69839398599187e-14,cross_class,lineage4,100.0,1,5,False
mmpR5|p.Met146Thr,rpoB|p.Ile491Phe,12.512668712661354,inf,3.071363984563525e-13,cross_class,lineage4,100.0,4,4,True
rpoB|p.Asp435Gly,embB|p.Met306Ile,12.512638615717844,0.0,3.0715768398387065e-13,cross_class,,,0,5,False
rpoB|p.Asp435Val,rpoB|p.Ser450Leu,12.386876067720829,0.0,4.1032117742764513e-13,within_class,,,5,5,True
rpsL|p.Lys88Arg,gyrA|p.Asp94Gly,12.129055154393235,10.630597014925373,7.429247821788658e-13,cross_class,lineage4,89.3,2,5,False
pncA|c.375_389delCGATGAGGTCGATGT,mmpR5|c.138_139delTG,11.912916979431841,inf,1.2220332440624702e-12,cross_class,lineage1,100.0,2,2,True
embB|p.Met306Val,pncA|p.Ser59Pro,11.597919840761348,inf,2.523946583064968e-12,cross_class,lineage4,100.0,0,4,False
rpoB|p.Asp435Val,gyrA|p.Asp94His,11.493010671919608,46.59633027522936,3.2135815703204998e-12,cross_class,lineage2,86.7,5,5,True
mmpR5|c.138_139delTG,gyrA|p.Gly88Ala,11.235630245155651,2716.5,5.812590862446265e-12,cross_class,lineage1,100.0,2,2,True
katG|p.Ser315Thr,pncA|p.Tyr34Asp,11.235630245155651,inf,5.812590862446265e-12,cross_class,lineage4,100.0,0,4,False
katG|p.Ser315Thr,pncA|p.Leu151Ser,11.235630245155651,inf,5.812590862446265e-12,cross_class,lineage4,97.1,0,4,False
rpoB|p.His445Leu,mmpR5|c.138_139delTG,11.138940027039917,inf,7.262062343953751e-12,cross_class,lineage1,100.0,2,2,True
katG|p.Ser315Thr,gyrA|p.Asp94Gly,11.03027657729454,3.629014396456257,9.326601537657142e-12,cross_class,lineage4,51.3,0,5,False
inhA|c.-779G>T,gyrA|p.Asp94His,10.79194551139136,42.39716312056738,1.6145611144773422e-11,cross_class,lineage2,92.9,5,5,True
rpoB|p.Ser450Leu,pncA|p.Ser59Pro,10.487421275591695,inf,3.25520785188756e-11,cross_class,lineage4,100.0,5,4,False
rpoB|p.Leu452Pro,embB|p.Met306Ile,10.367787124753594,0.0969235364396654,4.287586306739689e-11,cross_class,lineage1,60.0,0,5,False
inhA|c.-770T>A,rrs|n.514A>C,10.074097246746762,0.0,8.431459403057149e-11,cross_class,,,0,5,False
rpoB|p.Asp435Val,rpsL|p.Lys43Arg,9.9831945764382,5.966292134831461,1.0394543559946819e-10,cross_class,lineage4,97.1,5,4,False
embB|p.Met306Val,rpsL|p.Lys43Arg,9.875562955943451,3.835698924731183,1.3317939695785934e-10,cross_class,lineage4,81.5,0,4,False
rpsL|p.Lys43Arg,gyrA|p.Asp94Ala,9.867891878252374,23.98566308243728,1.3555268416638662e-10,cross_class,lineage4,100.0,4,4,True
pncA|p.His71Tyr,embB|p.Gly406Cys,9.5292217294116,522.0833333333334,2.9565026362638046e-10,cross_class,lineage4,100.0,1,1,True
rpoB|p.Ser450Leu,inhA|c.-154G>A,9.421361821955754,8.56195335276968,3.7899909946204284e-10,cross_class,lineage1,76.5,5,2,False
fbiC|c.1913_1914dupTC,pncA|p.Asp12Ala,9.396937999598475,inf,4.0092394992625485e-10,cross_class,lineage4,100.0,5,5,True
rrs|n.514A>C,gyrA|p.Asp94His,9.167936379804503,30.37037037037037,6.793031370660303e-10,cross_class,lineage2,86.7,5,5,True
gyrA|p.Asp94Gly,mmpR5|c.424dupC,8.956939968136655,48.19015659955257,1.1042312455528448e-09,cross_class,lineage2,100.0,5,5,True
katG|p.Ser315Thr,rpoB|p.Ile491Phe,8.92851303985881,inf,1.1789271249721282e-09,cross_class,lineage4,96.6,0,4,False
inhA|c.-777C>T,rpoB|p.His445Tyr,8.910102627747232,11.611992945326278,1.2299780814283063e-09,cross_class,lineage4,100.0,1,1,True
rrs|n.517C>T,mmpR5|c.138_139delTG,8.678647607165402,inf,2.095812338598181e-09,cross_class,lineage1,100.0,2,2,True
embB|p.Met306Val,inhA|c.-779G>T,8.596245849681264,0.0,2.533693926134187e-09,cross_class,,,0,5,False
katG|p.Ser315Thr,ethA|c.869dupA,8.161396902764249,inf,6.8960928019740905e-09,cross_class,lineage4,100.0,0,1,False
katG|p.Ser315Thr,pncA|p.Arg154Gly,8.161396902764249,inf,6.8960928019740905e-09,cross_class,lineage4,100.0,0,1,False
inhA|c.-770T>A,embB|p.Met306Ile,8.147242646966541,0.1662234998203377,7.124548594828498e-09,cross_class,lineage4,100.0,0,5,False
rrs|n.1401A>G,embB|p.Met306Ile,8.125887108127055,2.723083243934172,7.483640073224465e-09,cross_class,lineage2,83.5,0,5,False
katG|p.Ser315Thr,pncA|p.His71Tyr,8.066370289250731,43.80494505494506,8.582814193892929e-09,cross_class,lineage4,100.0,0,1,False
rpsL|p.Lys43Arg,pncA|p.His51Asp,7.903967039869686,inf,1.2474781861420191e-08,cross_class,lineage4,100.0,4,4,True
pncA|c.456dupC,rrs|n.514A>C,7.889884333549278,0.0,1.2885926992668371e-08,cross_class,,,0,5,False
embB|p.Met306Val,pncA|p.Tyr34Asp,7.857832746302701,10.264285714285714,1.3872899934006258e-08,cross_class,lineage4,100.0,0,4,False
inhA|c.-770T>A,rpoB|p.Ser450Leu,7.836454988232797,0.2762855985963018,1.4572867350908596e-08,cross_class,lineage4,100.0,0,5,False
katG|p.Ser315Thr,tlyA|c.585_588delTGGG,7.702562468966859,42.286694101508914,1.9835243259550536e-08,cross_class,lineage2,100.0,0,5,False
rpoB|p.Leu452Pro,rrs|n.514A>C,7.628689465503104,0.0326238822652757,2.3513134845390868e-08,cross_class,lineage2,100.0,0,5,False
pncA|c.375_389delCGATGAGGTCGATGT,gyrA|p.Gly88Ala,7.587400081117,192.64285714285717,2.5858296974428543e-08,cross_class,lineage1,100.0,2,2,True
embB|p.Gln497Lys,mmpR5|c.424dupC,7.575614669445971,39.009009009009006,2.6569619229157892e-08,cross_class,lineage2,100.0,5,5,True
embB|p.Met306Val,inhA|c.-154G>A,7.549972292685613,6.903381642512077,2.818562745460236e-08,cross_class,lineage1,83.3,0,2,False
katG|p.Ser315Thr,inhA|c.-154G>A,7.549605198239422,0.0285842772421934,2.8209461884601968e-08,within_class,lineage4,100.0,0,2,False
embB|p.Gln497Arg,mmpR5|c.138_139delTG,7.529344454033896,inf,2.955667294292986e-08,cross_class,lineage1,100.0,2,2,True
katG|p.Ser315Thr,gyrA|p.Asp94Asn,7.462835078050528,11.178333333333333,3.444807213874164e-08,cross_class,lineage4,71.1,0,4,False
pncA|p.Cys14Arg,mmpR5|c.424dupC,7.329490910094572,36.43459915611815,4.6828375258143446e-08,cross_class,lineage2,100.0,5,5,True
rpoB|p.Ser450Leu,mmpR5|c.144dupC,7.277431411044264,5.160586835844568,5.2792057570137283e-08,cross_class,lineage4,71.1,5,5,True
embB|p.Met306Val,rrs|n.514A>C,7.113562790453415,0.1648420747142189,7.699051231482132e-08,cross_class,lineage2,62.5,0,5,False
inhA|c.-770T>A,inhA|c.-777C>T,7.101623916608092,0.0349803453251729,7.913636237847183e-08,within_class,lineage4,100.0,0,1,False
katG|p.Ser315Thr,pncA|p.Gly132Ala,7.043327406868842,inf,9.050500425511894e-08,cross_class,lineage4,100.0,0,4,False
rpoB|p.His445Leu,gyrA|p.Gly88Ala,6.958469840713849,141.55263157894737,1.100348255581925e-07,cross_class,lineage1,100.0,2,2,True
rpsL|p.Lys43Arg,mmpR5|p.Met146Thr,6.8103589456068905,inf,1.5475370464925917e-07,cross_class,lineage4,100.0,4,4,True
embB|p.Met306Val,pncA|p.Cys14Arg,6.7666180118563615,0.0,1.7115200381620567e-07,cross_class,,,0,5,False
rpoB|p.Asp435Gly,rrs|n.514A>C,6.668522893823261,0.0,2.1452460262418438e-07,cross_class,,,0,5,False
katG|p.Ser315Thr,rrs|n.878G>A,6.620949441085316,37.756830601092894,2.3935943933575864e-07,cross_class,lineage4,100.0,0,1,False
katG|p.Ser315Thr,embB|p.Gly406Ala,6.620949441085316,37.756830601092894,2.3935943933575864e-07,cross_class,lineage4,100.0,0,4,False
embB|p.Gln497Arg,gyrA|p.Asp94Gly,6.5502496561367165,5.642897248736665,2.816763236746082e-07,cross_class,lineage4,96.0,2,5,False
pncA|p.Leu151Ser,embB|p.Met306Leu,6.412786921327104,123.03448275862068,3.865565874807961e-07,cross_class,lineage4,100.0,4,4,True
rpoB|p.Ser450Leu,mmpR5|c.424dupC,6.279657388703054,50.91240875912409,5.252216398308436e-07,cross_class,lineage2,86.7,5,5,True
ethA|c.860delA,pncA|p.Thr135Pro,6.232330911372474,inf,5.856917257096266e-07,cross_class,lineage4,100.0,4,4,True
embB|p.Met306Ile,gyrA|p.Asp94His,6.216447225419493,17.096654275092938,6.075090816440571e-07,cross_class,lineage2,86.7,5,5,True
pncA|c.517dupG,rpoB|p.Ser450Leu,6.152527996957163,0.0,7.038368533663831e-07,cross_class,,,5,5,True
embB|p.Met306Val,embB|p.Gln497Lys,6.11565964835995,0.0,7.661968314178935e-07,within_class,,,0,5,False
inhA|c.-770T>A,rpsL|p.Lys43Arg,6.112556801604341,0.0391686650679456,7.716905791665442e-07,cross_class,lineage4,100.0,0,4,False
gyrA|p.Asp94Gly,mmpR5|c.144dupC,6.0749641292593415,6.053741496598639,8.414646399110835e-07,cross_class,lineage4,72.7,5,5,True
embB|p.Met306Ile,pncA|p.Trp68Cys,5.976058206830671,inf,1.0566758774906847e-06,cross_class,lineage3,90.0,5,3,False
rpoB|p.Leu452Pro,rpoB|p.Asp435Val,5.74496627079223,0.0,1.7990106287322524e-06,within_class,,,0,5,False
pncA|c.456dupC,rpsL|p.Lys43Arg,5.67285857972787,0.0,2.123935971370465e-06,cross_class,,,0,4,False
gid|c.475delA,rpoB|p.His445Asp,5.564769105348714,inf,2.724149229566995e-06,cross_class,lineage4,100.0,6,6,True
gyrA|p.Asp94Tyr,pncA|p.Ala146Thr,5.557360327543995,601.6666666666666,2.7710200773092413e-06,cross_class,lineage4,50.0,8,8,True
katG|p.Ser315Thr,gid|p.Ala134Glu,5.541860372699919,inf,2.8717036971023145e-06,cross_class,lineage4,100.0,0,1,False
embB|p.Met306Val,embB|p.Gln497Arg,5.541860372699919,0.0,2.8717036971023145e-06,within_class,,,0,2,False
katG|p.Ser315Thr,pncA|c.375_389delCGATGAGGTCGATGT,5.541860372699919,inf,2.8717036971023145e-06,cross_class,lineage1,100.0,0,2,False
rrs|n.1401A>G,gyrA|p.Asp94His,5.535127346373089,14.84158415841584,2.91657167436504e-06,cross_class,lineage2,86.7,0,5,False
rpoB|p.Ser450Leu,rrs|n.517C>T,5.4415960352648325,4.901495972382048,3.617461891807835e-06,cross_class,lineage1,83.9,5,2,False
embB|p.Met306Val,rrs|n.517C>T,5.4275821679925045,4.969532755298651,3.7360943224054345e-06,cross_class,lineage1,86.2,0,2,False
rpoB|p.Ser450Leu,gyrA|p.Asp94Ala,5.376320767243638,10.814905814905815,4.204159970036308e-06,cross_class,lineage4,94.7,5,4,False
rpoB|p.Leu452Pro,rpsL|p.Lys43Arg,5.282762049817096,0.042398867791013,5.2148035221515404e-06,cross_class,lineage2,100.0,0,4,False
rpoB|p.Asp435Val,gyrA|p.Asp94Asn,5.267200938836631,8.20773263433814,5.405041852718174e-06,cross_class,lineage4,53.3,5,4,False
pncA|c.456dupC,inhA|c.-777C>T,5.2616788368190965,0.0429342347150566,5.474206338457495e-06,cross_class,lineage4,100.0,0,1,False
rpoB|p.Leu452Pro,inhA|c.-777C>T,5.215489421509828,0.0766023830657091,6.088503758813837e-06,cross_class,lineage4,50.0,0,1,False
inhA|c.-770T>A,inhA|c.-779G>T,5.2063621454714095,0.0,6.217815834501071e-06,within_class,,,0,5,False
embB|p.Met306Ile,pncA|p.His51Asp,5.194599754004248,inf,6.388519812521687e-06,cross_class,lineage4,100.0,5,4,False
embB|p.Met306Ile,gid|c.107delT,5.194599754004248,inf,6.388519812521687e-06,cross_class,lineage3,100.0,5,3,False
pncA|p.Cys14Arg,gyrA|p.Asp94Gly,5.157171692484996,4.550638686131387,6.963511666145426e-06,cross_class,lineage2,100.0,5,5,True
gyrA|p.Asp94Tyr,mmpR5|p.Leu32Ser,5.115487076288102,300.6666666666667,7.66501349329253e-06,cross_class,lineage4,100.0,8,8,True
katG|p.Ser315Thr,pncA|p.Gly97Asp,5.083366712687576,0.0,8.253407481278226e-06,cross_class,,,0,2,False
embB|p.Met306Leu,mmpR5|c.165delA,4.968946581315891,inf,1.0741215223081975e-05,cross_class,lineage4,100.0,4,4,True
rrs|n.517C>T,gyrA|p.Gly88Ala,4.950614682735883,56.32978723404256,1.120431518349974e-05,cross_class,lineage1,100.0,2,2,True
pncA|c.456dupC,rpoB|p.Asp435Val,4.927459680883667,0.0,1.1817900227060916e-05,cross_class,,,0,5,False
embB|p.Met306Val,pncA|c.517dupG,4.912499995903638,0.0,1.2232071305874915e-05,cross_class,,,0,5,False
rpsL|p.Lys43Arg,pncA|p.Ser104Arg,4.886033877641158,88.47368421052632,1.3000681607638255e-05,cross_class,lineage2,85.7,4,4,True
rpoB|p.Asp435Gly,rpsL|p.Lys43Arg,4.687723969107864,0.0,2.0524662803438285e-05,cross_class,,,0,4,False
embB|p.Met306Ile,mmpR5|c.424dupC,4.674542859503867,16.919117647058822,2.1157148799983525e-05,cross_class,lineage2,100.0,5,5,True
rrs|n.514A>C,gyrA|p.Asp94Gly,4.664532762486656,3.213714285714285,2.1650465454708905e-05,cross_class,lineage2,97.3,5,5,True
inhA|c.-777C>T,rpoB|p.Val170Phe,4.581133648851673,78.79729729729729,2.6234110962500293e-05,cross_class,lineage4,71.4,1,1,True
rpoB|p.Leu452Pro,inhA|c.-779G>T,4.561062973168872,0.0,2.747495734369004e-05,cross_class,,,0,5,False
rpoB|p.Asp435Gly,gyrA|p.Asp94Gly,4.474933482115237,0.0477708042014893,3.3501674742865615e-05,cross_class,lineage4,100.0,0,5,False
rrs|n.514A>C,mmpR5|c.424dupC,4.463319988925385,16.357285429141715,3.4409630658563345e-05,cross_class,lineage2,100.0,5,5,True
gyrA|p.Asp94Gly,embB|p.Gly406Cys,4.453337737878827,74.92258064516129,3.520969492391407e-05,cross_class,lineage4,100.0,5,1,False
embB|p.Met306Ile,rpsL|p.Lys43Arg,4.4117867434629225,2.859942743889011,3.8744785112375225e-05,cross_class,lineage4,84.4,5,4,False
embB|p.Met306Ile,mmpR5|p.Met146Thr,4.411479681768595,inf,3.877218874439429e-05,cross_class,lineage4,100.0,5,4,False
gyrA|p.Asp94Tyr,rpoB|p.Asp435Tyr,4.342439323828412,54.27272727272727,4.5452803581649286e-05,cross_class,lineage3,40.0,8,8,True
rpsL|p.Lys43Arg,embB|p.Met306Leu,4.284148390139254,44.21052631578947,5.198183541719061e-05,cross_class,lineage4,85.7,4,4,True
rrs|n.1401A>G,embB|p.Gln497Arg,4.15064691693386,0.0,7.068920266143538e-05,cross_class,,,0,2,False
mmpR5|c.430dupG,rpoB|p.Gln432Lys,4.149698826407681,inf,7.084368993552459e-05,cross_class,lineage2,50.0,2,2,True
katG|c.18delA,pncA|c.393dupC,4.149698826407681,inf,7.084368993552459e-05,cross_class,lineage2,50.0,7,7,True
pncA|c.393dupC,embB|p.Tyr319Ser,4.149698826407681,inf,7.084368993552459e-05,cross_class,lineage2,50.0,7,7,True
katG|c.18delA,embB|p.Tyr319Ser,4.149698826407681,inf,7.084368993552459e-05,cross_class,lineage2,50.0,7,7,True
katG|p.Ser315Thr,pncA|p.Ser59Pro,4.139446272864536,27.33017591339648,7.253602077959958e-05,cross_class,lineage4,100.0,0,4,False
pncA|p.Gly132Ala,gyrA|p.Asp94Asn,4.13192512871767,20.15359477124183,7.380314539387898e-05,cross_class,lineage4,100.0,4,4,True
embB|p.Met306Ile,pncA|p.Leu151Ser,4.122034734581857,6.054400707651482,7.550318383096611e-05,cross_class,lineage4,94.4,5,4,False
gid|c.107delT,rpoB|p.Leu430Pro,4.1048904724019515,58.38815789473684,7.854336933525568e-05,cross_class,lineage3,100.0,3,3,True
rrs|n.514A>C,rpsL|p.Lys43Arg,4.0994490521127975,0.0,7.9533656246088e-05,within_class,,,5,4,False
rpoB|p.Asp435Gly,inhA|c.-777C>T,4.098079532414519,0.0501801863058407,7.978485637597557e-05,cross_class,lineage4,100.0,0,1,False
katG|p.Ser315Thr,gyrA|p.Gly88Cys,4.07686355866317,inf,8.3779244818603e-05,cross_class,lineage4,56.2,0,5,False
embB|p.Gln497Arg,gyrA|p.Gly88Ala,4.0084255743113015,36.78169014084507,9.80786378735432e-05,cross_class,lineage1,100.0,2,2,True
pncA|p.Arg154Gly,gyrA|p.Asp94Gly,4.00533551902159,8.773333333333333,9.87789671926488e-05,cross_class,lineage4,100.0,1,5,False
rrs|n.878G>A,gyrA|p.Asp94Gly,4.00533551902159,8.773333333333333,9.87789671926488e-05,cross_class,lineage4,100.0,1,5,False
ethA|c.869dupA,gyrA|p.Asp94Gly,4.00533551902159,8.773333333333333,9.87789671926488e-05,cross_class,lineage4,100.0,1,5,False
pncA|c.456dupC,inhA|c.-779G>T,3.9849303362525226,0.0,0.0001035308223743,cross_class,,,0,5,False
rpoB|p.Asp435Gly,rpoB|p.Asp435Val,3.94443084889951,0.0,0.0001136499243823,within_class,,,0,5,False
gyrA|p.Ser91Pro,mmpR5|c.475_478delCAGC,3.9267513971906007,inf,0.0001183718957029,cross_class,lineage4,100.0,5,5,True
gyrA|p.Gly88Ala,mmpR5|c.138_139dupTG,3.882096328271992,387.8571428571428,0.0001311908880052,cross_class,lineage4,100.0,2,2,True
inhA|c.-770T>A,pncA|p.Cys14Arg,3.8698233873438372,0.0,0.0001349511571044,cross_class,,,0,5,False
pncA|p.Trp68Cys,rpoB|p.Leu430Pro,3.8338595031966736,46.68421052631579,0.0001466022030946,cross_class,lineage3,100.0,3,3,True
fbiC|c.1913_1914dupTC,mmpR5|c.144dupC,3.8202160025316867,inf,0.0001512808644417,cross_class,lineage4,100.0,5,5,True
pncA|p.Asp12Ala,mmpR5|c.144dupC,3.8202160025316867,inf,0.0001512808644417,cross_class,lineage4,100.0,5,5,True
embB|p.Gln497Lys,gyrA|p.Asp94Gly,3.813912511011502,4.050230414746544,0.0001534926163822,cross_class,lineage2,100.0,5,5,True
rpoB|p.Ser450Leu,embB|p.Gly406Ala,3.7184663024762554,6.799019607843137,0.0001912201689285,cross_class,lineage4,100.0,5,4,False
pncA|c.456dupC,mmpR5|p.Leu32Ser,3.502695042021718,inf,0.000314271470743,cross_class,lineage4,100.0,0,8,False
embB|p.Gln497Arg,pncA|c.515delT,3.4984661165007287,inf,0.0003173466246873,cross_class,lineage4,100.0,2,2,True
gyrA|p.Ala90Val,pncA|c.375_389delCGATGAGGTCGATGT,3.49470301428702,9.00834879406308,0.0003201083373851,cross_class,lineage1,100.0,0,2,False
inhA|c.-770T>A,embB|p.Gln497Lys,3.473001123067846,0.0,0.0003365106991714,cross_class,,,0,5,False
rpoB|p.Leu452Pro,pncA|p.Cys14Arg,3.453286974316099,0.0,0.0003521381073495,cross_class,,,0,5,False
inhA|c.-777C>T,pncA|p.Asp8Asn,3.3527993169658514,inf,0.000443813678313,cross_class,lineage2,100.0,1,1,True
pncA|p.His71Tyr,gyrA|p.Asp94Gly,3.262304810581461,6.909473684210527,0.0005466321731793,cross_class,lineage4,100.0,1,5,False
rpoB|p.Leu452Pro,mmpR5|p.Leu32Ser,3.230529805639706,inf,0.000588125749675,cross_class,lineage4,100.0,0,8,False
rpoB|p.Asp435Gly,inhA|c.-779G>T,3.18583435783573,0.0,0.0006518769759068,cross_class,,,0,5,False
rpoB|p.Asp435Val,embB|p.Gly406Asp,3.18583435783573,28.728813559322035,0.0006518769759068,cross_class,lineage4,66.7,5,4,False
rpoB|p.Asp435Val,embB|p.Met306Leu,3.18583435783573,28.728813559322035,0.0006518769759068,cross_class,lineage4,100.0,5,4,False
pncA|p.Leu151Ser,mmpR5|c.165delA,3.1722566366361824,inf,0.0006725790932186,cross_class,lineage4,100.0,4,4,True
inhA|c.-770T>A,embB|p.Gln497Arg,3.109025498836241,0.0,0.0007779908713339,cross_class,,,0,2,False
inhA|c.-770T>A,embB|p.Gly406Cys,3.0682319373393208,42.79607843137255,0.0008546101817553,cross_class,lineage4,100.0,0,1,False
inhA|c.-770T>A,mmpR5|p.Leu32Ser,3.0650434052472755,inf,0.000860907705088,cross_class,lineage4,100.0,0,8,False
rpoB|p.Leu452Pro,embB|p.Gln497Lys,3.053580596206007,0.0,0.0008839331140047,cross_class,,,0,5,False
katG|p.Ser315Thr,gyrA|p.Asp94His,3.049058033827608,12.916216216216217,0.0008931861212385,cross_class,lineage2,72.2,0,5,False
eis|c.-10G>A,gyrB|p.Glu501Asp,2.9553248039216804,138.69230769230768,0.0011083455861112,cross_class,lineage4,100.0,1,1,True
gid|p.Ala134Glu,mmpR5|c.293delA,2.9482874317905226,158.8235294117647,0.001126451682961,cross_class,lineage4,100.0,1,1,True
inhA|c.-770T>A,rpoB|p.Ile491Phe,2.9225330745930878,5.814516129032258,0.0011952724937624,cross_class,lineage4,100.0,0,4,False
rpoB|p.Ser450Leu,rpoB|p.Leu430Pro,2.899415200910538,0.0,0.0012606217592384,within_class,,,5,3,False
ethA|c.672dupG,pncA|c.-11A>G,2.8985090257018737,inf,0.0012632548500081,cross_class,lineage4,100.0,4,4,True
pncA|p.Leu151Ser,embB|p.Gly406Asp,2.873420576305773,45.987096774193546,0.0013383799554521,cross_class,lineage4,100.0,4,4,True
pncA|c.456dupC,pncA|p.Cys14Arg,2.847161445250613,0.0,0.0014218001468541,within_class,,,0,5,False
embB|p.Met306Ile,embB|p.Gly406Cys,2.8440742689668363,38.84115523465704,0.0014319430008795,within_class,lineage4,100.0,5,1,False
embB|p.Met306Ile,pncA|p.Ser104Arg,2.8440742689668363,38.84115523465704,0.0014319430008795,cross_class,lineage2,85.7,5,4,False
rrs|n.1401A>G,rpsL|p.Lys88Arg,2.843561556219878,0.0,0.001433634500545,cross_class,,,0,2,False
katG|p.Ser315Thr,rpoB|p.His445Leu,2.80213133888552,7.550881953867028,0.0015771342422747,cross_class,lineage1,95.2,0,2,False
katG|p.Ser315Thr,gyrA|p.Asp94Ala,2.80213133888552,7.550881953867028,0.0015771342422747,cross_class,lineage4,95.2,0,4,False
ethA|c.672dupG,gid|c.115delC,2.7870727594971916,inf,0.0016327783775616,cross_class,lineage4,100.0,4,4,True
pncA|p.Ser104Arg,mmpR5|p.Tyr145*,2.7870727594971916,inf,0.0016327783775616,cross_class,lineage2,100.0,4,4,True
katG|p.Ser315Thr,mmpR5|c.424dupC,2.7718609389616056,21.460296096904443,0.0016909822972846,cross_class,lineage2,86.7,0,5,False
pncA|p.Ala146Thr,rpoB|p.Ala451Val,2.7619961641239326,1210.6666666666667,0.0017298316377663,cross_class,lineage2,100.0,8,8,True
mmpR5|c.293delA,mmpR5|p.Val1?,2.7619961641239326,1210.6666666666667,0.0017298316377663,within_class,lineage4,100.0,1,1,True
inhA|c.-770T>A,pncA|c.517dupG,2.743920372610753,0.0,0.0018033483523776,cross_class,,,0,5,False
rpoB|p.Leu452Pro,embB|p.Gln497Arg,2.7125959020271933,0.0,0.0019382245849423,cross_class,,,0,2,False
rpoB|p.Ser450Leu,rpoB|p.His445Tyr,2.706400714684883,0.0,0.0019660713984646,within_class,,,5,1,False
pncA|c.456dupC,embB|p.Gln497Lys,2.6762069237291595,0.0,0.0021076237133373,cross_class,,,0,5,False
rrs|n.1401A>G,mmpR5|p.Leu32Ser,2.5918152880610745,inf,0.0025596743232,cross_class,lineage4,100.0,0,8,False
embB|p.Met306Val,rpoB|p.Ser450Leu,2.5742182909525138,1.7261298859934853,0.0026655185488568,cross_class,lineage4,62.2,0,5,False
embB|p.Gly406Ala,pncA|p.Gly97Cys,2.5742182909525138,112.0625,0.0026655185488568,cross_class,lineage4,100.0,4,4,True
rpsL|p.Lys43Arg,rpoB|p.Ile491Phe,2.5609135400480727,6.732793522267206,0.0027484412621655,cross_class,lineage4,100.0,4,4,True
rpsL|p.Lys43Arg,pncA|p.Thr135Pro,2.5067964801314053,inf,0.0031131748969952,cross_class,lineage4,100.0,4,4,True
gyrA|p.Ala90Val,pncA|p.Ser104Arg,2.5032862815186294,33.439490445859875,0.0031384391917919,cross_class,lineage2,85.7,0,4,False
rpoB|p.Ile491Phe,pncA|p.Gly97Cys,2.48397612692594,103.32692307692308,0.0032811332893637,cross_class,lineage4,100.0,4,4,True
rpoB|p.Ser450Leu,pncA|p.Val139Gly,2.4704920826276373,inf,0.0033846044208729,cross_class,lineage4,85.7,5,0,False
gyrA|p.Asp94His,mmpR5|c.144dupC,2.445130215354554,12.886699507389162,0.0035881433451887,cross_class,lineage4,50.0,5,5,True
mmpR5|c.139dupG,pncA|c.390_391dupGG,2.4390999139122216,inf,0.0036383132336019,cross_class,lineage3,100.0,8,8,True
pncA|p.His71Tyr,mmpR5|c.293delA,2.40034278877696,95.83928571428572,0.0039779306841002,cross_class,lineage4,100.0,1,1,True
katG|p.Ser315Thr,rpsL|p.Lys88Arg,2.3873991058604553,0.2711229946524064,0.0040982730874585,cross_class,lineage2,60.0,0,2,False
inhA|c.-770T>A,rpoB|p.Asp435Val,2.346692991287177,0.1860465116279069,0.0045009792283825,cross_class,lineage4,100.0,0,5,False
gyrA|p.Ala90Val,embB|p.Gln497Arg,2.338380997186275,2.831789371038518,0.0045879534497153,cross_class,lineage4,53.6,0,2,False
inhA|c.-770T>A,pncA|p.Val139Gly,2.331515143026503,36.5390625,0.004661061754785,cross_class,lineage4,100.0,0,0,True
rpoB|p.Leu452Pro,pncA|c.517dupG,2.325928550251782,0.0,0.0047214071105106,cross_class,,,0,5,False
embB|p.Met306Ile,mmpR5|c.144dupC,2.3126851980759495,3.2175497617045137,0.0048675990976637,cross_class,lineage4,47.8,5,5,True
pncA|p.His71Tyr,gyrA|p.Asp94Asn,2.2916139374115185,11.377297297297297,0.0051095901105614,cross_class,lineage4,100.0,1,4,False
rrs|n.1401A>G,rrs|n.517C>T,2.2846897130096657,0.0,0.0051917083438925,cross_class,,,0,2,False
rpoB|p.Asp435Gly,pncA|p.Cys14Arg,2.279940166890918,0.0,0.0052487976838742,cross_class,,,0,5,False
gyrA|p.Asp94Gly,fbiC|c.1913_1914dupTC,2.274162067920042,inf,0.0053190972671911,cross_class,lineage4,100.0,5,5,True
gyrA|p.Asp94Gly,pncA|p.Asp12Ala,2.274162067920042,inf,0.0053190972671911,cross_class,lineage4,100.0,5,5,True
pncA|p.Arg154Gly,gyrB|p.Glu501Asp,2.2671636095446064,25.84057971014493,0.0054055064569572,cross_class,lineage4,100.0,1,1,True
ethA|c.869dupA,gyrB|p.Glu501Asp,2.2671636095446064,25.84057971014493,0.0054055064569572,cross_class,lineage4,100.0,1,1,True
pncA|p.Leu151Ser,eis|c.-14C>T,2.257675403096572,83.671875,0.0055249022281934,cross_class,lineage4,100.0,4,4,True
gid|p.Ala134Glu,gyrA|p.Asp94Asn,2.2223846325848577,15.473684210526317,0.0059926010689598,cross_class,lineage4,100.0,1,4,False
gyrB|p.Glu501Asp,ethA|c.1290delC,2.2065302081553475,inf,0.0062154101381499,cross_class,lineage4,100.0,1,1,True
embB|p.Met306Ile,rpsL|p.Lys88Arg,2.2065302081553475,0.0,0.0062154101381499,cross_class,,,5,2,False
gyrA|p.Asp94Tyr,pncA|c.390_391dupGG,2.2065302081553475,inf,0.0062154101381499,cross_class,lineage3,100.0,8,8,True
gyrA|p.Gly88Cys,pncA|p.Gly108Arg,2.2065302081553475,inf,0.0062154101381499,cross_class,lineage4,100.0,5,5,True
embB|p.Met306Val,mmpR5|p.Leu32Ser,2.2001741577369867,inf,0.0063070437310272,cross_class,lineage4,100.0,0,8,False
gyrA|p.Ala90Val,rpoB|p.His445Leu,2.1373025605319986,5.23728354978355,0.0072894949507139,cross_class,lineage1,100.0,0,2,False
pncA|c.456dupC,embB|p.Gln497Arg,2.107067139556617,0.0,0.0078150697853546,cross_class,,,0,2,False
katG|c.1416_1417dupAG,rpoB|p.His445Asn,2.1062368366464974,inf,0.0078300252643365,cross_class,lineage3,100.0,8,8,True
pncA|p.Trp68Cys,mmpR5|c.141_142dupTC,2.1031630416059763,51.34285714285714,0.0078856402156777,cross_class,lineage3,66.7,3,3,True
embB|p.Met306Val,gyrA|p.Asp94Ala,2.1027090656960317,5.06270460841098,0.0078938875284025,cross_class,lineage4,100.0,0,4,False
embB|p.Gly406Ala,pncA|c.-11A>G,2.0848263494648505,55.96875,0.0082257148540656,cross_class,lineage4,100.0,4,4,True
rpoB|p.His445Tyr,mmpR5|c.293delA,2.064988524885678,70.22368421052632,0.0086101650202987,cross_class,lineage4,100.0,1,1,True
inhA|c.-779G>T,inhA|c.-777C>T,2.0592459678659387,0.0,0.0087247709061234,within_class,,,5,1,False
gyrA|p.Asp94His,ethA|c.672dupG,2.0218108201496316,inf,0.0095101896987581,cross_class,lineage4,100.0,5,4,False
rpoB|p.Asp435Tyr,pncA|c.390_391dupGG,2.0218108201496316,inf,0.0095101896987581,cross_class,lineage3,100.0,8,8,True
inhA|c.-770T>A,rpsL|p.Lys88Arg,2.0218108201496316,0.0,0.0095101896987581,cross_class,,,0,2,False
rpoB|p.Leu452Pro,mmpR5|c.144dupC,1.9959100108870822,0.0,0.0100946203260247,cross_class,,,0,5,False
pncA|c.-11A>G,ethA|p.Met1?,1.9838721183845485,241.6,0.0103783396965722,cross_class,lineage4,100.0,4,4,True
pncA|c.456dupC,pncA|c.517dupG,1.9602781692324578,0.0,0.0109577611759468,within_class,,,0,5,False
gyrA|p.Ala90Val,rrs|n.517C>T,1.9602781692324578,3.2134375,0.0109577611759468,cross_class,lineage1,85.7,0,2,False
rpoB|p.Ser450Leu,gyrB|p.Glu501Asp,1.9436548265705889,7.373975903614458,0.0113853182138202,cross_class,lineage4,90.9,5,1,False
rrs|n.1401A>G,inhA|c.-154G>A,1.9276211093443454,0.0,0.0118135082971415,cross_class,,,0,2,False
katG|p.Ser315Thr,gyrA|p.Gly88Ala,1.9153000131564073,inf,0.012153461423998,cross_class,lineage1,60.0,0,2,False
katG|p.Ser315Thr,pncA|p.Trp68Cys,1.9153000131564073,inf,0.012153461423998,cross_class,lineage3,90.0,0,3,False
rpoB|p.Asp435Gly,embB|p.Gln497Lys,1.9073373723538927,0.0,0.012378346276577,cross_class,,,0,5,False
pncA|p.Ser104Arg,mmpR5|c.198dupG,1.903879338098316,44.75,0.0124773012831201,cross_class,lineage2,100.0,4,4,True
rpoB|p.Ser450Leu,eis|c.-10G>A,1.8936703114414128,inf,0.0127740816730317,cross_class,lineage4,66.7,5,1,False
embB|p.Met306Ile,rrs|n.517C>T,1.8783771485256149,0.0,0.0132319195428709,cross_class,,,5,2,False
gyrA|p.Ala90Val,mmpR5|c.138_139dupTG,1.8783771485256149,inf,0.0132319195428709,cross_class,lineage4,100.0,0,2,False
pncA|p.Gly132Ala,rpoB|p.Met434Ile,1.8776425944742283,inf,0.0132543185943236,cross_class,lineage4,100.0,4,4,True
inhA|c.-777C>T,gyrB|p.Glu501Asp,1.8760917051816741,8.713213213213214,0.0133017351023371,cross_class,lineage4,100.0,1,1,True
gyrA|p.Asp94Ala,mmpR5|c.492_493dupCG,1.843856654285908,inf,0.0143266069340364,cross_class,lineage4,100.0,4,4,True
inhA|c.-777C>T,mmpR5|c.144dupC,1.842511852858472,3.5379008746355685,0.014371038310741,cross_class,lineage4,86.7,1,5,False
gyrA|p.Ala90Val,gyrA|p.Ser91Pro,1.8184986150376459,0.0763771186440677,0.0151880278547656,within_class,lineage4,100.0,0,5,False
embB|p.Met306Ile,gyrA|p.Gly88Cys,1.804141364215394,7.157922077922078,0.0156985172950032,cross_class,lineage2,66.7,5,5,True
embB|p.Met306Ile,gyrB|p.Glu501Asp,1.804141364215394,7.157922077922078,0.0156985172950032,cross_class,lineage4,88.9,5,1,False
pncA|c.456dupC,mmpR5|c.475_478delCAGC,1.791119283843325,inf,0.0161763567486648,cross_class,lineage4,100.0,0,5,False
embB|p.Gly406Ala,pncA|p.Phe58Ser,1.791119283843325,inf,0.0161763567486648,cross_class,lineage4,100.0,4,4,True
embB|p.Gly406Ala,ethA|c.672dupG,1.791119283843325,inf,0.0161763567486648,cross_class,lineage4,100.0,4,4,True
embB|p.Gly406Ala,ethA|c.1290delC,1.791119283843325,inf,0.0161763567486648,cross_class,lineage4,100.0,4,1,False
mmpR5|c.198dupG,rpoB|p.Asn437Ser,1.791119283843325,inf,0.0161763567486648,cross_class,lineage2,100.0,4,4,True
embB|p.Gly406Ala,pncA|p.Thr76Pro,1.791119283843325,inf,0.0161763567486648,cross_class,lineage4,100.0,4,4,True
rrs|n.878G>A,gid|c.304delC,1.791119283843325,inf,0.0161763567486648,within_class,lineage4,100.0,1,1,True
pncA|p.Arg154Gly,gid|c.304delC,1.791119283843325,inf,0.0161763567486648,cross_class,lineage4,100.0,1,1,True
ethA|c.869dupA,gid|c.304delC,1.791119283843325,inf,0.0161763567486648,cross_class,lineage4,100.0,1,1,True
gyrA|p.Asp94Tyr,rpoB|p.Ala451Val,1.7846854432927348,257.85714285714283,0.0164177847227956,cross_class,lineage2,100.0,8,8,True
pncA|p.Ala146Thr,embB|p.Gly406Asp,1.7846854432927348,172.38095238095238,0.0164177847227956,cross_class,lineage4,100.0,8,4,False
rpoB|p.Asp435Gly,embB|p.Gln497Arg,1.7665719295842202,0.0,0.0171170165436956,cross_class,,,0,2,False
rpoB|p.Ser450Leu,pncA|p.Ser104Arg,1.7535323710700252,23.3054892601432,0.0176387428542609,cross_class,lineage2,85.7,5,4,False
rpoB|p.Ser450Leu,embB|p.Gly406Cys,1.7535323710700252,23.3054892601432,0.0176387428542609,cross_class,lineage4,100.0,5,1,False
gyrA|p.Asp94Gly,pncA|p.Ser104Arg,1.7535323710700252,17.590233545647557,0.0176387428542609,cross_class,lineage2,80.0,5,4,False
gyrA|p.Asp94His,mmpR5|c.139dupG,1.7535323710700252,35.15686274509804,0.0176387428542609,cross_class,lineage2,66.7,5,8,False
rpoB|p.Asp435Val,mmpR5|c.144dupC,1.7487654367806813,3.7821939586645463,0.0178334169339466,cross_class,lineage4,61.5,5,5,True
rpoB|p.Ile491Phe,rpoB|p.Met434Ile,1.7382824025256758,inf,0.0182691186969689,within_class,lineage4,100.0,4,4,True
inhA|c.-779G>T,rpsL|p.Lys43Arg,1.7289818221888873,0.0,0.0186645781157745,cross_class,,,5,4,False
rpoB|p.Ala451Val,rpoB|p.His445Asn,1.6898223525756502,225.375,0.0204257328496316,within_class,lineage2,100.0,8,8,True
rpoB|p.Asp435Val,mmpR5|c.165delA,1.6416294411674557,inf,0.0228228858877517,cross_class,lineage4,100.0,5,4,False
rpoB|p.Leu452Pro,rpsL|p.Lys88Arg,1.6342401510127993,0.0,0.0232145275195669,cross_class,,,0,2,False
gyrA|p.Asp94Asn,mmpR5|c.198dupG,1.6312243954084358,10.508373205741629,0.023376290981072,cross_class,lineage4,80.0,4,4,True
rpoB|p.Leu452Pro,mmpR5|c.475_478delCAGC,1.6285509578766963,inf,0.0235206349818605,cross_class,lineage4,100.0,0,5,False
pncA|p.Ser59Pro,pepQ|c.817dupG,1.6017132921946962,200.11111111111111,0.0250199655746416,cross_class,lineage4,100.0,4,4,True
pncA|c.-11A>G,gid|c.115delC,1.5912347577990074,120.6,0.0256309817975903,cross_class,lineage4,100.0,4,4,True
pncA|p.Tyr34Asp,mmpR5|c.492_493dupCG,1.5835432520945676,inf,0.0260889588588649,cross_class,lineage4,100.0,4,4,True
pncA|p.Leu151Ser,ethA|c.1290delC,1.5835432520945676,inf,0.0260889588588649,cross_class,lineage4,100.0,4,1,False
katG|p.Ser315Thr,pncA|p.His51Asp,1.5815731321201152,inf,0.0262075768441158,cross_class,lineage4,100.0,0,4,False
katG|p.Ser315Thr,gid|c.107delT,1.5815731321201152,inf,0.0262075768441158,cross_class,lineage3,100.0,0,3,False
embB|p.Met306Val,pncA|p.Asp8Asn,1.5815731321201152,inf,0.0262075768441158,cross_class,lineage2,100.0,0,1,False
rrs|n.514A>C,gyrA|p.Gly88Cys,1.5522523690551515,7.484967320261438,0.028038038706057,cross_class,lineage2,85.7,5,5,True
inhA|c.-770T>A,mmpR5|c.475_478delCAGC,1.5212978183552057,inf,0.030109405572424,cross_class,lineage4,100.0,0,5,False
embB|p.Met306Val,pncA|p.Val139Gly,1.515835856549008,23.51219512195122,0.0304904717225606,cross_class,lineage4,100.0,0,0,True
rpsL|p.Lys43Arg,ethA|c.860delA,1.4989358174294853,inf,0.0317003591481648,cross_class,lineage4,100.0,4,4,True
rpsL|p.Lys43Arg,mmpR5|c.165delA,1.4989358174294853,inf,0.0317003591481648,cross_class,lineage4,100.0,4,4,True
rpoB|p.Ile491Phe,gyrA|p.Asp94Asn,1.4943285991018074,9.62171052631579,0.0320384429084309,cross_class,lineage4,100.0,4,4,True
inhA|c.-770T>A,rrs|n.517C>T,1.492101725293101,0.0,0.0322031440501107,cross_class,,,0,2,False
gyrA|p.Ala90Val,gyrA|p.Asp94Gly,1.4665804391632375,0.3829861413754031,0.034152268867205,within_class,lineage4,46.2,0,5,False
embB|p.Met306Val,rpoB|p.Asp435Val,1.464087791075527,0.3567538656034231,0.0343488505908985,cross_class,lineage4,100.0,0,5,False
rpoB|p.Leu430Pro,rpoB|p.Asn437Ser,1.4319159612579848,inf,0.0369899750807664,within_class,lineage2,100.0,3,4,False
rrs|n.1401A>G,inhA|c.-777C>T,1.4319159612579848,0.3732346085287262,0.0369899750807664,cross_class,lineage2,58.3,0,1,False
rpoB|p.Leu430Pro,mmpR5|c.144delC,1.4319159612579848,inf,0.0369899750807664,cross_class,lineage4,50.0,3,3,True
rpoB|p.Leu430Pro,mmpR5|c.32_33insT,1.4319159612579848,inf,0.0369899750807664,cross_class,lineage1,100.0,3,3,True
embB|p.Gln497Lys,gyrA|p.Gly88Cys,1.4319159612579848,9.936708860759492,0.0369899750807664,cross_class,lineage2,100.0,5,5,True
fbiA|c.373dupC,fbiC|p.Trp444*,1.4319159612579848,inf,0.0369899750807664,within_class,lineage2,100.0,15,15,True
ddn|c.114_115dupCG,fbiC|p.Trp198*,1.4319159612579848,inf,0.0369899750807664,within_class,lineage4,100.0,18,18,True
gid|c.386delG,pncA|p.Val125Phe,1.4319159612579848,inf,0.0369899750807664,cross_class,lineage3,100.0,12,12,True
katG|c.117delG,rpoB|p.Asp435Ala,1.4319159612579848,inf,0.0369899750807664,cross_class,lineage2,100.0,13,13,True
fbiC|c.1481_1511delATGTGCTTGCCGCCCTGCGATCGGCGGAGCG,fbiC|p.Tyr104*,1.4319159612579848,inf,0.0369899750807664,within_class,lineage2,100.0,14,14,True
ethA|c.777dupC,pepQ|c.150dupC,1.4319159612579848,inf,0.0369899750807664,cross_class,lineage4,100.0,16,16,True
inhA|p.Ser94Ala,rpoB|p.Asn438Lys,1.4319159612579848,inf,0.0369899750807664,cross_class,lineage4,100.0,9,9,True
inhA|p.Ser94Ala,pncA|c.468_499delGGTGGACCTGACAGCGGGTGTGTCGGCCGATA,1.4319159612579848,inf,0.0369899750807664,cross_class,lineage4,100.0,9,9,True
pncA|c.407dupA,ethA|p.Gln165*,1.4319159612579848,inf,0.0369899750807664,cross_class,lineage4,100.0,10,10,True
embB|p.Asp354Ala,pepQ|c.221dupC,1.4319159612579848,inf,0.0369899750807664,cross_class,lineage4,100.0,17,17,True
gid|c.61delC,pncA|c.407dupA,1.4319159612579848,inf,0.0369899750807664,cross_class,lineage4,100.0,10,10,True
ethA|c.65delA,pncA|c.459_466delCAGGGTGC,1.4319159612579848,inf,0.0369899750807664,cross_class,lineage2,100.0,11,11,True
pncA|c.468_499delGGTGGACCTGACAGCGGGTGTGTCGGCCGATA,rpoB|p.Asn438Lys,1.4319159612579848,inf,0.0369899750807664,cross_class,lineage4,100.0,9,9,True
gid|c.61delC,ethA|p.Gln165*,1.4319159612579848,inf,0.0369899750807664,cross_class,lineage4,100.0,10,10,True
pncA|c.456dupC,mmpR5|c.144dupC,1.4318905361388323,0.0,0.0369921406667753,cross_class,,,0,5,False
rpoB|p.Asp435Gly,pncA|c.517dupG,1.426427985171492,0.0,0.037460365876633,cross_class,,,0,5,False
rrs|n.514A>C,embB|p.Gln497Arg,1.4234601303642163,0.0,0.037717236906345,cross_class,,,5,2,False
embB|p.Met306Val,inhA|c.-777C>T,1.4223789303691303,0.4193903929780966,0.0378112530223276,cross_class,lineage2,87.5,0,1,False
embB|p.Met306Ile,gid|c.475delA,1.4151510901162574,inf,0.0384458006662919,cross_class,lineage4,100.0,5,6,False
embB|p.Met306Ile,pncA|c.515delT,1.4151510901162574,inf,0.0384458006662919,cross_class,lineage4,100.0,5,2,False
rrs|n.514A>C,inhA|c.-777C>T,1.4151510901162574,0.2287639245109673,0.0384458006662919,cross_class,lineage2,100.0,5,1,False
rpoB|p.Ser450Leu,rpoB|p.Ile491Phe,1.3969204704082334,0.0,0.0400940132526579,within_class,,,5,4,False
gyrA|p.Ala90Val,embB|p.Gln497Lys,1.389871477222778,0.2241324921135646,0.0407500853576671,cross_class,lineage2,100.0,0,5,False
inhA|c.-777C>T,gyrA|p.Asp94Asn,1.3884361304520803,3.9029947916666665,0.0408849875225091,cross_class,lineage4,90.9,1,4,False
rpsL|p.Lys88Arg,eis|c.-10G>A,1.3809605679053538,30.859649122807017,0.0415948375125623,cross_class,lineage4,100.0,2,1,False
rpoB|p.Ser450Leu,mmpR5|c.141_142dupTC,1.379969356601228,5.259552495697074,0.0416898798408741,cross_class,lineage4,54.5,5,3,False
inhA|c.-777C>T,eis|c.-10G>A,1.3644720735881837,22.05298013245033,0.0432043948420837,cross_class,lineage4,75.0,1,1,True
inhA|c.-154G>A,mmpR5|c.430dupG,1.3550484712840263,inf,0.0441521166754332,cross_class,lineage2,50.0,2,2,True
inhA|c.-154G>A,rpoB|p.Gln432Lys,1.3550484712840263,inf,0.0441521166754332,cross_class,lineage2,50.0,2,2,True
inhA|c.-154G>A,rpoB|p.Asn437Ser,1.3550484712840263,inf,0.0441521166754332,cross_class,lineage2,100.0,2,4,False
rpoB|p.Ile491Phe,embB|p.Gly406Ala,1.3395852320942612,12.31304347826087,0.045752493490775,cross_class,lineage4,100.0,4,4,True
pncA|p.Cys14Arg,gyrA|p.Gly88Cys,1.3392732049961154,9.318181818181818,0.0457853770479881,cross_class,lineage2,100.0,5,5,True
rpoB|p.Leu452Pro,rrs|n.517C>T,1.3253309648419636,0.0,0.0472790819710617,cross_class,,,0,2,False
