mutation_id_1,mutation_id_2,gene_1,change_1,gene_2,change_2,drugs_1,drugs_2,class,n1_in_population,n2_in_population,a_both,b_mut1_only,c_mut2_only,d_neither,odds_ratio,pvalue,low_power_flag,dominant_lineage_among_both_carriers,pct_both_carriers_in_dominant_lineage,padj_BH,significant
pncA|c.375_389delCGATGAGGTCGATGT,rpoB|p.His445Leu,pncA,c.375_389delCGATGAGGTCGATGT,rpoB,p.His445Leu,pyrazinamide,rifampicin;rifapentine,cross_class,20,20,20,0,0,43,inf,7.413689012063798e-17,False,lineage1,100.0,8.220760700216587e-15,True
inhA|c.-154G>A,pncA|p.Gly97Asp,inhA,c.-154G>A,pncA,p.Gly97Asp,ethionamide;isoniazid;prothionamide,pyrazinamide,cross_class,27,26,26,1,0,36,inf,7.559320184107207e-17,False,lineage1,100.0,8.220760700216587e-15,True
embB|p.Gln497Arg,pncA|c.375_389delCGATGAGGTCGATGT,embB,p.Gln497Arg,pncA,c.375_389delCGATGAGGTCGATGT,ethambutol,pyrazinamide,cross_class,20,20,20,0,0,43,inf,7.413689012063798e-17,False,lineage1,100.0,8.220760700216587e-15,True
embB|p.Gln497Arg,rpoB|p.His445Leu,embB,p.Gln497Arg,rpoB,p.His445Leu,ethambutol,rifampicin;rifapentine,cross_class,20,20,20,0,0,43,inf,7.413689012063798e-17,False,lineage1,100.0,8.220760700216587e-15,True
pncA|p.Gly97Asp,rpoB|p.Ser450Leu,pncA,p.Gly97Asp,rpoB,p.Ser450Leu,pyrazinamide,rifampicin;rifapentine,cross_class,26,28,26,0,2,35,inf,1.058304825775009e-15,False,lineage1,100.0,9.207251984242579e-14,True
inhA|c.-154G>A,rpoB|p.Ser450Leu,inhA,c.-154G>A,rpoB,p.Ser450Leu,ethionamide;isoniazid;prothionamide,rifampicin;rifapentine,cross_class,27,28,26,1,2,34,442.0,2.7086882973214415e-14,False,lineage1,100.0,1.963799015558045e-12,True
embB|p.Met306Val,pncA|p.Gly97Asp,embB,p.Met306Val,pncA,p.Gly97Asp,ethambutol,pyrazinamide,cross_class,27,26,25,2,1,35,437.5,3.54532116634628e-14,False,lineage1,100.0,2.2031638676580453e-12,True
embB|p.Met306Val,inhA|c.-154G>A,embB,p.Met306Val,inhA,c.-154G>A,ethambutol,ethionamide;isoniazid;prothionamide,cross_class,27,27,25,2,2,34,212.5,4.5376964617588197e-13,False,lineage1,100.0,2.4673724510813582e-11,True
embB|p.Met306Val,rpoB|p.Ser450Leu,embB,p.Met306Val,rpoB,p.Ser450Leu,ethambutol,rifampicin;rifapentine,cross_class,27,28,25,2,3,33,137.5,4.009459339531444e-12,False,lineage1,100.0,1.937905347440198e-10,True
embB|p.Gln497Arg,katG|p.Ser315Thr,embB,p.Gln497Arg,katG,p.Ser315Thr,ethambutol,isoniazid,cross_class,20,26,20,0,6,37,inf,1.7068536212474485e-11,False,lineage1,100.0,6.187344377022001e-10,True
katG|p.Ser315Thr,pncA|c.375_389delCGATGAGGTCGATGT,katG,p.Ser315Thr,pncA,c.375_389delCGATGAGGTCGATGT,isoniazid,pyrazinamide,cross_class,26,20,20,6,0,37,inf,1.7068536212474485e-11,False,lineage1,100.0,6.187344377022001e-10,True
katG|p.Ser315Thr,rpoB|p.His445Leu,katG,p.Ser315Thr,rpoB,p.His445Leu,isoniazid,rifampicin;rifapentine,cross_class,26,20,20,6,0,37,inf,1.7068536212474485e-11,False,lineage1,100.0,6.187344377022001e-10,True
katG|p.Ser315Thr,rpoB|p.Ser450Leu,katG,p.Ser315Thr,rpoB,p.Ser450Leu,isoniazid,rifampicin;rifapentine,cross_class,26,28,0,26,28,9,0.0,2.3211347024436692e-10,False,,,7.766873812023048e-09,True
inhA|c.-154G>A,katG|p.Ser315Thr,inhA,c.-154G>A,katG,p.Ser315Thr,ethionamide;isoniazid;prothionamide,isoniazid,within_class,27,26,0,27,26,10,0.0,1.0676819356837885e-09,False,,,3.317440300160343e-08,True
katG|p.Ser315Thr,pncA|p.Gly97Asp,katG,p.Ser315Thr,pncA,p.Gly97Asp,isoniazid,pyrazinamide,cross_class,26,26,0,26,26,11,0.0,2.4509319676686587e-09,False,,,7.10770270623911e-08,True
gyrA|p.Gly88Ala,mmpR5|c.138_139delTG,gyrA,p.Gly88Ala,mmpR5,c.138_139delTG,levofloxacin;moxifloxacin,bedaquiline;clofazimine,cross_class,6,7,6,0,1,56,inf,1.0302371513200995e-07,False,lineage1,100.0,2.8009572551515206e-06,True
pncA|c.375_389delCGATGAGGTCGATGT,rpoB|p.Ser450Leu,pncA,c.375_389delCGATGAGGTCGATGT,rpoB,p.Ser450Leu,pyrazinamide,rifampicin;rifapentine,cross_class,20,28,0,20,28,15,0.0,2.5894479343296437e-07,False,,,5.928472902281026e-06,True
embB|p.Gln497Arg,rpoB|p.Ser450Leu,embB,p.Gln497Arg,rpoB,p.Ser450Leu,ethambutol,rifampicin;rifapentine,cross_class,20,28,0,20,28,15,0.0,2.5894479343296437e-07,False,,,5.928472902281026e-06,True
rpoB|p.His445Leu,rpoB|p.Ser450Leu,rpoB,p.His445Leu,rpoB,p.Ser450Leu,rifampicin;rifapentine,rifampicin;rifapentine,within_class,20,28,0,20,28,15,0.0,2.5894479343296437e-07,False,,,5.928472902281026e-06,True
embB|p.Met306Val,pncA|c.375_389delCGATGAGGTCGATGT,embB,p.Met306Val,pncA,c.375_389delCGATGAGGTCGATGT,ethambutol,pyrazinamide,cross_class,27,20,0,27,20,16,0.0,7.666779447703087e-07,False,,,1.3340196239003374e-05,True
embB|p.Gln497Arg,embB|p.Met306Val,embB,p.Gln497Arg,embB,p.Met306Val,ethambutol,ethambutol,within_class,20,27,0,20,27,16,0.0,7.666779447703088e-07,False,,,1.3340196239003374e-05,True
inhA|c.-154G>A,rpoB|p.His445Leu,inhA,c.-154G>A,rpoB,p.His445Leu,ethionamide;isoniazid;prothionamide,rifampicin;rifapentine,cross_class,27,20,0,27,20,16,0.0,7.666779447703087e-07,False,,,1.3340196239003374e-05,True
embB|p.Gln497Arg,inhA|c.-154G>A,embB,p.Gln497Arg,inhA,c.-154G>A,ethambutol,ethionamide;isoniazid;prothionamide,cross_class,20,27,0,20,27,16,0.0,7.666779447703088e-07,False,,,1.3340196239003374e-05,True
inhA|c.-154G>A,pncA|c.375_389delCGATGAGGTCGATGT,inhA,c.-154G>A,pncA,c.375_389delCGATGAGGTCGATGT,ethionamide;isoniazid;prothionamide,pyrazinamide,cross_class,27,20,0,27,20,16,0.0,7.666779447703087e-07,False,,,1.3340196239003374e-05,True
embB|p.Met306Val,rpoB|p.His445Leu,embB,p.Met306Val,rpoB,p.His445Leu,ethambutol,rifampicin;rifapentine,cross_class,27,20,0,27,20,16,0.0,7.666779447703087e-07,False,,,1.3340196239003374e-05,True
embB|p.Gln497Arg,pncA|p.Gly97Asp,embB,p.Gln497Arg,pncA,p.Gly97Asp,ethambutol,pyrazinamide,cross_class,20,26,0,20,26,17,0.0,1.2581336209004105e-06,False,,,1.9546004467559947e-05,True
pncA|p.Gly97Asp,rpoB|p.His445Leu,pncA,p.Gly97Asp,rpoB,p.His445Leu,pyrazinamide,rifampicin;rifapentine,cross_class,26,20,0,26,20,17,0.0,1.2581336209004105e-06,False,,,1.9546004467559947e-05,True
pncA|c.375_389delCGATGAGGTCGATGT,pncA|p.Gly97Asp,pncA,c.375_389delCGATGAGGTCGATGT,pncA,p.Gly97Asp,pyrazinamide,pyrazinamide,within_class,20,26,0,20,26,17,0.0,1.2581336209004105e-06,False,,,1.9546004467559947e-05,True
embB|p.Met306Val,katG|p.Ser315Thr,embB,p.Met306Val,katG,p.Ser315Thr,ethambutol,isoniazid,cross_class,27,26,2,25,24,12,0.04,1.6022700556204794e-06,False,lineage1,100.0,2.403405083430719e-05,True
pncA|p.Gly97Asp,rrs|n.517C>T,pncA,p.Gly97Asp,rrs,n.517C>T,pyrazinamide,streptomycin,cross_class,26,46,26,0,20,17,inf,2.097845513705315e-05,False,lineage1,100.0,0.0003041875994872707,True
embB|p.Gln497Arg,gyrA|p.Ala90Val,embB,p.Gln497Arg,gyrA,p.Ala90Val,ethambutol,levofloxacin;moxifloxacin,cross_class,20,18,13,7,5,38,14.114285714285714,3.0748755269426676e-05,False,lineage1,100.0,0.0004053245012788062,True
gyrA|p.Ala90Val,rpoB|p.His445Leu,gyrA,p.Ala90Val,rpoB,p.His445Leu,levofloxacin;moxifloxacin,rifampicin;rifapentine,cross_class,18,20,13,5,7,38,14.114285714285714,3.0748755269426676e-05,False,lineage1,100.0,0.0004053245012788062,True
gyrA|p.Ala90Val,pncA|c.375_389delCGATGAGGTCGATGT,gyrA,p.Ala90Val,pncA,c.375_389delCGATGAGGTCGATGT,levofloxacin;moxifloxacin,pyrazinamide,cross_class,18,20,13,5,7,38,14.114285714285714,3.0748755269426676e-05,False,lineage1,100.0,0.0004053245012788062,True
embB|p.Met306Ile,rpoB|p.Leu452Pro,embB,p.Met306Ile,rpoB,p.Leu452Pro,ethambutol,rifampicin;rifapentine,cross_class,3,4,3,0,1,59,inf,0.00010072775805192517,True,lineage1,100.0,0.0012887227868408073,True
mmpR5|c.138_139delTG,pncA|c.375_389delCGATGAGGTCGATGT,mmpR5,c.138_139delTG,pncA,c.375_389delCGATGAGGTCGATGT,bedaquiline;clofazimine,pyrazinamide,cross_class,7,20,7,0,13,43,inf,0.00014011225257953353,False,lineage1,100.0,0.0016472656722188402,True
embB|p.Gln497Arg,mmpR5|c.138_139delTG,embB,p.Gln497Arg,mmpR5,c.138_139delTG,ethambutol,bedaquiline;clofazimine,cross_class,20,7,7,13,0,43,inf,0.00014011225257953353,False,lineage1,100.0,0.0016472656722188402,True
mmpR5|c.138_139delTG,rpoB|p.His445Leu,mmpR5,c.138_139delTG,rpoB,p.His445Leu,bedaquiline;clofazimine,rifampicin;rifapentine,cross_class,7,20,7,0,13,43,inf,0.00014011225257953353,False,lineage1,100.0,0.0016472656722188402,True
inhA|c.-154G>A,rrs|n.517C>T,inhA,c.-154G>A,rrs,n.517C>T,ethionamide;isoniazid;prothionamide,streptomycin,cross_class,27,46,26,1,20,16,20.8,0.0003559376565784927,False,lineage1,100.0,0.004074549489780114,True
embB|p.Gln497Arg,rrs|n.517C>T,embB,p.Gln497Arg,rrs,n.517C>T,ethambutol,streptomycin,cross_class,20,46,20,0,26,17,inf,0.0005454126940725287,False,lineage1,100.0,0.005639745621281711,True
rpoB|p.His445Leu,rrs|n.517C>T,rpoB,p.His445Leu,rrs,n.517C>T,rifampicin;rifapentine,streptomycin,cross_class,20,46,20,0,26,17,inf,0.0005454126940725287,False,lineage1,100.0,0.005639745621281711,True
gyrA|p.Gly88Ala,rpoB|p.His445Leu,gyrA,p.Gly88Ala,rpoB,p.His445Leu,levofloxacin;moxifloxacin,rifampicin;rifapentine,cross_class,6,20,6,0,14,43,inf,0.0005704570283595294,False,lineage1,100.0,0.005639745621281711,True
pncA|c.375_389delCGATGAGGTCGATGT,rrs|n.517C>T,pncA,c.375_389delCGATGAGGTCGATGT,rrs,n.517C>T,pyrazinamide,streptomycin,cross_class,20,46,20,0,26,17,inf,0.0005454126940725287,False,lineage1,100.0,0.005639745621281711,True
gyrA|p.Gly88Ala,pncA|c.375_389delCGATGAGGTCGATGT,gyrA,p.Gly88Ala,pncA,c.375_389delCGATGAGGTCGATGT,levofloxacin;moxifloxacin,pyrazinamide,cross_class,6,20,6,0,14,43,inf,0.0005704570283595294,False,lineage1,100.0,0.005639745621281711,True
embB|p.Gln497Arg,gyrA|p.Gly88Ala,embB,p.Gln497Arg,gyrA,p.Gly88Ala,ethambutol,levofloxacin;moxifloxacin,cross_class,20,6,6,14,0,43,inf,0.0005704570283595294,False,lineage1,100.0,0.005639745621281711,True
katG|p.Ser315Thr,mmpR5|c.138_139delTG,katG,p.Ser315Thr,mmpR5,c.138_139delTG,isoniazid,bedaquiline;clofazimine,cross_class,26,7,7,19,0,37,inf,0.001188929821295371,False,lineage1,100.0,0.011492988272521919,True
gyrA|p.Ala90Val,rrs|n.517C>T,gyrA,p.Ala90Val,rrs,n.517C>T,levofloxacin;moxifloxacin,streptomycin,cross_class,18,46,18,0,28,17,inf,0.0013685220172059158,False,lineage1,100.0,0.012941458206186378,True
embB|p.Met306Ile,gyrA|p.Asp94Gly,embB,p.Met306Ile,gyrA,p.Asp94Gly,ethambutol,levofloxacin;moxifloxacin,cross_class,3,8,3,0,5,55,inf,0.0014101886127269522,True,lineage1,100.0,0.013051745670983494,True
mmpR5|c.32_33insT,rpoB|p.Leu430Pro,mmpR5,c.32_33insT,rpoB,p.Leu430Pro,bedaquiline;clofazimine,rifampicin;rifapentine,cross_class,2,3,2,0,1,60,inf,0.0015360983102918587,True,lineage1,100.0,0.01392089093701997,True
rpoB|p.Ser450Leu,rrs|n.517C>T,rpoB,p.Ser450Leu,rrs,n.517C>T,rifampicin;rifapentine,streptomycin,cross_class,28,46,26,2,20,15,9.75,0.001610963355343067,False,lineage1,100.0,0.014301409379066004,True
mmpR5|c.144dupC,mmpR5|c.32_33insT,mmpR5,c.144dupC,mmpR5,c.32_33insT,bedaquiline;clofazimine,bedaquiline;clofazimine,within_class,4,2,2,2,0,59,inf,0.003072196620583718,True,lineage1,100.0,0.026728110599078345,True
embB|p.Met306Val,rrs|n.517C>T,embB,p.Met306Val,rrs,n.517C>T,ethambutol,streptomycin,cross_class,27,46,25,2,21,15,8.928571428571429,0.003451638977216007,False,lineage1,100.0,0.028874287597864673,True
gyrA|p.Gly88Ala,katG|p.Ser315Thr,gyrA,p.Gly88Ala,katG,p.Ser315Thr,levofloxacin;moxifloxacin,isoniazid,cross_class,6,26,6,0,20,37,inf,0.003388449990691807,False,lineage1,100.0,0.028874287597864673,True
gyrA|p.Ala90Val,katG|p.Ser315Thr,gyrA,p.Ala90Val,katG,p.Ser315Thr,levofloxacin;moxifloxacin,isoniazid,cross_class,18,26,13,5,13,32,6.4,0.003805348856863852,False,lineage1,100.0,0.031232580240297653,True
rpoB|p.Leu452Pro,rrs|n.517C>T,rpoB,p.Leu452Pro,rrs,n.517C>T,rifampicin;rifapentine,streptomycin,cross_class,4,46,0,4,46,13,0.0,0.003995534402726364,True,,,0.03218624935529571,True
gyrA|p.Asp94Gly,rpoB|p.Leu452Pro,gyrA,p.Asp94Gly,rpoB,p.Leu452Pro,levofloxacin;moxifloxacin,rifampicin;rifapentine,cross_class,8,4,3,5,1,54,32.4,0.005288207297726073,True,lineage1,100.0,0.04182491226383348,True
mmpR5|c.144dupC,rpoB|p.Leu430Pro,mmpR5,c.144dupC,rpoB,p.Leu430Pro,bedaquiline;clofazimine,rifampicin;rifapentine,cross_class,4,3,2,2,1,58,58.0,0.009015134345647305,True,lineage1,100.0,0.07002827572065318,False
mmpR5|c.138_139delTG,rpoB|p.Ser450Leu,mmpR5,c.138_139delTG,rpoB,p.Ser450Leu,bedaquiline;clofazimine,rifampicin;rifapentine,cross_class,7,28,0,7,28,28,0.0,0.014294197062182608,False,,,0.10908729336928831,False
inhA|c.-154G>A,mmpR5|c.138_139delTG,inhA,c.-154G>A,mmpR5,c.138_139delTG,ethionamide;isoniazid;prothionamide,bedaquiline;clofazimine,cross_class,27,7,0,27,7,29,0.0,0.01669293256283957,False,,,0.12211176570393219,False
embB|p.Met306Val,mmpR5|c.138_139delTG,embB,p.Met306Val,mmpR5,c.138_139delTG,ethambutol,bedaquiline;clofazimine,cross_class,27,7,0,27,7,29,0.0,0.01669293256283957,False,,,0.12211176570393219,False
rpoB|p.Leu430Pro,rrs|n.517C>T,rpoB,p.Leu430Pro,rrs,n.517C>T,rifampicin;rifapentine,streptomycin,cross_class,3,46,0,3,46,14,0.0,0.017123718868827274,True,,,0.12211176570393219,False
embB|p.Met306Ile,rrs|n.517C>T,embB,p.Met306Ile,rrs,n.517C>T,ethambutol,streptomycin,cross_class,3,46,0,3,46,14,0.0,0.017123718868827274,True,,,0.12211176570393219,False
gyrA|p.Gly88Ala,rpoB|p.Ser450Leu,gyrA,p.Gly88Ala,rpoB,p.Ser450Leu,levofloxacin;moxifloxacin,rifampicin;rifapentine,cross_class,6,28,0,6,28,29,0.0,0.02943387541321524,False,,,0.2065118678185263,False
mmpR5|c.198delG,pncA|c.64delA,mmpR5,c.198delG,pncA,c.64delA,bedaquiline;clofazimine,pyrazinamide,cross_class,1,2,1,0,1,61,inf,0.03174603174603175,True,lineage1,100.0,0.21919879062736208,False
gyrA|p.Gly88Ala,inhA|c.-154G>A,gyrA,p.Gly88Ala,inhA,c.-154G>A,levofloxacin;moxifloxacin,ethionamide;isoniazid;prothionamide,cross_class,6,27,0,6,27,30,0.0,0.03302354543723346,False,,,0.22100372715687006,False
embB|p.Met306Val,gyrA|p.Gly88Ala,embB,p.Met306Val,gyrA,p.Gly88Ala,ethambutol,levofloxacin;moxifloxacin,cross_class,27,6,0,27,6,30,0.0,0.03302354543723346,False,,,0.22100372715687006,False
mmpR5|c.138_139delTG,pncA|p.Gly97Asp,mmpR5,c.138_139delTG,pncA,p.Gly97Asp,bedaquiline;clofazimine,pyrazinamide,cross_class,7,26,0,7,26,30,0.0,0.03519395301544911,False,,,0.23196014487455094,False
gyrA|p.Gly88Ala,pncA|p.Gly97Asp,gyrA,p.Gly88Ala,pncA,p.Gly97Asp,levofloxacin;moxifloxacin,pyrazinamide,cross_class,6,26,0,6,26,31,0.0,0.03760386207061389,False,,,0.2441444776226424,False
gyrA|p.Asp94Gly,pncA|c.375_389delCGATGAGGTCGATGT,gyrA,p.Asp94Gly,pncA,c.375_389delCGATGAGGTCGATGT,levofloxacin;moxifloxacin,pyrazinamide,cross_class,8,20,0,8,20,35,0.0,0.04737234997432722,False,,,0.2917505030181087,False
mmpR5|c.139dupG,rpoB|p.Leu430Pro,mmpR5,c.139dupG,rpoB,p.Leu430Pro,bedaquiline;clofazimine,rifampicin;rifapentine,cross_class,1,3,1,0,2,60,inf,0.04761904761904762,True,lineage1,100.0,0.2917505030181087,False
gyrA|p.Asp94Gly,rpoB|p.His445Leu,gyrA,p.Asp94Gly,rpoB,p.His445Leu,levofloxacin;moxifloxacin,rifampicin;rifapentine,cross_class,8,20,0,8,20,35,0.0,0.04737234997432722,False,,,0.2917505030181087,False
embB|p.Gln497Arg,gyrA|p.Asp94Gly,embB,p.Gln497Arg,gyrA,p.Asp94Gly,ethambutol,levofloxacin;moxifloxacin,cross_class,20,8,0,20,8,35,0.0,0.047372349974327224,False,,,0.2917505030181087,False
embB|p.Met306Ile,katG|p.Ser315Thr,embB,p.Met306Ile,katG,p.Ser315Thr,ethambutol,isoniazid,cross_class,3,26,3,0,23,37,inf,0.06547304273375136,True,lineage1,100.0,0.3955662998497478,False
pncA|c.64delA,rrs|n.517C>T,pncA,c.64delA,rrs,n.517C>T,pyrazinamide,streptomycin,cross_class,2,46,0,2,46,15,0.0,0.06963645673323093,True,,,0.4093494416075062,False
mmpR5|c.32_33insT,rrs|n.517C>T,mmpR5,c.32_33insT,rrs,n.517C>T,bedaquiline;clofazimine,streptomycin,cross_class,2,46,0,2,46,15,0.0,0.06963645673323093,True,,,0.4093494416075062,False
gyrA|p.Ala90Val,mmpR5|c.198dupG,gyrA,p.Ala90Val,mmpR5,c.198dupG,levofloxacin;moxifloxacin,bedaquiline;clofazimine,cross_class,18,2,2,16,0,45,inf,0.0783410138248848,True,lineage1,100.0,0.45437788018433184,False
mmpR5|c.198dupG,rpoB|p.His445Leu,mmpR5,c.198dupG,rpoB,p.His445Leu,bedaquiline;clofazimine,rifampicin;rifapentine,cross_class,2,20,2,0,18,43,inf,0.09728622631848438,True,lineage1,100.0,0.542557800622317,False
embB|p.Gln497Arg,mmpR5|c.198dupG,embB,p.Gln497Arg,mmpR5,c.198dupG,ethambutol,bedaquiline;clofazimine,cross_class,20,2,2,18,0,43,inf,0.09728622631848441,True,lineage1,100.0,0.542557800622317,False
mmpR5|c.198dupG,pncA|c.375_389delCGATGAGGTCGATGT,mmpR5,c.198dupG,pncA,c.375_389delCGATGAGGTCGATGT,bedaquiline;clofazimine,pyrazinamide,cross_class,2,20,2,0,18,43,inf,0.09728622631848438,True,lineage1,100.0,0.542557800622317,False
inhA|c.-154G>A,rpoB|p.Leu452Pro,inhA,c.-154G>A,rpoB,p.Leu452Pro,ethionamide;isoniazid;prothionamide,rifampicin;rifapentine,cross_class,27,4,0,27,4,32,0.0,0.12835234569766565,True,,,0.6892996343022785,False
gyrA|p.Asp94Gly,mmpR5|c.137dupG,gyrA,p.Asp94Gly,mmpR5,c.137dupG,levofloxacin;moxifloxacin,bedaquiline;clofazimine,cross_class,8,1,1,7,0,55,inf,0.12698412698412698,True,lineage1,100.0,0.6892996343022785,False
embB|p.Met306Val,rpoB|p.Leu452Pro,embB,p.Met306Val,rpoB,p.Leu452Pro,ethambutol,rifampicin;rifapentine,cross_class,27,4,0,27,4,32,0.0,0.12835234569766565,True,,,0.6892996343022785,False
pncA|p.Gly97Asp,rpoB|p.Leu452Pro,pncA,p.Gly97Asp,rpoB,p.Leu452Pro,pyrazinamide,rifampicin;rifapentine,cross_class,26,4,0,26,4,33,0.0,0.13597407939026135,True,,,0.7126352353585986,False
katG|p.Ser315Thr,mmpR5|c.144dupC,katG,p.Ser315Thr,mmpR5,c.144dupC,isoniazid,bedaquiline;clofazimine,cross_class,26,4,0,26,4,33,0.0,0.13597407939026135,True,,,0.7126352353585986,False
embB|p.Met306Val,gyrA|p.Ala90Val,embB,p.Met306Val,gyrA,p.Ala90Val,ethambutol,levofloxacin;moxifloxacin,cross_class,27,18,5,22,13,23,0.4020979020979021,0.16372600071397997,False,lineage1,100.0,0.8225981008239076,False
katG|p.Ser315Thr,pncA|c.64delA,katG,p.Ser315Thr,pncA,c.64delA,isoniazid,pyrazinamide,cross_class,26,2,2,24,0,37,inf,0.16641065028161808,True,lineage1,100.0,0.8225981008239076,False
gyrA|p.Ala90Val,rpoB|p.Ser450Leu,gyrA,p.Ala90Val,rpoB,p.Ser450Leu,levofloxacin;moxifloxacin,rifampicin;rifapentine,cross_class,18,28,5,13,23,22,0.36789297658862874,0.15961765682149798,False,lineage1,100.0,0.8225981008239076,False
katG|p.Ser315Thr,mmpR5|c.198dupG,katG,p.Ser315Thr,mmpR5,c.198dupG,isoniazid,bedaquiline;clofazimine,cross_class,26,2,2,24,0,37,inf,0.16641065028161808,True,lineage1,100.0,0.8225981008239076,False
gyrA|p.Ala90Val,inhA|c.-154G>A,gyrA,p.Ala90Val,inhA,c.-154G>A,levofloxacin;moxifloxacin,ethionamide;isoniazid;prothionamide,cross_class,18,27,5,13,22,23,0.4020979020979021,0.16372600071398002,False,lineage1,100.0,0.8225981008239076,False
gyrA|p.Ala90Val,gyrA|p.Gly88Ala,gyrA,p.Ala90Val,gyrA,p.Gly88Ala,levofloxacin;moxifloxacin,levofloxacin;moxifloxacin,within_class,18,6,0,18,6,39,0.0,0.17040981994972115,False,,,0.8329019289677382,False
mmpR5|c.138_139delTG,rrs|n.517C>T,mmpR5,c.138_139delTG,rrs,n.517C>T,bedaquiline;clofazimine,streptomycin,cross_class,7,46,7,0,39,17,inf,0.17468195779349383,False,lineage1,100.0,0.8442961293352201,False
gyrA|p.Gly88Ala,rrs|n.517C>T,gyrA,p.Gly88Ala,rrs,n.517C>T,levofloxacin;moxifloxacin,streptomycin,cross_class,6,46,6,0,40,17,inf,0.17848333225673552,False,lineage1,100.0,0.8497796032859147,False
embB|p.Met306Val,pncA|c.64delA,embB,p.Met306Val,pncA,c.64delA,ethambutol,pyrazinamide,cross_class,27,2,2,25,0,36,inf,0.1797235023041475,True,lineage1,100.0,0.8497796032859147,False
rpoB|p.Leu452Pro,rpoB|p.Ser450Leu,rpoB,p.Leu452Pro,rpoB,p.Ser450Leu,rifampicin;rifapentine,rifampicin;rifapentine,within_class,4,28,1,3,27,32,0.3950617283950617,0.6224219989423586,True,lineage1,100.0,1.0,False
rpoB|p.Leu430Pro,rpoB|p.Ser450Leu,rpoB,p.Leu430Pro,rpoB,p.Ser450Leu,rifampicin;rifapentine,rifampicin;rifapentine,within_class,3,28,0,3,28,32,0.0,0.2473118279569893,True,,,1.0,False
rpoB|p.Leu430Pro,rpoB|p.Leu452Pro,rpoB,p.Leu430Pro,rpoB,p.Leu452Pro,rifampicin;rifapentine,rifampicin;rifapentine,within_class,3,4,0,3,4,56,0.0,1.0,True,,,1.0,False
rpoB|p.His445Leu,rpoB|p.Leu452Pro,rpoB,p.His445Leu,rpoB,p.Leu452Pro,rifampicin;rifapentine,rifampicin;rifapentine,within_class,20,4,0,20,4,39,0.0,0.29760855514425055,True,,,1.0,False
rpoB|p.His445Leu,rpoB|p.Leu430Pro,rpoB,p.His445Leu,rpoB,p.Leu430Pro,rifampicin;rifapentine,rifampicin;rifapentine,within_class,20,3,0,20,3,40,0.0,0.545214172395558,True,,,1.0,False
rpoB|p.His445Asp,rrs|n.517C>T,rpoB,p.His445Asp,rrs,n.517C>T,rifampicin;rifapentine,streptomycin,cross_class,1,46,0,1,46,16,0.0,0.2698412698412699,True,,,1.0,False
rpoB|p.His445Asp,rpoB|p.Ser450Leu,rpoB,p.His445Asp,rpoB,p.Ser450Leu,rifampicin;rifapentine,rifampicin;rifapentine,within_class,1,28,0,1,28,34,0.0,1.0,True,,,1.0,False
rpoB|p.His445Asp,rpoB|p.Leu452Pro,rpoB,p.His445Asp,rpoB,p.Leu452Pro,rifampicin;rifapentine,rifampicin;rifapentine,within_class,1,4,0,1,4,58,0.0,1.0,True,,,1.0,False
rpoB|p.His445Asp,rpoB|p.Leu430Pro,rpoB,p.His445Asp,rpoB,p.Leu430Pro,rifampicin;rifapentine,rifampicin;rifapentine,within_class,1,3,0,1,3,59,0.0,1.0,True,,,1.0,False
rpoB|p.His445Asp,rpoB|p.His445Leu,rpoB,p.His445Asp,rpoB,p.His445Leu,rifampicin;rifapentine,rifampicin;rifapentine,within_class,1,20,0,1,20,42,0.0,1.0,True,,,1.0,False
ddn|p.Lys104*,mmpR5|c.198delG,ddn,p.Lys104*,mmpR5,c.198delG,delamanid;pretomanid,bedaquiline;clofazimine,cross_class,1,1,0,1,1,61,0.0,1.0,True,,,1.0,False
ddn|p.Lys104*,mmpR5|c.144dupC,ddn,p.Lys104*,mmpR5,c.144dupC,delamanid;pretomanid,bedaquiline;clofazimine,cross_class,1,4,0,1,4,58,0.0,1.0,True,,,1.0,False
ddn|p.Lys104*,mmpR5|c.139dupG,ddn,p.Lys104*,mmpR5,c.139dupG,delamanid;pretomanid,bedaquiline;clofazimine,cross_class,1,1,0,1,1,61,0.0,1.0,True,,,1.0,False
ddn|p.Lys104*,mmpR5|c.138_139delTG,ddn,p.Lys104*,mmpR5,c.138_139delTG,delamanid;pretomanid,bedaquiline;clofazimine,cross_class,1,7,0,1,7,55,0.0,1.0,True,,,1.0,False
ddn|p.Lys104*,mmpR5|c.137dupG,ddn,p.Lys104*,mmpR5,c.137dupG,delamanid;pretomanid,bedaquiline;clofazimine,cross_class,1,1,0,1,1,61,0.0,1.0,True,,,1.0,False
ddn|p.Lys104*,katG|p.Ser315Thr,ddn,p.Lys104*,katG,p.Ser315Thr,delamanid;pretomanid,isoniazid,cross_class,1,26,0,1,26,36,0.0,1.0,True,,,1.0,False
ddn|p.Lys104*,inhA|c.-154G>A,ddn,p.Lys104*,inhA,c.-154G>A,delamanid;pretomanid,ethionamide;isoniazid;prothionamide,cross_class,1,27,1,0,26,36,inf,0.42857142857142855,True,lineage1,100.0,1.0,False
ddn|p.Lys104*,gyrB|p.Glu501Asp,ddn,p.Lys104*,gyrB,p.Glu501Asp,delamanid;pretomanid,levofloxacin;moxifloxacin,cross_class,1,1,0,1,1,61,0.0,1.0,True,,,1.0,False
ddn|p.Lys104*,gyrB|p.Asp461Asn,ddn,p.Lys104*,gyrB,p.Asp461Asn,delamanid;pretomanid,levofloxacin;moxifloxacin,cross_class,1,1,0,1,1,61,0.0,1.0,True,,,1.0,False
ddn|p.Lys104*,gyrA|p.Gly88Ala,ddn,p.Lys104*,gyrA,p.Gly88Ala,delamanid;pretomanid,levofloxacin;moxifloxacin,cross_class,1,6,0,1,6,56,0.0,1.0,True,,,1.0,False
ddn|p.Lys104*,gyrA|p.Asp94Gly,ddn,p.Lys104*,gyrA,p.Asp94Gly,delamanid;pretomanid,levofloxacin;moxifloxacin,cross_class,1,8,0,1,8,54,0.0,1.0,True,,,1.0,False
ddn|p.Lys104*,gyrA|p.Ala90Val,ddn,p.Lys104*,gyrA,p.Ala90Val,delamanid;pretomanid,levofloxacin;moxifloxacin,cross_class,1,18,0,1,18,44,0.0,1.0,True,,,1.0,False
ddn|p.Lys104*,ethA|c.1143dupC,ddn,p.Lys104*,ethA,c.1143dupC,delamanid;pretomanid,ethionamide;prothionamide,cross_class,1,1,0,1,1,61,0.0,1.0,True,,,1.0,False
ddn|p.Lys104*,embB|p.Met306Val,ddn,p.Lys104*,embB,p.Met306Val,delamanid;pretomanid,ethambutol,cross_class,1,27,1,0,26,36,inf,0.42857142857142855,True,lineage1,100.0,1.0,False
ddn|p.Lys104*,embB|p.Met306Ile,ddn,p.Lys104*,embB,p.Met306Ile,delamanid;pretomanid,ethambutol,cross_class,1,3,0,1,3,59,0.0,1.0,True,,,1.0,False
embB|p.Met306Val,gyrA|p.Asp94Gly,embB,p.Met306Val,gyrA,p.Asp94Gly,ethambutol,levofloxacin;moxifloxacin,cross_class,27,8,5,22,3,33,2.5,0.2718213216113168,False,lineage1,100.0,1.0,False
embB|p.Met306Val,ethA|c.1143dupC,embB,p.Met306Val,ethA,c.1143dupC,ethambutol,ethionamide;prothionamide,cross_class,27,1,0,27,1,35,0.0,1.0,True,,,1.0,False
embB|p.Met306Ile,rpoB|p.Ser450Leu,embB,p.Met306Ile,rpoB,p.Ser450Leu,ethambutol,rifampicin;rifapentine,cross_class,3,28,0,3,28,32,0.0,0.2473118279569893,True,,,1.0,False
embB|p.Met306Ile,rpoB|p.Leu430Pro,embB,p.Met306Ile,rpoB,p.Leu430Pro,ethambutol,rifampicin;rifapentine,cross_class,3,3,0,3,3,57,0.0,1.0,True,,,1.0,False
embB|p.Met306Ile,rpoB|p.His445Leu,embB,p.Met306Ile,rpoB,p.His445Leu,ethambutol,rifampicin;rifapentine,cross_class,3,20,0,3,20,40,0.0,0.5452141723955578,True,,,1.0,False
embB|p.Met306Ile,rpoB|p.His445Asp,embB,p.Met306Ile,rpoB,p.His445Asp,ethambutol,rifampicin;rifapentine,cross_class,3,1,0,3,1,59,0.0,1.0,True,,,1.0,False
embB|p.Met306Ile,pncA|p.Gly97Asp,embB,p.Met306Ile,pncA,p.Gly97Asp,ethambutol,pyrazinamide,cross_class,3,26,0,3,26,34,0.0,0.261136712749616,True,,,1.0,False
embB|p.Met306Ile,pncA|c.64delA,embB,p.Met306Ile,pncA,c.64delA,ethambutol,pyrazinamide,cross_class,3,2,0,3,2,58,0.0,1.0,True,,,1.0,False
embB|p.Met306Ile,pncA|c.375_389delCGATGAGGTCGATGT,embB,p.Met306Ile,pncA,c.375_389delCGATGAGGTCGATGT,ethambutol,pyrazinamide,cross_class,3,20,0,3,20,40,0.0,0.5452141723955578,True,,,1.0,False
embB|p.Met306Ile,mmpR5|c.32_33insT,embB,p.Met306Ile,mmpR5,c.32_33insT,ethambutol,bedaquiline;clofazimine,cross_class,3,2,0,3,2,58,0.0,1.0,True,,,1.0,False
embB|p.Met306Ile,mmpR5|c.244_245dupCG,embB,p.Met306Ile,mmpR5,c.244_245dupCG,ethambutol,bedaquiline;clofazimine,cross_class,3,1,0,3,1,59,0.0,1.0,True,,,1.0,False
embB|p.Met306Ile,mmpR5|c.198dupG,embB,p.Met306Ile,mmpR5,c.198dupG,ethambutol,bedaquiline;clofazimine,cross_class,3,2,0,3,2,58,0.0,1.0,True,,,1.0,False
embB|p.Met306Ile,mmpR5|c.198delG,embB,p.Met306Ile,mmpR5,c.198delG,ethambutol,bedaquiline;clofazimine,cross_class,3,1,0,3,1,59,0.0,1.0,True,,,1.0,False
embB|p.Met306Val,mmpR5|c.32_33insT,embB,p.Met306Val,mmpR5,c.32_33insT,ethambutol,bedaquiline;clofazimine,cross_class,27,2,0,27,2,34,0.0,0.5023041474654378,True,,,1.0,False
embB|p.Met306Val,mmpR5|c.244_245dupCG,embB,p.Met306Val,mmpR5,c.244_245dupCG,ethambutol,bedaquiline;clofazimine,cross_class,27,1,0,27,1,35,0.0,1.0,True,,,1.0,False
embB|p.Met306Val,mmpR5|c.198dupG,embB,p.Met306Val,mmpR5,c.198dupG,ethambutol,bedaquiline;clofazimine,cross_class,27,2,0,27,2,34,0.0,0.5023041474654378,True,,,1.0,False
embB|p.Met306Val,mmpR5|c.198delG,embB,p.Met306Val,mmpR5,c.198delG,ethambutol,bedaquiline;clofazimine,cross_class,27,1,1,26,0,36,inf,0.42857142857142855,True,lineage1,100.0,1.0,False
embB|p.Met306Val,mmpR5|c.144dupC,embB,p.Met306Val,mmpR5,c.144dupC,ethambutol,bedaquiline;clofazimine,cross_class,27,4,2,25,2,34,1.36,1.0,True,lineage1,100.0,1.0,False
embB|p.Met306Val,mmpR5|c.139dupG,embB,p.Met306Val,mmpR5,c.139dupG,ethambutol,bedaquiline;clofazimine,cross_class,27,1,0,27,1,35,0.0,1.0,True,,,1.0,False
embB|p.Met306Val,mmpR5|c.137dupG,embB,p.Met306Val,mmpR5,c.137dupG,ethambutol,bedaquiline;clofazimine,cross_class,27,1,1,26,0,36,inf,0.42857142857142855,True,lineage1,100.0,1.0,False
embB|p.Met306Val,gyrB|p.Glu501Asp,embB,p.Met306Val,gyrB,p.Glu501Asp,ethambutol,levofloxacin;moxifloxacin,cross_class,27,1,1,26,0,36,inf,0.42857142857142855,True,lineage1,100.0,1.0,False
embB|p.Met306Val,gyrB|p.Asp461Asn,embB,p.Met306Val,gyrB,p.Asp461Asn,ethambutol,levofloxacin;moxifloxacin,cross_class,27,1,0,27,1,35,0.0,1.0,True,,,1.0,False
ethA|c.1143dupC,mmpR5|c.139dupG,ethA,c.1143dupC,mmpR5,c.139dupG,ethionamide;prothionamide,bedaquiline;clofazimine,cross_class,1,1,0,1,1,61,0.0,1.0,True,,,1.0,False
ethA|c.1143dupC,mmpR5|c.138_139delTG,ethA,c.1143dupC,mmpR5,c.138_139delTG,ethionamide;prothionamide,bedaquiline;clofazimine,cross_class,1,7,0,1,7,55,0.0,1.0,True,,,1.0,False
ethA|c.1143dupC,mmpR5|c.137dupG,ethA,c.1143dupC,mmpR5,c.137dupG,ethionamide;prothionamide,bedaquiline;clofazimine,cross_class,1,1,0,1,1,61,0.0,1.0,True,,,1.0,False
ethA|c.1143dupC,katG|p.Ser315Thr,ethA,c.1143dupC,katG,p.Ser315Thr,ethionamide;prothionamide,isoniazid,cross_class,1,26,1,0,25,37,inf,0.41269841269841273,True,lineage1,100.0,1.0,False
ethA|c.1143dupC,inhA|c.-154G>A,ethA,c.1143dupC,inhA,c.-154G>A,ethionamide;prothionamide,ethionamide;isoniazid;prothionamide,within_class,1,27,0,1,27,35,0.0,1.0,True,,,1.0,False
ethA|c.1143dupC,gyrB|p.Glu501Asp,ethA,c.1143dupC,gyrB,p.Glu501Asp,ethionamide;prothionamide,levofloxacin;moxifloxacin,cross_class,1,1,0,1,1,61,0.0,1.0,True,,,1.0,False
ethA|c.1143dupC,gyrB|p.Asp461Asn,ethA,c.1143dupC,gyrB,p.Asp461Asn,ethionamide;prothionamide,levofloxacin;moxifloxacin,cross_class,1,1,0,1,1,61,0.0,1.0,True,,,1.0,False
ethA|c.1143dupC,gyrA|p.Gly88Ala,ethA,c.1143dupC,gyrA,p.Gly88Ala,ethionamide;prothionamide,levofloxacin;moxifloxacin,cross_class,1,6,0,1,6,56,0.0,1.0,True,,,1.0,False
ethA|c.1143dupC,gyrA|p.Asp94Gly,ethA,c.1143dupC,gyrA,p.Asp94Gly,ethionamide;prothionamide,levofloxacin;moxifloxacin,cross_class,1,8,0,1,8,54,0.0,1.0,True,,,1.0,False
ethA|c.1143dupC,gyrA|p.Ala90Val,ethA,c.1143dupC,gyrA,p.Ala90Val,ethionamide;prothionamide,levofloxacin;moxifloxacin,cross_class,1,18,0,1,18,44,0.0,1.0,True,,,1.0,False
embB|p.Met306Val,rpoB|p.Leu430Pro,embB,p.Met306Val,rpoB,p.Leu430Pro,ethambutol,rifampicin;rifapentine,cross_class,27,3,0,27,3,33,0.0,0.2534562211981567,True,,,1.0,False
embB|p.Met306Val,rpoB|p.His445Asp,embB,p.Met306Val,rpoB,p.His445Asp,ethambutol,rifampicin;rifapentine,cross_class,27,1,0,27,1,35,0.0,1.0,True,,,1.0,False
gyrA|p.Ala90Val,gyrA|p.Asp94Gly,gyrA,p.Ala90Val,gyrA,p.Asp94Gly,levofloxacin;moxifloxacin,levofloxacin;moxifloxacin,within_class,18,8,2,16,6,39,0.8125,1.0,False,lineage1,100.0,1.0,False
ethA|c.1143dupC,rrs|n.517C>T,ethA,c.1143dupC,rrs,n.517C>T,ethionamide;prothionamide,streptomycin,cross_class,1,46,0,1,46,16,0.0,0.2698412698412699,True,,,1.0,False
ethA|c.1143dupC,rpoB|p.Ser450Leu,ethA,c.1143dupC,rpoB,p.Ser450Leu,ethionamide;prothionamide,rifampicin;rifapentine,cross_class,1,28,0,1,28,34,0.0,1.0,True,,,1.0,False
ethA|c.1143dupC,rpoB|p.Leu452Pro,ethA,c.1143dupC,rpoB,p.Leu452Pro,ethionamide;prothionamide,rifampicin;rifapentine,cross_class,1,4,0,1,4,58,0.0,1.0,True,,,1.0,False
ethA|c.1143dupC,rpoB|p.Leu430Pro,ethA,c.1143dupC,rpoB,p.Leu430Pro,ethionamide;prothionamide,rifampicin;rifapentine,cross_class,1,3,0,1,3,59,0.0,1.0,True,,,1.0,False
ethA|c.1143dupC,rpoB|p.His445Leu,ethA,c.1143dupC,rpoB,p.His445Leu,ethionamide;prothionamide,rifampicin;rifapentine,cross_class,1,20,0,1,20,42,0.0,1.0,True,,,1.0,False
ethA|c.1143dupC,rpoB|p.His445Asp,ethA,c.1143dupC,rpoB,p.His445Asp,ethionamide;prothionamide,rifampicin;rifapentine,cross_class,1,1,0,1,1,61,0.0,1.0,True,,,1.0,False
ethA|c.1143dupC,pncA|p.Gly97Asp,ethA,c.1143dupC,pncA,p.Gly97Asp,ethionamide;prothionamide,pyrazinamide,cross_class,1,26,0,1,26,36,0.0,1.0,True,,,1.0,False
ethA|c.1143dupC,pncA|c.64delA,ethA,c.1143dupC,pncA,c.64delA,ethionamide;prothionamide,pyrazinamide,cross_class,1,2,0,1,2,60,0.0,1.0,True,,,1.0,False
ethA|c.1143dupC,pncA|c.375_389delCGATGAGGTCGATGT,ethA,c.1143dupC,pncA,c.375_389delCGATGAGGTCGATGT,ethionamide;prothionamide,pyrazinamide,cross_class,1,20,0,1,20,42,0.0,1.0,True,,,1.0,False
ethA|c.1143dupC,mmpR5|c.32_33insT,ethA,c.1143dupC,mmpR5,c.32_33insT,ethionamide;prothionamide,bedaquiline;clofazimine,cross_class,1,2,0,1,2,60,0.0,1.0,True,,,1.0,False
ethA|c.1143dupC,mmpR5|c.244_245dupCG,ethA,c.1143dupC,mmpR5,c.244_245dupCG,ethionamide;prothionamide,bedaquiline;clofazimine,cross_class,1,1,0,1,1,61,0.0,1.0,True,,,1.0,False
ethA|c.1143dupC,mmpR5|c.198dupG,ethA,c.1143dupC,mmpR5,c.198dupG,ethionamide;prothionamide,bedaquiline;clofazimine,cross_class,1,2,0,1,2,60,0.0,1.0,True,,,1.0,False
ethA|c.1143dupC,mmpR5|c.198delG,ethA,c.1143dupC,mmpR5,c.198delG,ethionamide;prothionamide,bedaquiline;clofazimine,cross_class,1,1,0,1,1,61,0.0,1.0,True,,,1.0,False
ethA|c.1143dupC,mmpR5|c.144dupC,ethA,c.1143dupC,mmpR5,c.144dupC,ethionamide;prothionamide,bedaquiline;clofazimine,cross_class,1,4,0,1,4,58,0.0,1.0,True,,,1.0,False
embB|p.Met306Ile,mmpR5|c.144dupC,embB,p.Met306Ile,mmpR5,c.144dupC,ethambutol,bedaquiline;clofazimine,cross_class,3,4,0,3,4,56,0.0,1.0,True,,,1.0,False
embB|p.Met306Ile,mmpR5|c.139dupG,embB,p.Met306Ile,mmpR5,c.139dupG,ethambutol,bedaquiline;clofazimine,cross_class,3,1,0,3,1,59,0.0,1.0,True,,,1.0,False
embB|p.Met306Ile,mmpR5|c.138_139delTG,embB,p.Met306Ile,mmpR5,c.138_139delTG,ethambutol,bedaquiline;clofazimine,cross_class,3,7,0,3,7,53,0.0,1.0,True,,,1.0,False
embB|p.Met306Ile,mmpR5|c.137dupG,embB,p.Met306Ile,mmpR5,c.137dupG,ethambutol,bedaquiline;clofazimine,cross_class,3,1,0,3,1,59,0.0,1.0,True,,,1.0,False
embB|p.Met306Ile,inhA|c.-154G>A,embB,p.Met306Ile,inhA,c.-154G>A,ethambutol,ethionamide;isoniazid;prothionamide,cross_class,3,27,0,3,27,33,0.0,0.25345622119815675,True,,,1.0,False
embB|p.Met306Ile,gyrB|p.Glu501Asp,embB,p.Met306Ile,gyrB,p.Glu501Asp,ethambutol,levofloxacin;moxifloxacin,cross_class,3,1,0,3,1,59,0.0,1.0,True,,,1.0,False
embB|p.Met306Ile,gyrB|p.Asp461Asn,embB,p.Met306Ile,gyrB,p.Asp461Asn,ethambutol,levofloxacin;moxifloxacin,cross_class,3,1,0,3,1,59,0.0,1.0,True,,,1.0,False
embB|p.Met306Ile,gyrA|p.Gly88Ala,embB,p.Met306Ile,gyrA,p.Gly88Ala,ethambutol,levofloxacin;moxifloxacin,cross_class,3,6,0,3,6,54,0.0,1.0,True,,,1.0,False
embB|p.Met306Ile,gyrA|p.Ala90Val,embB,p.Met306Ile,gyrA,p.Ala90Val,ethambutol,levofloxacin;moxifloxacin,cross_class,3,18,0,3,18,42,0.0,0.5512578378786732,True,,,1.0,False
embB|p.Met306Ile,ethA|c.1143dupC,embB,p.Met306Ile,ethA,c.1143dupC,ethambutol,ethionamide;prothionamide,cross_class,3,1,0,3,1,59,0.0,1.0,True,,,1.0,False
embB|p.Met306Ile,embB|p.Met306Val,embB,p.Met306Ile,embB,p.Met306Val,ethambutol,ethambutol,within_class,3,27,0,3,27,33,0.0,0.25345622119815675,True,,,1.0,False
embB|p.Gln497Arg,rpoB|p.Leu452Pro,embB,p.Gln497Arg,rpoB,p.Leu452Pro,ethambutol,rifampicin;rifapentine,cross_class,20,4,0,20,4,39,0.0,0.29760855514425055,True,,,1.0,False
gyrA|p.Ala90Val,rpoB|p.His445Asp,gyrA,p.Ala90Val,rpoB,p.His445Asp,levofloxacin;moxifloxacin,rifampicin;rifapentine,cross_class,18,1,0,18,1,44,0.0,1.0,True,,,1.0,False
gyrA|p.Ala90Val,pncA|p.Gly97Asp,gyrA,p.Ala90Val,pncA,p.Gly97Asp,levofloxacin;moxifloxacin,pyrazinamide,cross_class,18,26,5,13,21,24,0.43956043956043955,0.25762215271605415,False,lineage1,100.0,1.0,False
gyrA|p.Ala90Val,pncA|c.64delA,gyrA,p.Ala90Val,pncA,c.64delA,levofloxacin;moxifloxacin,pyrazinamide,cross_class,18,2,0,18,2,43,0.0,1.0,True,,,1.0,False
gyrA|p.Ala90Val,mmpR5|c.32_33insT,gyrA,p.Ala90Val,mmpR5,c.32_33insT,levofloxacin;moxifloxacin,bedaquiline;clofazimine,cross_class,18,2,0,18,2,43,0.0,1.0,True,,,1.0,False
gyrA|p.Ala90Val,mmpR5|c.244_245dupCG,gyrA,p.Ala90Val,mmpR5,c.244_245dupCG,levofloxacin;moxifloxacin,bedaquiline;clofazimine,cross_class,18,1,1,17,0,45,inf,0.28571428571428575,True,lineage1,100.0,1.0,False
gyrA|p.Ala90Val,mmpR5|c.198delG,gyrA,p.Ala90Val,mmpR5,c.198delG,levofloxacin;moxifloxacin,bedaquiline;clofazimine,cross_class,18,1,0,18,1,44,0.0,1.0,True,,,1.0,False
gyrA|p.Ala90Val,mmpR5|c.144dupC,gyrA,p.Ala90Val,mmpR5,c.144dupC,levofloxacin;moxifloxacin,bedaquiline;clofazimine,cross_class,18,4,0,18,4,41,0.0,0.3169147087708696,True,,,1.0,False
gyrA|p.Ala90Val,mmpR5|c.139dupG,gyrA,p.Ala90Val,mmpR5,c.139dupG,levofloxacin;moxifloxacin,bedaquiline;clofazimine,cross_class,18,1,0,18,1,44,0.0,1.0,True,,,1.0,False
gyrA|p.Ala90Val,mmpR5|c.138_139delTG,gyrA,p.Ala90Val,mmpR5,c.138_139delTG,levofloxacin;moxifloxacin,bedaquiline;clofazimine,cross_class,18,7,1,17,6,39,0.38235294117647056,0.6621380152645031,False,lineage1,100.0,1.0,False
gyrA|p.Ala90Val,mmpR5|c.137dupG,gyrA,p.Ala90Val,mmpR5,c.137dupG,levofloxacin;moxifloxacin,bedaquiline;clofazimine,cross_class,18,1,0,18,1,44,0.0,1.0,True,,,1.0,False
gyrA|p.Ala90Val,gyrB|p.Glu501Asp,gyrA,p.Ala90Val,gyrB,p.Glu501Asp,levofloxacin;moxifloxacin,levofloxacin;moxifloxacin,within_class,18,1,0,18,1,44,0.0,1.0,True,,,1.0,False
gyrA|p.Ala90Val,gyrB|p.Asp461Asn,gyrA,p.Ala90Val,gyrB,p.Asp461Asn,levofloxacin;moxifloxacin,levofloxacin;moxifloxacin,within_class,18,1,0,18,1,44,0.0,1.0,True,,,1.0,False
gyrA|p.Asp94Gly,mmpR5|c.198dupG,gyrA,p.Asp94Gly,mmpR5,c.198dupG,levofloxacin;moxifloxacin,bedaquiline;clofazimine,cross_class,8,2,0,8,2,53,0.0,1.0,True,,,1.0,False
gyrA|p.Asp94Gly,mmpR5|c.198delG,gyrA,p.Asp94Gly,mmpR5,c.198delG,levofloxacin;moxifloxacin,bedaquiline;clofazimine,cross_class,8,1,0,8,1,54,0.0,1.0,True,,,1.0,False
gyrA|p.Asp94Gly,mmpR5|c.144dupC,gyrA,p.Asp94Gly,mmpR5,c.144dupC,levofloxacin;moxifloxacin,bedaquiline;clofazimine,cross_class,8,4,1,7,3,52,2.4761904761904763,0.4274382412933445,True,lineage1,100.0,1.0,False
gyrA|p.Asp94Gly,mmpR5|c.139dupG,gyrA,p.Asp94Gly,mmpR5,c.139dupG,levofloxacin;moxifloxacin,bedaquiline;clofazimine,cross_class,8,1,0,8,1,54,0.0,1.0,True,,,1.0,False
gyrA|p.Asp94Gly,mmpR5|c.138_139delTG,gyrA,p.Asp94Gly,mmpR5,c.138_139delTG,levofloxacin;moxifloxacin,bedaquiline;clofazimine,cross_class,8,7,0,8,7,48,0.0,0.580824699091993,False,,,1.0,False
gyrA|p.Asp94Gly,katG|p.Ser315Thr,gyrA,p.Asp94Gly,katG,p.Ser315Thr,levofloxacin;moxifloxacin,isoniazid,cross_class,8,26,3,5,23,32,0.8347826086956521,1.0,False,lineage1,100.0,1.0,False
gyrA|p.Asp94Gly,inhA|c.-154G>A,gyrA,p.Asp94Gly,inhA,c.-154G>A,levofloxacin;moxifloxacin,ethionamide;isoniazid;prothionamide,cross_class,8,27,5,3,22,33,2.5,0.2718213216113168,False,lineage1,100.0,1.0,False
gyrA|p.Asp94Gly,gyrB|p.Glu501Asp,gyrA,p.Asp94Gly,gyrB,p.Glu501Asp,levofloxacin;moxifloxacin,levofloxacin;moxifloxacin,within_class,8,1,0,8,1,54,0.0,1.0,True,,,1.0,False
gyrA|p.Asp94Gly,gyrB|p.Asp461Asn,gyrA,p.Asp94Gly,gyrB,p.Asp461Asn,levofloxacin;moxifloxacin,levofloxacin;moxifloxacin,within_class,8,1,0,8,1,54,0.0,1.0,True,,,1.0,False
gyrA|p.Asp94Gly,gyrA|p.Gly88Ala,gyrA,p.Asp94Gly,gyrA,p.Gly88Ala,levofloxacin;moxifloxacin,levofloxacin;moxifloxacin,within_class,8,6,0,8,6,49,0.0,1.0,False,,,1.0,False
gyrA|p.Ala90Val,rpoB|p.Leu452Pro,gyrA,p.Ala90Val,rpoB,p.Leu452Pro,levofloxacin;moxifloxacin,rifampicin;rifapentine,cross_class,18,4,0,18,4,41,0.0,0.3169147087708696,True,,,1.0,False
gyrA|p.Ala90Val,rpoB|p.Leu430Pro,gyrA,p.Ala90Val,rpoB,p.Leu430Pro,levofloxacin;moxifloxacin,rifampicin;rifapentine,cross_class,18,3,0,18,3,42,0.0,0.5512578378786734,True,,,1.0,False
embB|p.Gln497Arg,rpoB|p.Leu430Pro,embB,p.Gln497Arg,rpoB,p.Leu430Pro,ethambutol,rifampicin;rifapentine,cross_class,20,3,0,20,3,40,0.0,0.545214172395558,True,,,1.0,False
embB|p.Gln497Arg,rpoB|p.His445Asp,embB,p.Gln497Arg,rpoB,p.His445Asp,ethambutol,rifampicin;rifapentine,cross_class,20,1,0,20,1,42,0.0,1.0,True,,,1.0,False
embB|p.Gln497Arg,pncA|c.64delA,embB,p.Gln497Arg,pncA,c.64delA,ethambutol,pyrazinamide,cross_class,20,2,0,20,2,41,0.0,1.0,True,,,1.0,False
embB|p.Gln497Arg,mmpR5|c.32_33insT,embB,p.Gln497Arg,mmpR5,c.32_33insT,ethambutol,bedaquiline;clofazimine,cross_class,20,2,0,20,2,41,0.0,1.0,True,,,1.0,False
embB|p.Gln497Arg,mmpR5|c.244_245dupCG,embB,p.Gln497Arg,mmpR5,c.244_245dupCG,ethambutol,bedaquiline;clofazimine,cross_class,20,1,1,19,0,43,inf,0.31746031746031755,True,lineage1,100.0,1.0,False
embB|p.Gln497Arg,mmpR5|c.198delG,embB,p.Gln497Arg,mmpR5,c.198delG,ethambutol,bedaquiline;clofazimine,cross_class,20,1,0,20,1,42,0.0,1.0,True,,,1.0,False
embB|p.Gln497Arg,mmpR5|c.144dupC,embB,p.Gln497Arg,mmpR5,c.144dupC,ethambutol,bedaquiline;clofazimine,cross_class,20,4,0,20,4,39,0.0,0.29760855514425055,True,,,1.0,False
embB|p.Gln497Arg,mmpR5|c.139dupG,embB,p.Gln497Arg,mmpR5,c.139dupG,ethambutol,bedaquiline;clofazimine,cross_class,20,1,0,20,1,42,0.0,1.0,True,,,1.0,False
embB|p.Gln497Arg,mmpR5|c.137dupG,embB,p.Gln497Arg,mmpR5,c.137dupG,ethambutol,bedaquiline;clofazimine,cross_class,20,1,0,20,1,42,0.0,1.0,True,,,1.0,False
gyrA|p.Gly88Ala,mmpR5|c.137dupG,gyrA,p.Gly88Ala,mmpR5,c.137dupG,levofloxacin;moxifloxacin,bedaquiline;clofazimine,cross_class,6,1,0,6,1,56,0.0,1.0,True,,,1.0,False
gyrA|p.Gly88Ala,gyrB|p.Glu501Asp,gyrA,p.Gly88Ala,gyrB,p.Glu501Asp,levofloxacin;moxifloxacin,levofloxacin;moxifloxacin,within_class,6,1,0,6,1,56,0.0,1.0,True,,,1.0,False
gyrA|p.Gly88Ala,gyrB|p.Asp461Asn,gyrA,p.Gly88Ala,gyrB,p.Asp461Asn,levofloxacin;moxifloxacin,levofloxacin;moxifloxacin,within_class,6,1,0,6,1,56,0.0,1.0,True,,,1.0,False
gyrA|p.Asp94Gly,rrs|n.517C>T,gyrA,p.Asp94Gly,rrs,n.517C>T,levofloxacin;moxifloxacin,streptomycin,cross_class,8,46,5,3,41,14,0.5691056910569106,0.6710761630088287,False,lineage1,100.0,1.0,False
gyrA|p.Asp94Gly,rpoB|p.Ser450Leu,gyrA,p.Asp94Gly,rpoB,p.Ser450Leu,levofloxacin;moxifloxacin,rifampicin;rifapentine,cross_class,8,28,5,3,23,32,2.318840579710145,0.4485867551074292,False,lineage1,100.0,1.0,False
gyrA|p.Asp94Gly,rpoB|p.Leu430Pro,gyrA,p.Asp94Gly,rpoB,p.Leu430Pro,levofloxacin;moxifloxacin,rifampicin;rifapentine,cross_class,8,3,0,8,3,52,0.0,1.0,True,,,1.0,False
gyrA|p.Asp94Gly,rpoB|p.His445Asp,gyrA,p.Asp94Gly,rpoB,p.His445Asp,levofloxacin;moxifloxacin,rifampicin;rifapentine,cross_class,8,1,0,8,1,54,0.0,1.0,True,,,1.0,False
gyrA|p.Asp94Gly,pncA|p.Gly97Asp,gyrA,p.Asp94Gly,pncA,p.Gly97Asp,levofloxacin;moxifloxacin,pyrazinamide,cross_class,8,26,5,3,21,34,2.6984126984126986,0.2573359269933179,False,lineage1,100.0,1.0,False
gyrA|p.Asp94Gly,pncA|c.64delA,gyrA,p.Asp94Gly,pncA,c.64delA,levofloxacin;moxifloxacin,pyrazinamide,cross_class,8,2,0,8,2,53,0.0,1.0,True,,,1.0,False
gyrA|p.Asp94Gly,mmpR5|c.32_33insT,gyrA,p.Asp94Gly,mmpR5,c.32_33insT,levofloxacin;moxifloxacin,bedaquiline;clofazimine,cross_class,8,2,0,8,2,53,0.0,1.0,True,,,1.0,False
gyrA|p.Asp94Gly,mmpR5|c.244_245dupCG,gyrA,p.Asp94Gly,mmpR5,c.244_245dupCG,levofloxacin;moxifloxacin,bedaquiline;clofazimine,cross_class,8,1,0,8,1,54,0.0,1.0,True,,,1.0,False
gyrA|p.Gly88Ala,rpoB|p.Leu452Pro,gyrA,p.Gly88Ala,rpoB,p.Leu452Pro,levofloxacin;moxifloxacin,rifampicin;rifapentine,cross_class,6,4,0,6,4,53,0.0,1.0,True,,,1.0,False
gyrA|p.Gly88Ala,rpoB|p.Leu430Pro,gyrA,p.Gly88Ala,rpoB,p.Leu430Pro,levofloxacin;moxifloxacin,rifampicin;rifapentine,cross_class,6,3,0,6,3,54,0.0,1.0,True,,,1.0,False
gyrA|p.Gly88Ala,rpoB|p.His445Asp,gyrA,p.Gly88Ala,rpoB,p.His445Asp,levofloxacin;moxifloxacin,rifampicin;rifapentine,cross_class,6,1,0,6,1,56,0.0,1.0,True,,,1.0,False
gyrA|p.Gly88Ala,pncA|c.64delA,gyrA,p.Gly88Ala,pncA,c.64delA,levofloxacin;moxifloxacin,pyrazinamide,cross_class,6,2,0,6,2,55,0.0,1.0,True,,,1.0,False
gyrA|p.Gly88Ala,mmpR5|c.32_33insT,gyrA,p.Gly88Ala,mmpR5,c.32_33insT,levofloxacin;moxifloxacin,bedaquiline;clofazimine,cross_class,6,2,0,6,2,55,0.0,1.0,True,,,1.0,False
gyrA|p.Gly88Ala,mmpR5|c.244_245dupCG,gyrA,p.Gly88Ala,mmpR5,c.244_245dupCG,levofloxacin;moxifloxacin,bedaquiline;clofazimine,cross_class,6,1,0,6,1,56,0.0,1.0,True,,,1.0,False
gyrA|p.Gly88Ala,mmpR5|c.198dupG,gyrA,p.Gly88Ala,mmpR5,c.198dupG,levofloxacin;moxifloxacin,bedaquiline;clofazimine,cross_class,6,2,0,6,2,55,0.0,1.0,True,,,1.0,False
gyrA|p.Gly88Ala,mmpR5|c.198delG,gyrA,p.Gly88Ala,mmpR5,c.198delG,levofloxacin;moxifloxacin,bedaquiline;clofazimine,cross_class,6,1,0,6,1,56,0.0,1.0,True,,,1.0,False
gyrA|p.Gly88Ala,mmpR5|c.144dupC,gyrA,p.Gly88Ala,mmpR5,c.144dupC,levofloxacin;moxifloxacin,bedaquiline;clofazimine,cross_class,6,4,0,6,4,53,0.0,1.0,True,,,1.0,False
gyrA|p.Gly88Ala,mmpR5|c.139dupG,gyrA,p.Gly88Ala,mmpR5,c.139dupG,levofloxacin;moxifloxacin,bedaquiline;clofazimine,cross_class,6,1,0,6,1,56,0.0,1.0,True,,,1.0,False
gyrB|p.Asp461Asn,rpoB|p.His445Leu,gyrB,p.Asp461Asn,rpoB,p.His445Leu,levofloxacin;moxifloxacin,rifampicin;rifapentine,cross_class,1,20,1,0,19,43,inf,0.31746031746031744,True,lineage1,100.0,1.0,False
gyrB|p.Asp461Asn,rpoB|p.His445Asp,gyrB,p.Asp461Asn,rpoB,p.His445Asp,levofloxacin;moxifloxacin,rifampicin;rifapentine,cross_class,1,1,0,1,1,61,0.0,1.0,True,,,1.0,False
gyrB|p.Asp461Asn,pncA|p.Gly97Asp,gyrB,p.Asp461Asn,pncA,p.Gly97Asp,levofloxacin;moxifloxacin,pyrazinamide,cross_class,1,26,0,1,26,36,0.0,1.0,True,,,1.0,False
gyrB|p.Asp461Asn,pncA|c.64delA,gyrB,p.Asp461Asn,pncA,c.64delA,levofloxacin;moxifloxacin,pyrazinamide,cross_class,1,2,0,1,2,60,0.0,1.0,True,,,1.0,False
gyrB|p.Asp461Asn,pncA|c.375_389delCGATGAGGTCGATGT,gyrB,p.Asp461Asn,pncA,c.375_389delCGATGAGGTCGATGT,levofloxacin;moxifloxacin,pyrazinamide,cross_class,1,20,1,0,19,43,inf,0.31746031746031744,True,lineage1,100.0,1.0,False
gyrB|p.Asp461Asn,mmpR5|c.32_33insT,gyrB,p.Asp461Asn,mmpR5,c.32_33insT,levofloxacin;moxifloxacin,bedaquiline;clofazimine,cross_class,1,2,0,1,2,60,0.0,1.0,True,,,1.0,False
gyrB|p.Asp461Asn,mmpR5|c.244_245dupCG,gyrB,p.Asp461Asn,mmpR5,c.244_245dupCG,levofloxacin;moxifloxacin,bedaquiline;clofazimine,cross_class,1,1,0,1,1,61,0.0,1.0,True,,,1.0,False
gyrB|p.Asp461Asn,mmpR5|c.198dupG,gyrB,p.Asp461Asn,mmpR5,c.198dupG,levofloxacin;moxifloxacin,bedaquiline;clofazimine,cross_class,1,2,0,1,2,60,0.0,1.0,True,,,1.0,False
gyrB|p.Asp461Asn,mmpR5|c.198delG,gyrB,p.Asp461Asn,mmpR5,c.198delG,levofloxacin;moxifloxacin,bedaquiline;clofazimine,cross_class,1,1,0,1,1,61,0.0,1.0,True,,,1.0,False
gyrB|p.Asp461Asn,mmpR5|c.144dupC,gyrB,p.Asp461Asn,mmpR5,c.144dupC,levofloxacin;moxifloxacin,bedaquiline;clofazimine,cross_class,1,4,0,1,4,58,0.0,1.0,True,,,1.0,False
gyrB|p.Asp461Asn,mmpR5|c.139dupG,gyrB,p.Asp461Asn,mmpR5,c.139dupG,levofloxacin;moxifloxacin,bedaquiline;clofazimine,cross_class,1,1,0,1,1,61,0.0,1.0,True,,,1.0,False
gyrB|p.Asp461Asn,mmpR5|c.138_139delTG,gyrB,p.Asp461Asn,mmpR5,c.138_139delTG,levofloxacin;moxifloxacin,bedaquiline;clofazimine,cross_class,1,7,0,1,7,55,0.0,1.0,True,,,1.0,False
gyrB|p.Asp461Asn,mmpR5|c.137dupG,gyrB,p.Asp461Asn,mmpR5,c.137dupG,levofloxacin;moxifloxacin,bedaquiline;clofazimine,cross_class,1,1,0,1,1,61,0.0,1.0,True,,,1.0,False
gyrB|p.Asp461Asn,katG|p.Ser315Thr,gyrB,p.Asp461Asn,katG,p.Ser315Thr,levofloxacin;moxifloxacin,isoniazid,cross_class,1,26,1,0,25,37,inf,0.41269841269841273,True,lineage1,100.0,1.0,False
gyrB|p.Asp461Asn,inhA|c.-154G>A,gyrB,p.Asp461Asn,inhA,c.-154G>A,levofloxacin;moxifloxacin,ethionamide;isoniazid;prothionamide,cross_class,1,27,0,1,27,35,0.0,1.0,True,,,1.0,False
gyrB|p.Asp461Asn,gyrB|p.Glu501Asp,gyrB,p.Asp461Asn,gyrB,p.Glu501Asp,levofloxacin;moxifloxacin,levofloxacin;moxifloxacin,within_class,1,1,0,1,1,61,0.0,1.0,True,,,1.0,False
gyrB|p.Glu501Asp,pncA|c.64delA,gyrB,p.Glu501Asp,pncA,c.64delA,levofloxacin;moxifloxacin,pyrazinamide,cross_class,1,2,0,1,2,60,0.0,1.0,True,,,1.0,False
gyrB|p.Glu501Asp,pncA|c.375_389delCGATGAGGTCGATGT,gyrB,p.Glu501Asp,pncA,c.375_389delCGATGAGGTCGATGT,levofloxacin;moxifloxacin,pyrazinamide,cross_class,1,20,0,1,20,42,0.0,1.0,True,,,1.0,False
gyrB|p.Glu501Asp,mmpR5|c.32_33insT,gyrB,p.Glu501Asp,mmpR5,c.32_33insT,levofloxacin;moxifloxacin,bedaquiline;clofazimine,cross_class,1,2,0,1,2,60,0.0,1.0,True,,,1.0,False
gyrB|p.Glu501Asp,mmpR5|c.244_245dupCG,gyrB,p.Glu501Asp,mmpR5,c.244_245dupCG,levofloxacin;moxifloxacin,bedaquiline;clofazimine,cross_class,1,1,0,1,1,61,0.0,1.0,True,,,1.0,False
gyrB|p.Glu501Asp,mmpR5|c.198dupG,gyrB,p.Glu501Asp,mmpR5,c.198dupG,levofloxacin;moxifloxacin,bedaquiline;clofazimine,cross_class,1,2,0,1,2,60,0.0,1.0,True,,,1.0,False
gyrB|p.Glu501Asp,mmpR5|c.198delG,gyrB,p.Glu501Asp,mmpR5,c.198delG,levofloxacin;moxifloxacin,bedaquiline;clofazimine,cross_class,1,1,0,1,1,61,0.0,1.0,True,,,1.0,False
gyrB|p.Glu501Asp,mmpR5|c.144dupC,gyrB,p.Glu501Asp,mmpR5,c.144dupC,levofloxacin;moxifloxacin,bedaquiline;clofazimine,cross_class,1,4,0,1,4,58,0.0,1.0,True,,,1.0,False
gyrB|p.Glu501Asp,mmpR5|c.139dupG,gyrB,p.Glu501Asp,mmpR5,c.139dupG,levofloxacin;moxifloxacin,bedaquiline;clofazimine,cross_class,1,1,0,1,1,61,0.0,1.0,True,,,1.0,False
gyrB|p.Glu501Asp,mmpR5|c.138_139delTG,gyrB,p.Glu501Asp,mmpR5,c.138_139delTG,levofloxacin;moxifloxacin,bedaquiline;clofazimine,cross_class,1,7,0,1,7,55,0.0,1.0,True,,,1.0,False
gyrB|p.Glu501Asp,mmpR5|c.137dupG,gyrB,p.Glu501Asp,mmpR5,c.137dupG,levofloxacin;moxifloxacin,bedaquiline;clofazimine,cross_class,1,1,0,1,1,61,0.0,1.0,True,,,1.0,False
gyrB|p.Glu501Asp,katG|p.Ser315Thr,gyrB,p.Glu501Asp,katG,p.Ser315Thr,levofloxacin;moxifloxacin,isoniazid,cross_class,1,26,0,1,26,36,0.0,1.0,True,,,1.0,False
gyrB|p.Glu501Asp,inhA|c.-154G>A,gyrB,p.Glu501Asp,inhA,c.-154G>A,levofloxacin;moxifloxacin,ethionamide;isoniazid;prothionamide,cross_class,1,27,1,0,26,36,inf,0.42857142857142855,True,lineage1,100.0,1.0,False
gyrB|p.Asp461Asn,rrs|n.517C>T,gyrB,p.Asp461Asn,rrs,n.517C>T,levofloxacin;moxifloxacin,streptomycin,cross_class,1,46,1,0,45,17,inf,1.0,True,lineage1,100.0,1.0,False
gyrB|p.Asp461Asn,rpoB|p.Ser450Leu,gyrB,p.Asp461Asn,rpoB,p.Ser450Leu,levofloxacin;moxifloxacin,rifampicin;rifapentine,cross_class,1,28,0,1,28,34,0.0,1.0,True,,,1.0,False
gyrB|p.Asp461Asn,rpoB|p.Leu452Pro,gyrB,p.Asp461Asn,rpoB,p.Leu452Pro,levofloxacin;moxifloxacin,rifampicin;rifapentine,cross_class,1,4,0,1,4,58,0.0,1.0,True,,,1.0,False
gyrB|p.Asp461Asn,rpoB|p.Leu430Pro,gyrB,p.Asp461Asn,rpoB,p.Leu430Pro,levofloxacin;moxifloxacin,rifampicin;rifapentine,cross_class,1,3,0,1,3,59,0.0,1.0,True,,,1.0,False
inhA|c.-154G>A,mmpR5|c.32_33insT,inhA,c.-154G>A,mmpR5,c.32_33insT,ethionamide;isoniazid;prothionamide,bedaquiline;clofazimine,cross_class,27,2,0,27,2,34,0.0,0.5023041474654378,True,,,1.0,False
inhA|c.-154G>A,mmpR5|c.244_245dupCG,inhA,c.-154G>A,mmpR5,c.244_245dupCG,ethionamide;isoniazid;prothionamide,bedaquiline;clofazimine,cross_class,27,1,0,27,1,35,0.0,1.0,True,,,1.0,False
inhA|c.-154G>A,mmpR5|c.198dupG,inhA,c.-154G>A,mmpR5,c.198dupG,ethionamide;isoniazid;prothionamide,bedaquiline;clofazimine,cross_class,27,2,0,27,2,34,0.0,0.5023041474654378,True,,,1.0,False
inhA|c.-154G>A,mmpR5|c.198delG,inhA,c.-154G>A,mmpR5,c.198delG,ethionamide;isoniazid;prothionamide,bedaquiline;clofazimine,cross_class,27,1,0,27,1,35,0.0,1.0,True,,,1.0,False
inhA|c.-154G>A,mmpR5|c.144dupC,inhA,c.-154G>A,mmpR5,c.144dupC,ethionamide;isoniazid;prothionamide,bedaquiline;clofazimine,cross_class,27,4,2,25,2,34,1.36,1.0,True,lineage1,100.0,1.0,False
inhA|c.-154G>A,mmpR5|c.139dupG,inhA,c.-154G>A,mmpR5,c.139dupG,ethionamide;isoniazid;prothionamide,bedaquiline;clofazimine,cross_class,27,1,1,26,0,36,inf,0.42857142857142855,True,lineage1,100.0,1.0,False
inhA|c.-154G>A,mmpR5|c.137dupG,inhA,c.-154G>A,mmpR5,c.137dupG,ethionamide;isoniazid;prothionamide,bedaquiline;clofazimine,cross_class,27,1,1,26,0,36,inf,0.42857142857142855,True,lineage1,100.0,1.0,False
gyrB|p.Glu501Asp,rrs|n.517C>T,gyrB,p.Glu501Asp,rrs,n.517C>T,levofloxacin;moxifloxacin,streptomycin,cross_class,1,46,1,0,45,17,inf,1.0,True,lineage1,100.0,1.0,False
gyrB|p.Glu501Asp,rpoB|p.Ser450Leu,gyrB,p.Glu501Asp,rpoB,p.Ser450Leu,levofloxacin;moxifloxacin,rifampicin;rifapentine,cross_class,1,28,1,0,27,35,inf,0.4444444444444445,True,lineage1,100.0,1.0,False
gyrB|p.Glu501Asp,rpoB|p.Leu452Pro,gyrB,p.Glu501Asp,rpoB,p.Leu452Pro,levofloxacin;moxifloxacin,rifampicin;rifapentine,cross_class,1,4,0,1,4,58,0.0,1.0,True,,,1.0,False
gyrB|p.Glu501Asp,rpoB|p.Leu430Pro,gyrB,p.Glu501Asp,rpoB,p.Leu430Pro,levofloxacin;moxifloxacin,rifampicin;rifapentine,cross_class,1,3,0,1,3,59,0.0,1.0,True,,,1.0,False
gyrB|p.Glu501Asp,rpoB|p.His445Leu,gyrB,p.Glu501Asp,rpoB,p.His445Leu,levofloxacin;moxifloxacin,rifampicin;rifapentine,cross_class,1,20,0,1,20,42,0.0,1.0,True,,,1.0,False
gyrB|p.Glu501Asp,rpoB|p.His445Asp,gyrB,p.Glu501Asp,rpoB,p.His445Asp,levofloxacin;moxifloxacin,rifampicin;rifapentine,cross_class,1,1,0,1,1,61,0.0,1.0,True,,,1.0,False
gyrB|p.Glu501Asp,pncA|p.Gly97Asp,gyrB,p.Glu501Asp,pncA,p.Gly97Asp,levofloxacin;moxifloxacin,pyrazinamide,cross_class,1,26,1,0,25,37,inf,0.41269841269841273,True,lineage1,100.0,1.0,False
embB|p.Gln497Arg,gyrB|p.Glu501Asp,embB,p.Gln497Arg,gyrB,p.Glu501Asp,ethambutol,levofloxacin;moxifloxacin,cross_class,20,1,0,20,1,42,0.0,1.0,True,,,1.0,False
embB|p.Gln497Arg,gyrB|p.Asp461Asn,embB,p.Gln497Arg,gyrB,p.Asp461Asn,ethambutol,levofloxacin;moxifloxacin,cross_class,20,1,1,19,0,43,inf,0.31746031746031755,True,lineage1,100.0,1.0,False
embB|p.Gln497Arg,ethA|c.1143dupC,embB,p.Gln497Arg,ethA,c.1143dupC,ethambutol,ethionamide;prothionamide,cross_class,20,1,0,20,1,42,0.0,1.0,True,,,1.0,False
embB|p.Gln497Arg,embB|p.Met306Ile,embB,p.Gln497Arg,embB,p.Met306Ile,ethambutol,ethambutol,within_class,20,3,0,20,3,40,0.0,0.545214172395558,True,,,1.0,False
eis|c.-10G>A,rrs|n.517C>T,eis,c.-10G>A,rrs,n.517C>T,kanamycin,streptomycin,cross_class,1,46,1,0,45,17,inf,1.0,True,lineage1,100.0,1.0,False
eis|c.-10G>A,rpoB|p.Ser450Leu,eis,c.-10G>A,rpoB,p.Ser450Leu,kanamycin,rifampicin;rifapentine,cross_class,1,28,1,0,27,35,inf,0.4444444444444445,True,lineage1,100.0,1.0,False
eis|c.-10G>A,rpoB|p.Leu452Pro,eis,c.-10G>A,rpoB,p.Leu452Pro,kanamycin,rifampicin;rifapentine,cross_class,1,4,0,1,4,58,0.0,1.0,True,,,1.0,False
eis|c.-10G>A,rpoB|p.Leu430Pro,eis,c.-10G>A,rpoB,p.Leu430Pro,kanamycin,rifampicin;rifapentine,cross_class,1,3,0,1,3,59,0.0,1.0,True,,,1.0,False
eis|c.-10G>A,rpoB|p.His445Leu,eis,c.-10G>A,rpoB,p.His445Leu,kanamycin,rifampicin;rifapentine,cross_class,1,20,0,1,20,42,0.0,1.0,True,,,1.0,False
eis|c.-10G>A,rpoB|p.His445Asp,eis,c.-10G>A,rpoB,p.His445Asp,kanamycin,rifampicin;rifapentine,cross_class,1,1,0,1,1,61,0.0,1.0,True,,,1.0,False
eis|c.-10G>A,pncA|p.Gly97Asp,eis,c.-10G>A,pncA,p.Gly97Asp,kanamycin,pyrazinamide,cross_class,1,26,1,0,25,37,inf,0.41269841269841273,True,lineage1,100.0,1.0,False
eis|c.-10G>A,pncA|c.64delA,eis,c.-10G>A,pncA,c.64delA,kanamycin,pyrazinamide,cross_class,1,2,0,1,2,60,0.0,1.0,True,,,1.0,False
katG|p.Ser315Thr,mmpR5|c.244_245dupCG,katG,p.Ser315Thr,mmpR5,c.244_245dupCG,isoniazid,bedaquiline;clofazimine,cross_class,26,1,1,25,0,37,inf,0.41269841269841284,True,lineage1,100.0,1.0,False
katG|p.Ser315Thr,mmpR5|c.198delG,katG,p.Ser315Thr,mmpR5,c.198delG,isoniazid,bedaquiline;clofazimine,cross_class,26,1,1,25,0,37,inf,0.41269841269841284,True,lineage1,100.0,1.0,False
katG|p.Ser315Thr,mmpR5|c.139dupG,katG,p.Ser315Thr,mmpR5,c.139dupG,isoniazid,bedaquiline;clofazimine,cross_class,26,1,0,26,1,36,0.0,1.0,True,,,1.0,False
katG|p.Ser315Thr,mmpR5|c.137dupG,katG,p.Ser315Thr,mmpR5,c.137dupG,isoniazid,bedaquiline;clofazimine,cross_class,26,1,0,26,1,36,0.0,1.0,True,,,1.0,False
inhA|c.-154G>A,rpoB|p.Leu430Pro,inhA,c.-154G>A,rpoB,p.Leu430Pro,ethionamide;isoniazid;prothionamide,rifampicin;rifapentine,cross_class,27,3,1,26,2,34,0.6538461538461539,1.0,True,lineage1,100.0,1.0,False
inhA|c.-154G>A,rpoB|p.His445Asp,inhA,c.-154G>A,rpoB,p.His445Asp,ethionamide;isoniazid;prothionamide,rifampicin;rifapentine,cross_class,27,1,0,27,1,35,0.0,1.0,True,,,1.0,False
inhA|c.-154G>A,pncA|c.64delA,inhA,c.-154G>A,pncA,c.64delA,ethionamide;isoniazid;prothionamide,pyrazinamide,cross_class,27,2,0,27,2,34,0.0,0.5023041474654378,True,,,1.0,False
mmpR5|c.137dupG,mmpR5|c.244_245dupCG,mmpR5,c.137dupG,mmpR5,c.244_245dupCG,bedaquiline;clofazimine,bedaquiline;clofazimine,within_class,1,1,0,1,1,61,0.0,1.0,True,,,1.0,False
mmpR5|c.137dupG,mmpR5|c.198dupG,mmpR5,c.137dupG,mmpR5,c.198dupG,bedaquiline;clofazimine,bedaquiline;clofazimine,within_class,1,2,0,1,2,60,0.0,1.0,True,,,1.0,False
mmpR5|c.137dupG,mmpR5|c.198delG,mmpR5,c.137dupG,mmpR5,c.198delG,bedaquiline;clofazimine,bedaquiline;clofazimine,within_class,1,1,0,1,1,61,0.0,1.0,True,,,1.0,False
mmpR5|c.137dupG,mmpR5|c.144dupC,mmpR5,c.137dupG,mmpR5,c.144dupC,bedaquiline;clofazimine,bedaquiline;clofazimine,within_class,1,4,0,1,4,58,0.0,1.0,True,,,1.0,False
mmpR5|c.137dupG,mmpR5|c.139dupG,mmpR5,c.137dupG,mmpR5,c.139dupG,bedaquiline;clofazimine,bedaquiline;clofazimine,within_class,1,1,0,1,1,61,0.0,1.0,True,,,1.0,False
mmpR5|c.137dupG,mmpR5|c.138_139delTG,mmpR5,c.137dupG,mmpR5,c.138_139delTG,bedaquiline;clofazimine,bedaquiline;clofazimine,within_class,1,7,0,1,7,55,0.0,1.0,True,,,1.0,False
katG|p.Ser315Thr,rrs|n.517C>T,katG,p.Ser315Thr,rrs,n.517C>T,isoniazid,streptomycin,cross_class,26,46,20,6,26,11,1.4102564102564104,0.7738033320791464,False,lineage1,100.0,1.0,False
katG|p.Ser315Thr,rpoB|p.Leu452Pro,katG,p.Ser315Thr,rpoB,p.Leu452Pro,isoniazid,rifampicin;rifapentine,cross_class,26,4,3,23,1,36,4.695652173913044,0.297474251466848,True,lineage1,100.0,1.0,False
katG|p.Ser315Thr,rpoB|p.Leu430Pro,katG,p.Ser315Thr,rpoB,p.Leu430Pro,isoniazid,rifampicin;rifapentine,cross_class,26,3,0,26,3,34,0.0,0.261136712749616,True,,,1.0,False
katG|p.Ser315Thr,rpoB|p.His445Asp,katG,p.Ser315Thr,rpoB,p.His445Asp,isoniazid,rifampicin;rifapentine,cross_class,26,1,0,26,1,36,0.0,1.0,True,,,1.0,False
katG|p.Ser315Thr,mmpR5|c.32_33insT,katG,p.Ser315Thr,mmpR5,c.32_33insT,isoniazid,bedaquiline;clofazimine,cross_class,26,2,0,26,2,35,0.0,0.5074244751664108,True,,,1.0,False
mmpR5|c.138_139delTG,mmpR5|c.32_33insT,mmpR5,c.138_139delTG,mmpR5,c.32_33insT,bedaquiline;clofazimine,bedaquiline;clofazimine,within_class,7,2,0,7,2,54,0.0,1.0,True,,,1.0,False
mmpR5|c.138_139delTG,mmpR5|c.244_245dupCG,mmpR5,c.138_139delTG,mmpR5,c.244_245dupCG,bedaquiline;clofazimine,bedaquiline;clofazimine,within_class,7,1,0,7,1,55,0.0,1.0,True,,,1.0,False
mmpR5|c.138_139delTG,mmpR5|c.198dupG,mmpR5,c.138_139delTG,mmpR5,c.198dupG,bedaquiline;clofazimine,bedaquiline;clofazimine,within_class,7,2,0,7,2,54,0.0,1.0,True,,,1.0,False
mmpR5|c.138_139delTG,mmpR5|c.198delG,mmpR5,c.138_139delTG,mmpR5,c.198delG,bedaquiline;clofazimine,bedaquiline;clofazimine,within_class,7,1,0,7,1,55,0.0,1.0,True,,,1.0,False
mmpR5|c.138_139delTG,mmpR5|c.144dupC,mmpR5,c.138_139delTG,mmpR5,c.144dupC,bedaquiline;clofazimine,bedaquiline;clofazimine,within_class,7,4,0,7,4,52,0.0,1.0,True,,,1.0,False
mmpR5|c.138_139delTG,mmpR5|c.139dupG,mmpR5,c.138_139delTG,mmpR5,c.139dupG,bedaquiline;clofazimine,bedaquiline;clofazimine,within_class,7,1,0,7,1,55,0.0,1.0,True,,,1.0,False
mmpR5|c.137dupG,rrs|n.517C>T,mmpR5,c.137dupG,rrs,n.517C>T,bedaquiline;clofazimine,streptomycin,cross_class,1,46,1,0,45,17,inf,1.0,True,lineage1,100.0,1.0,False
mmpR5|c.137dupG,rpoB|p.Ser450Leu,mmpR5,c.137dupG,rpoB,p.Ser450Leu,bedaquiline;clofazimine,rifampicin;rifapentine,cross_class,1,28,1,0,27,35,inf,0.4444444444444445,True,lineage1,100.0,1.0,False
mmpR5|c.137dupG,rpoB|p.Leu452Pro,mmpR5,c.137dupG,rpoB,p.Leu452Pro,bedaquiline;clofazimine,rifampicin;rifapentine,cross_class,1,4,0,1,4,58,0.0,1.0,True,,,1.0,False
mmpR5|c.137dupG,rpoB|p.Leu430Pro,mmpR5,c.137dupG,rpoB,p.Leu430Pro,bedaquiline;clofazimine,rifampicin;rifapentine,cross_class,1,3,0,1,3,59,0.0,1.0,True,,,1.0,False
mmpR5|c.137dupG,rpoB|p.His445Leu,mmpR5,c.137dupG,rpoB,p.His445Leu,bedaquiline;clofazimine,rifampicin;rifapentine,cross_class,1,20,0,1,20,42,0.0,1.0,True,,,1.0,False
mmpR5|c.137dupG,rpoB|p.His445Asp,mmpR5,c.137dupG,rpoB,p.His445Asp,bedaquiline;clofazimine,rifampicin;rifapentine,cross_class,1,1,0,1,1,61,0.0,1.0,True,,,1.0,False
mmpR5|c.137dupG,pncA|p.Gly97Asp,mmpR5,c.137dupG,pncA,p.Gly97Asp,bedaquiline;clofazimine,pyrazinamide,cross_class,1,26,1,0,25,37,inf,0.41269841269841273,True,lineage1,100.0,1.0,False
mmpR5|c.137dupG,pncA|c.64delA,mmpR5,c.137dupG,pncA,c.64delA,bedaquiline;clofazimine,pyrazinamide,cross_class,1,2,0,1,2,60,0.0,1.0,True,,,1.0,False
mmpR5|c.137dupG,pncA|c.375_389delCGATGAGGTCGATGT,mmpR5,c.137dupG,pncA,c.375_389delCGATGAGGTCGATGT,bedaquiline;clofazimine,pyrazinamide,cross_class,1,20,0,1,20,42,0.0,1.0,True,,,1.0,False
mmpR5|c.137dupG,mmpR5|c.32_33insT,mmpR5,c.137dupG,mmpR5,c.32_33insT,bedaquiline;clofazimine,bedaquiline;clofazimine,within_class,1,2,0,1,2,60,0.0,1.0,True,,,1.0,False
eis|c.-10G>A,pncA|c.375_389delCGATGAGGTCGATGT,eis,c.-10G>A,pncA,c.375_389delCGATGAGGTCGATGT,kanamycin,pyrazinamide,cross_class,1,20,0,1,20,42,0.0,1.0,True,,,1.0,False
eis|c.-10G>A,mmpR5|c.32_33insT,eis,c.-10G>A,mmpR5,c.32_33insT,kanamycin,bedaquiline;clofazimine,cross_class,1,2,0,1,2,60,0.0,1.0,True,,,1.0,False
eis|c.-10G>A,mmpR5|c.244_245dupCG,eis,c.-10G>A,mmpR5,c.244_245dupCG,kanamycin,bedaquiline;clofazimine,cross_class,1,1,0,1,1,61,0.0,1.0,True,,,1.0,False
eis|c.-10G>A,mmpR5|c.198dupG,eis,c.-10G>A,mmpR5,c.198dupG,kanamycin,bedaquiline;clofazimine,cross_class,1,2,0,1,2,60,0.0,1.0,True,,,1.0,False
eis|c.-10G>A,mmpR5|c.198delG,eis,c.-10G>A,mmpR5,c.198delG,kanamycin,bedaquiline;clofazimine,cross_class,1,1,0,1,1,61,0.0,1.0,True,,,1.0,False
eis|c.-10G>A,mmpR5|c.144dupC,eis,c.-10G>A,mmpR5,c.144dupC,kanamycin,bedaquiline;clofazimine,cross_class,1,4,0,1,4,58,0.0,1.0,True,,,1.0,False
eis|c.-10G>A,mmpR5|c.139dupG,eis,c.-10G>A,mmpR5,c.139dupG,kanamycin,bedaquiline;clofazimine,cross_class,1,1,0,1,1,61,0.0,1.0,True,,,1.0,False
eis|c.-10G>A,mmpR5|c.138_139delTG,eis,c.-10G>A,mmpR5,c.138_139delTG,kanamycin,bedaquiline;clofazimine,cross_class,1,7,0,1,7,55,0.0,1.0,True,,,1.0,False
eis|c.-10G>A,mmpR5|c.137dupG,eis,c.-10G>A,mmpR5,c.137dupG,kanamycin,bedaquiline;clofazimine,cross_class,1,1,0,1,1,61,0.0,1.0,True,,,1.0,False
eis|c.-10G>A,katG|p.Ser315Thr,eis,c.-10G>A,katG,p.Ser315Thr,kanamycin,isoniazid,cross_class,1,26,0,1,26,36,0.0,1.0,True,,,1.0,False
eis|c.-10G>A,inhA|c.-154G>A,eis,c.-10G>A,inhA,c.-154G>A,kanamycin,ethionamide;isoniazid;prothionamide,cross_class,1,27,1,0,26,36,inf,0.42857142857142855,True,lineage1,100.0,1.0,False
eis|c.-10G>A,gyrB|p.Glu501Asp,eis,c.-10G>A,gyrB,p.Glu501Asp,kanamycin,levofloxacin;moxifloxacin,cross_class,1,1,0,1,1,61,0.0,1.0,True,,,1.0,False
eis|c.-10G>A,gyrB|p.Asp461Asn,eis,c.-10G>A,gyrB,p.Asp461Asn,kanamycin,levofloxacin;moxifloxacin,cross_class,1,1,0,1,1,61,0.0,1.0,True,,,1.0,False
eis|c.-10G>A,gyrA|p.Gly88Ala,eis,c.-10G>A,gyrA,p.Gly88Ala,kanamycin,levofloxacin;moxifloxacin,cross_class,1,6,0,1,6,56,0.0,1.0,True,,,1.0,False
eis|c.-10G>A,gyrA|p.Asp94Gly,eis,c.-10G>A,gyrA,p.Asp94Gly,kanamycin,levofloxacin;moxifloxacin,cross_class,1,8,0,1,8,54,0.0,1.0,True,,,1.0,False
eis|c.-10G>A,gyrA|p.Ala90Val,eis,c.-10G>A,gyrA,p.Ala90Val,kanamycin,levofloxacin;moxifloxacin,cross_class,1,18,0,1,18,44,0.0,1.0,True,,,1.0,False
mmpR5|c.139dupG,pncA|c.64delA,mmpR5,c.139dupG,pncA,c.64delA,bedaquiline;clofazimine,pyrazinamide,cross_class,1,2,0,1,2,60,0.0,1.0,True,,,1.0,False
mmpR5|c.139dupG,pncA|c.375_389delCGATGAGGTCGATGT,mmpR5,c.139dupG,pncA,c.375_389delCGATGAGGTCGATGT,bedaquiline;clofazimine,pyrazinamide,cross_class,1,20,0,1,20,42,0.0,1.0,True,,,1.0,False
mmpR5|c.139dupG,mmpR5|c.32_33insT,mmpR5,c.139dupG,mmpR5,c.32_33insT,bedaquiline;clofazimine,bedaquiline;clofazimine,within_class,1,2,0,1,2,60,0.0,1.0,True,,,1.0,False
mmpR5|c.139dupG,mmpR5|c.244_245dupCG,mmpR5,c.139dupG,mmpR5,c.244_245dupCG,bedaquiline;clofazimine,bedaquiline;clofazimine,within_class,1,1,0,1,1,61,0.0,1.0,True,,,1.0,False
mmpR5|c.139dupG,mmpR5|c.198dupG,mmpR5,c.139dupG,mmpR5,c.198dupG,bedaquiline;clofazimine,bedaquiline;clofazimine,within_class,1,2,0,1,2,60,0.0,1.0,True,,,1.0,False
mmpR5|c.139dupG,mmpR5|c.198delG,mmpR5,c.139dupG,mmpR5,c.198delG,bedaquiline;clofazimine,bedaquiline;clofazimine,within_class,1,1,0,1,1,61,0.0,1.0,True,,,1.0,False
mmpR5|c.139dupG,mmpR5|c.144dupC,mmpR5,c.139dupG,mmpR5,c.144dupC,bedaquiline;clofazimine,bedaquiline;clofazimine,within_class,1,4,0,1,4,58,0.0,1.0,True,,,1.0,False
mmpR5|c.138_139delTG,rpoB|p.Leu452Pro,mmpR5,c.138_139delTG,rpoB,p.Leu452Pro,bedaquiline;clofazimine,rifampicin;rifapentine,cross_class,7,4,0,7,4,52,0.0,1.0,True,,,1.0,False
mmpR5|c.138_139delTG,rpoB|p.Leu430Pro,mmpR5,c.138_139delTG,rpoB,p.Leu430Pro,bedaquiline;clofazimine,rifampicin;rifapentine,cross_class,7,3,0,7,3,53,0.0,1.0,True,,,1.0,False
mmpR5|c.138_139delTG,rpoB|p.His445Asp,mmpR5,c.138_139delTG,rpoB,p.His445Asp,bedaquiline;clofazimine,rifampicin;rifapentine,cross_class,7,1,0,7,1,55,0.0,1.0,True,,,1.0,False
mmpR5|c.138_139delTG,pncA|c.64delA,mmpR5,c.138_139delTG,pncA,c.64delA,bedaquiline;clofazimine,pyrazinamide,cross_class,7,2,0,7,2,54,0.0,1.0,True,,,1.0,False
mmpR5|c.144dupC,rpoB|p.His445Leu,mmpR5,c.144dupC,rpoB,p.His445Leu,bedaquiline;clofazimine,rifampicin;rifapentine,cross_class,4,20,0,4,20,39,0.0,0.29760855514425044,True,,,1.0,False
mmpR5|c.144dupC,rpoB|p.His445Asp,mmpR5,c.144dupC,rpoB,p.His445Asp,bedaquiline;clofazimine,rifampicin;rifapentine,cross_class,4,1,0,4,1,58,0.0,1.0,True,,,1.0,False
mmpR5|c.144dupC,pncA|p.Gly97Asp,mmpR5,c.144dupC,pncA,p.Gly97Asp,bedaquiline;clofazimine,pyrazinamide,cross_class,4,26,2,2,24,35,1.4583333333333333,1.0,True,lineage1,100.0,1.0,False
mmpR5|c.144dupC,pncA|c.64delA,mmpR5,c.144dupC,pncA,c.64delA,bedaquiline;clofazimine,pyrazinamide,cross_class,4,2,0,4,2,57,0.0,1.0,True,,,1.0,False
mmpR5|c.144dupC,pncA|c.375_389delCGATGAGGTCGATGT,mmpR5,c.144dupC,pncA,c.375_389delCGATGAGGTCGATGT,bedaquiline;clofazimine,pyrazinamide,cross_class,4,20,0,4,20,39,0.0,0.29760855514425044,True,,,1.0,False
mmpR5|c.144dupC,mmpR5|c.244_245dupCG,mmpR5,c.144dupC,mmpR5,c.244_245dupCG,bedaquiline;clofazimine,bedaquiline;clofazimine,within_class,4,1,0,4,1,58,0.0,1.0,True,,,1.0,False
mmpR5|c.144dupC,mmpR5|c.198dupG,mmpR5,c.144dupC,mmpR5,c.198dupG,bedaquiline;clofazimine,bedaquiline;clofazimine,within_class,4,2,0,4,2,57,0.0,1.0,True,,,1.0,False
mmpR5|c.144dupC,mmpR5|c.198delG,mmpR5,c.144dupC,mmpR5,c.198delG,bedaquiline;clofazimine,bedaquiline;clofazimine,within_class,4,1,0,4,1,58,0.0,1.0,True,,,1.0,False
mmpR5|c.139dupG,rrs|n.517C>T,mmpR5,c.139dupG,rrs,n.517C>T,bedaquiline;clofazimine,streptomycin,cross_class,1,46,0,1,46,16,0.0,0.2698412698412699,True,,,1.0,False
mmpR5|c.139dupG,rpoB|p.Ser450Leu,mmpR5,c.139dupG,rpoB,p.Ser450Leu,bedaquiline;clofazimine,rifampicin;rifapentine,cross_class,1,28,0,1,28,34,0.0,1.0,True,,,1.0,False
mmpR5|c.139dupG,rpoB|p.Leu452Pro,mmpR5,c.139dupG,rpoB,p.Leu452Pro,bedaquiline;clofazimine,rifampicin;rifapentine,cross_class,1,4,0,1,4,58,0.0,1.0,True,,,1.0,False
mmpR5|c.139dupG,rpoB|p.His445Leu,mmpR5,c.139dupG,rpoB,p.His445Leu,bedaquiline;clofazimine,rifampicin;rifapentine,cross_class,1,20,0,1,20,42,0.0,1.0,True,,,1.0,False
mmpR5|c.139dupG,rpoB|p.His445Asp,mmpR5,c.139dupG,rpoB,p.His445Asp,bedaquiline;clofazimine,rifampicin;rifapentine,cross_class,1,1,0,1,1,61,0.0,1.0,True,,,1.0,False
mmpR5|c.139dupG,pncA|p.Gly97Asp,mmpR5,c.139dupG,pncA,p.Gly97Asp,bedaquiline;clofazimine,pyrazinamide,cross_class,1,26,0,1,26,36,0.0,1.0,True,,,1.0,False
mmpR5|c.198delG,rrs|n.517C>T,mmpR5,c.198delG,rrs,n.517C>T,bedaquiline;clofazimine,streptomycin,cross_class,1,46,0,1,46,16,0.0,0.2698412698412699,True,,,1.0,False
mmpR5|c.198delG,rpoB|p.Ser450Leu,mmpR5,c.198delG,rpoB,p.Ser450Leu,bedaquiline;clofazimine,rifampicin;rifapentine,cross_class,1,28,0,1,28,34,0.0,1.0,True,,,1.0,False
mmpR5|c.198delG,rpoB|p.Leu452Pro,mmpR5,c.198delG,rpoB,p.Leu452Pro,bedaquiline;clofazimine,rifampicin;rifapentine,cross_class,1,4,0,1,4,58,0.0,1.0,True,,,1.0,False
mmpR5|c.198delG,rpoB|p.Leu430Pro,mmpR5,c.198delG,rpoB,p.Leu430Pro,bedaquiline;clofazimine,rifampicin;rifapentine,cross_class,1,3,0,1,3,59,0.0,1.0,True,,,1.0,False
mmpR5|c.198delG,rpoB|p.His445Leu,mmpR5,c.198delG,rpoB,p.His445Leu,bedaquiline;clofazimine,rifampicin;rifapentine,cross_class,1,20,0,1,20,42,0.0,1.0,True,,,1.0,False
mmpR5|c.198delG,rpoB|p.His445Asp,mmpR5,c.198delG,rpoB,p.His445Asp,bedaquiline;clofazimine,rifampicin;rifapentine,cross_class,1,1,0,1,1,61,0.0,1.0,True,,,1.0,False
mmpR5|c.198delG,pncA|p.Gly97Asp,mmpR5,c.198delG,pncA,p.Gly97Asp,bedaquiline;clofazimine,pyrazinamide,cross_class,1,26,0,1,26,36,0.0,1.0,True,,,1.0,False
mmpR5|c.198delG,pncA|c.375_389delCGATGAGGTCGATGT,mmpR5,c.198delG,pncA,c.375_389delCGATGAGGTCGATGT,bedaquiline;clofazimine,pyrazinamide,cross_class,1,20,0,1,20,42,0.0,1.0,True,,,1.0,False
mmpR5|c.198delG,mmpR5|c.32_33insT,mmpR5,c.198delG,mmpR5,c.32_33insT,bedaquiline;clofazimine,bedaquiline;clofazimine,within_class,1,2,0,1,2,60,0.0,1.0,True,,,1.0,False
mmpR5|c.198delG,mmpR5|c.244_245dupCG,mmpR5,c.198delG,mmpR5,c.244_245dupCG,bedaquiline;clofazimine,bedaquiline;clofazimine,within_class,1,1,0,1,1,61,0.0,1.0,True,,,1.0,False
mmpR5|c.198delG,mmpR5|c.198dupG,mmpR5,c.198delG,mmpR5,c.198dupG,bedaquiline;clofazimine,bedaquiline;clofazimine,within_class,1,2,0,1,2,60,0.0,1.0,True,,,1.0,False
mmpR5|c.144dupC,rrs|n.517C>T,mmpR5,c.144dupC,rrs,n.517C>T,bedaquiline;clofazimine,streptomycin,cross_class,4,46,2,2,44,15,0.3409090909090909,0.2928155926569464,True,lineage1,100.0,1.0,False
mmpR5|c.144dupC,rpoB|p.Ser450Leu,mmpR5,c.144dupC,rpoB,p.Ser450Leu,bedaquiline;clofazimine,rifampicin;rifapentine,cross_class,4,28,2,2,26,33,1.2692307692307692,1.0,True,lineage1,100.0,1.0,False
mmpR5|c.144dupC,rpoB|p.Leu452Pro,mmpR5,c.144dupC,rpoB,p.Leu452Pro,bedaquiline;clofazimine,rifampicin;rifapentine,cross_class,4,4,0,4,4,55,0.0,1.0,True,,,1.0,False
mmpR5|c.244_245dupCG,rpoB|p.His445Asp,mmpR5,c.244_245dupCG,rpoB,p.His445Asp,bedaquiline;clofazimine,rifampicin;rifapentine,cross_class,1,1,0,1,1,61,0.0,1.0,True,,,1.0,False
mmpR5|c.244_245dupCG,pncA|p.Gly97Asp,mmpR5,c.244_245dupCG,pncA,p.Gly97Asp,bedaquiline;clofazimine,pyrazinamide,cross_class,1,26,0,1,26,36,0.0,1.0,True,,,1.0,False
mmpR5|c.244_245dupCG,pncA|c.64delA,mmpR5,c.244_245dupCG,pncA,c.64delA,bedaquiline;clofazimine,pyrazinamide,cross_class,1,2,0,1,2,60,0.0,1.0,True,,,1.0,False
mmpR5|c.244_245dupCG,pncA|c.375_389delCGATGAGGTCGATGT,mmpR5,c.244_245dupCG,pncA,c.375_389delCGATGAGGTCGATGT,bedaquiline;clofazimine,pyrazinamide,cross_class,1,20,1,0,19,43,inf,0.31746031746031744,True,lineage1,100.0,1.0,False
mmpR5|c.244_245dupCG,mmpR5|c.32_33insT,mmpR5,c.244_245dupCG,mmpR5,c.32_33insT,bedaquiline;clofazimine,bedaquiline;clofazimine,within_class,1,2,0,1,2,60,0.0,1.0,True,,,1.0,False
mmpR5|c.198dupG,rrs|n.517C>T,mmpR5,c.198dupG,rrs,n.517C>T,bedaquiline;clofazimine,streptomycin,cross_class,2,46,2,0,44,17,inf,1.0,True,lineage1,100.0,1.0,False
mmpR5|c.198dupG,rpoB|p.Ser450Leu,mmpR5,c.198dupG,rpoB,p.Ser450Leu,bedaquiline;clofazimine,rifampicin;rifapentine,cross_class,2,28,0,2,28,33,0.0,0.49820788530465954,True,,,1.0,False
mmpR5|c.198dupG,rpoB|p.Leu452Pro,mmpR5,c.198dupG,rpoB,p.Leu452Pro,bedaquiline;clofazimine,rifampicin;rifapentine,cross_class,2,4,0,2,4,57,0.0,1.0,True,,,1.0,False
mmpR5|c.198dupG,rpoB|p.Leu430Pro,mmpR5,c.198dupG,rpoB,p.Leu430Pro,bedaquiline;clofazimine,rifampicin;rifapentine,cross_class,2,3,0,2,3,58,0.0,1.0,True,,,1.0,False
mmpR5|c.198dupG,rpoB|p.His445Asp,mmpR5,c.198dupG,rpoB,p.His445Asp,bedaquiline;clofazimine,rifampicin;rifapentine,cross_class,2,1,0,2,1,60,0.0,1.0,True,,,1.0,False
mmpR5|c.198dupG,pncA|p.Gly97Asp,mmpR5,c.198dupG,pncA,p.Gly97Asp,bedaquiline;clofazimine,pyrazinamide,cross_class,2,26,0,2,26,35,0.0,0.5074244751664108,True,,,1.0,False
mmpR5|c.198dupG,pncA|c.64delA,mmpR5,c.198dupG,pncA,c.64delA,bedaquiline;clofazimine,pyrazinamide,cross_class,2,2,0,2,2,59,0.0,1.0,True,,,1.0,False
mmpR5|c.198dupG,mmpR5|c.32_33insT,mmpR5,c.198dupG,mmpR5,c.32_33insT,bedaquiline;clofazimine,bedaquiline;clofazimine,within_class,2,2,0,2,2,59,0.0,1.0,True,,,1.0,False
mmpR5|c.198dupG,mmpR5|c.244_245dupCG,mmpR5,c.198dupG,mmpR5,c.244_245dupCG,bedaquiline;clofazimine,bedaquiline;clofazimine,within_class,2,1,0,2,1,60,0.0,1.0,True,,,1.0,False
pncA|c.375_389delCGATGAGGTCGATGT,pncA|c.64delA,pncA,c.375_389delCGATGAGGTCGATGT,pncA,c.64delA,pyrazinamide,pyrazinamide,within_class,20,2,0,20,2,41,0.0,1.0,True,,,1.0,False
mmpR5|c.32_33insT,rpoB|p.Ser450Leu,mmpR5,c.32_33insT,rpoB,p.Ser450Leu,bedaquiline;clofazimine,rifampicin;rifapentine,cross_class,2,28,0,2,28,33,0.0,0.49820788530465954,True,,,1.0,False
mmpR5|c.32_33insT,rpoB|p.Leu452Pro,mmpR5,c.32_33insT,rpoB,p.Leu452Pro,bedaquiline;clofazimine,rifampicin;rifapentine,cross_class,2,4,0,2,4,57,0.0,1.0,True,,,1.0,False
mmpR5|c.32_33insT,rpoB|p.His445Leu,mmpR5,c.32_33insT,rpoB,p.His445Leu,bedaquiline;clofazimine,rifampicin;rifapentine,cross_class,2,20,0,2,20,41,0.0,1.0,True,,,1.0,False
mmpR5|c.32_33insT,rpoB|p.His445Asp,mmpR5,c.32_33insT,rpoB,p.His445Asp,bedaquiline;clofazimine,rifampicin;rifapentine,cross_class,2,1,0,2,1,60,0.0,1.0,True,,,1.0,False
mmpR5|c.32_33insT,pncA|p.Gly97Asp,mmpR5,c.32_33insT,pncA,p.Gly97Asp,bedaquiline;clofazimine,pyrazinamide,cross_class,2,26,0,2,26,35,0.0,0.5074244751664108,True,,,1.0,False
mmpR5|c.32_33insT,pncA|c.64delA,mmpR5,c.32_33insT,pncA,c.64delA,bedaquiline;clofazimine,pyrazinamide,cross_class,2,2,0,2,2,59,0.0,1.0,True,,,1.0,False
mmpR5|c.32_33insT,pncA|c.375_389delCGATGAGGTCGATGT,mmpR5,c.32_33insT,pncA,c.375_389delCGATGAGGTCGATGT,bedaquiline;clofazimine,pyrazinamide,cross_class,2,20,0,2,20,41,0.0,1.0,True,,,1.0,False
mmpR5|c.244_245dupCG,rrs|n.517C>T,mmpR5,c.244_245dupCG,rrs,n.517C>T,bedaquiline;clofazimine,streptomycin,cross_class,1,46,1,0,45,17,inf,1.0,True,lineage1,100.0,1.0,False
mmpR5|c.244_245dupCG,rpoB|p.Ser450Leu,mmpR5,c.244_245dupCG,rpoB,p.Ser450Leu,bedaquiline;clofazimine,rifampicin;rifapentine,cross_class,1,28,0,1,28,34,0.0,1.0,True,,,1.0,False
mmpR5|c.244_245dupCG,rpoB|p.Leu452Pro,mmpR5,c.244_245dupCG,rpoB,p.Leu452Pro,bedaquiline;clofazimine,rifampicin;rifapentine,cross_class,1,4,0,1,4,58,0.0,1.0,True,,,1.0,False
mmpR5|c.244_245dupCG,rpoB|p.Leu430Pro,mmpR5,c.244_245dupCG,rpoB,p.Leu430Pro,bedaquiline;clofazimine,rifampicin;rifapentine,cross_class,1,3,0,1,3,59,0.0,1.0,True,,,1.0,False
mmpR5|c.244_245dupCG,rpoB|p.His445Leu,mmpR5,c.244_245dupCG,rpoB,p.His445Leu,bedaquiline;clofazimine,rifampicin;rifapentine,cross_class,1,20,1,0,19,43,inf,0.31746031746031744,True,lineage1,100.0,1.0,False
pncA|p.Gly97Asp,rpoB|p.Leu430Pro,pncA,p.Gly97Asp,rpoB,p.Leu430Pro,pyrazinamide,rifampicin;rifapentine,cross_class,26,3,0,26,3,34,0.0,0.261136712749616,True,,,1.0,False
pncA|p.Gly97Asp,rpoB|p.His445Asp,pncA,p.Gly97Asp,rpoB,p.His445Asp,pyrazinamide,rifampicin;rifapentine,cross_class,26,1,0,26,1,36,0.0,1.0,True,,,1.0,False
pncA|c.64delA,rpoB|p.Ser450Leu,pncA,c.64delA,rpoB,p.Ser450Leu,pyrazinamide,rifampicin;rifapentine,cross_class,2,28,0,2,28,33,0.0,0.49820788530465954,True,,,1.0,False
pncA|c.64delA,rpoB|p.Leu452Pro,pncA,c.64delA,rpoB,p.Leu452Pro,pyrazinamide,rifampicin;rifapentine,cross_class,2,4,0,2,4,57,0.0,1.0,True,,,1.0,False
pncA|c.64delA,rpoB|p.Leu430Pro,pncA,c.64delA,rpoB,p.Leu430Pro,pyrazinamide,rifampicin;rifapentine,cross_class,2,3,0,2,3,58,0.0,1.0,True,,,1.0,False
pncA|c.64delA,rpoB|p.His445Leu,pncA,c.64delA,rpoB,p.His445Leu,pyrazinamide,rifampicin;rifapentine,cross_class,2,20,0,2,20,41,0.0,1.0,True,,,1.0,False
pncA|c.64delA,rpoB|p.His445Asp,pncA,c.64delA,rpoB,p.His445Asp,pyrazinamide,rifampicin;rifapentine,cross_class,2,1,0,2,1,60,0.0,1.0,True,,,1.0,False
pncA|c.64delA,pncA|p.Gly97Asp,pncA,c.64delA,pncA,p.Gly97Asp,pyrazinamide,pyrazinamide,within_class,2,26,0,2,26,35,0.0,0.5074244751664108,True,,,1.0,False
pncA|c.375_389delCGATGAGGTCGATGT,rpoB|p.Leu452Pro,pncA,c.375_389delCGATGAGGTCGATGT,rpoB,p.Leu452Pro,pyrazinamide,rifampicin;rifapentine,cross_class,20,4,0,20,4,39,0.0,0.29760855514425055,True,,,1.0,False
pncA|c.375_389delCGATGAGGTCGATGT,rpoB|p.Leu430Pro,pncA,c.375_389delCGATGAGGTCGATGT,rpoB,p.Leu430Pro,pyrazinamide,rifampicin;rifapentine,cross_class,20,3,0,20,3,40,0.0,0.545214172395558,True,,,1.0,False
pncA|c.375_389delCGATGAGGTCGATGT,rpoB|p.His445Asp,pncA,c.375_389delCGATGAGGTCGATGT,rpoB,p.His445Asp,pyrazinamide,rifampicin;rifapentine,cross_class,20,1,0,20,1,42,0.0,1.0,True,,,1.0,False
eis|c.-10G>A,ethA|c.1143dupC,eis,c.-10G>A,ethA,c.1143dupC,kanamycin,ethionamide;prothionamide,cross_class,1,1,0,1,1,61,0.0,1.0,True,,,1.0,False
eis|c.-10G>A,embB|p.Met306Val,eis,c.-10G>A,embB,p.Met306Val,kanamycin,ethambutol,cross_class,1,27,1,0,26,36,inf,0.42857142857142855,True,lineage1,100.0,1.0,False
eis|c.-10G>A,embB|p.Met306Ile,eis,c.-10G>A,embB,p.Met306Ile,kanamycin,ethambutol,cross_class,1,3,0,1,3,59,0.0,1.0,True,,,1.0,False
eis|c.-10G>A,embB|p.Gln497Arg,eis,c.-10G>A,embB,p.Gln497Arg,kanamycin,ethambutol,cross_class,1,20,0,1,20,42,0.0,1.0,True,,,1.0,False
ddn|p.Lys104*,rrs|n.517C>T,ddn,p.Lys104*,rrs,n.517C>T,delamanid;pretomanid,streptomycin,cross_class,1,46,1,0,45,17,inf,1.0,True,lineage1,100.0,1.0,False
ddn|p.Lys104*,rpoB|p.Ser450Leu,ddn,p.Lys104*,rpoB,p.Ser450Leu,delamanid;pretomanid,rifampicin;rifapentine,cross_class,1,28,1,0,27,35,inf,0.4444444444444445,True,lineage1,100.0,1.0,False
ddn|p.Lys104*,rpoB|p.Leu452Pro,ddn,p.Lys104*,rpoB,p.Leu452Pro,delamanid;pretomanid,rifampicin;rifapentine,cross_class,1,4,0,1,4,58,0.0,1.0,True,,,1.0,False
ddn|p.Lys104*,rpoB|p.Leu430Pro,ddn,p.Lys104*,rpoB,p.Leu430Pro,delamanid;pretomanid,rifampicin;rifapentine,cross_class,1,3,0,1,3,59,0.0,1.0,True,,,1.0,False
ddn|p.Lys104*,rpoB|p.His445Leu,ddn,p.Lys104*,rpoB,p.His445Leu,delamanid;pretomanid,rifampicin;rifapentine,cross_class,1,20,0,1,20,42,0.0,1.0,True,,,1.0,False
ddn|p.Lys104*,rpoB|p.His445Asp,ddn,p.Lys104*,rpoB,p.His445Asp,delamanid;pretomanid,rifampicin;rifapentine,cross_class,1,1,0,1,1,61,0.0,1.0,True,,,1.0,False
ddn|p.Lys104*,pncA|p.Gly97Asp,ddn,p.Lys104*,pncA,p.Gly97Asp,delamanid;pretomanid,pyrazinamide,cross_class,1,26,1,0,25,37,inf,0.41269841269841273,True,lineage1,100.0,1.0,False
ddn|p.Lys104*,pncA|c.64delA,ddn,p.Lys104*,pncA,c.64delA,delamanid;pretomanid,pyrazinamide,cross_class,1,2,0,1,2,60,0.0,1.0,True,,,1.0,False
ddn|p.Lys104*,pncA|c.375_389delCGATGAGGTCGATGT,ddn,p.Lys104*,pncA,c.375_389delCGATGAGGTCGATGT,delamanid;pretomanid,pyrazinamide,cross_class,1,20,0,1,20,42,0.0,1.0,True,,,1.0,False
ddn|p.Lys104*,mmpR5|c.32_33insT,ddn,p.Lys104*,mmpR5,c.32_33insT,delamanid;pretomanid,bedaquiline;clofazimine,cross_class,1,2,0,1,2,60,0.0,1.0,True,,,1.0,False
ddn|p.Lys104*,mmpR5|c.244_245dupCG,ddn,p.Lys104*,mmpR5,c.244_245dupCG,delamanid;pretomanid,bedaquiline;clofazimine,cross_class,1,1,0,1,1,61,0.0,1.0,True,,,1.0,False
ddn|p.Lys104*,mmpR5|c.198dupG,ddn,p.Lys104*,mmpR5,c.198dupG,delamanid;pretomanid,bedaquiline;clofazimine,cross_class,1,2,0,1,2,60,0.0,1.0,True,,,1.0,False
ddn|p.Lys104*,embB|p.Gln497Arg,ddn,p.Lys104*,embB,p.Gln497Arg,delamanid;pretomanid,ethambutol,cross_class,1,20,0,1,20,42,0.0,1.0,True,,,1.0,False
ddn|p.Lys104*,eis|c.-10G>A,ddn,p.Lys104*,eis,c.-10G>A,delamanid;pretomanid,kanamycin,cross_class,1,1,0,1,1,61,0.0,1.0,True,,,1.0,False
