mutation_id,gene,change,drugs,n_drugs,n_samples,pct_of_cohort
inhA|c.-770T>A,inhA,c.-770T>A,ethionamide;isoniazid;prothionamide,3,265,14.263
pncA|c.456dupC,pncA,c.456dupC,pyrazinamide,1,221,11.895
rpoB|p.Asp435Gly,rpoB,p.Asp435Gly,rifampicin;rifapentine,2,193,10.388
embB|p.Gln497Arg,embB,p.Gln497Arg,ethambutol,1,77,4.144
mmpR5|c.144dupC,mmpR5,c.144dupC,bedaquiline;clofazimine,2,64,3.445
rpsL|p.Lys88Arg,rpsL,p.Lys88Arg,streptomycin,1,60,3.229
rrs|n.517C>T,rrs,n.517C>T,streptomycin,1,53,2.853
gyrA|p.Asp94Asn,gyrA,p.Asp94Asn,levofloxacin;moxifloxacin,2,43,2.314
rpoB|p.His445Tyr,rpoB,p.His445Tyr,rifampicin;rifapentine,2,41,2.207
pncA|p.Tyr34Asp,pncA,p.Tyr34Asp,pyrazinamide,1,35,1.884
pncA|p.Leu151Ser,pncA,p.Leu151Ser,pyrazinamide,1,35,1.884
pncA|p.Gly97Asp,pncA,p.Gly97Asp,pyrazinamide,1,31,1.668
pncA|p.His71Tyr,pncA,p.His71Tyr,pyrazinamide,1,31,1.668
rpoB|p.Ile491Phe,rpoB,p.Ile491Phe,rifampicin;rifapentine,2,29,1.561
rrs|n.878G>A,rrs,n.878G>A,streptomycin,1,27,1.453
pncA|p.Arg154Gly,pncA,p.Arg154Gly,pyrazinamide,1,27,1.453
mmpR5|c.198dupG,mmpR5,c.198dupG,bedaquiline;clofazimine,2,27,1.453
ethA|c.869dupA,ethA,c.869dupA,ethionamide;prothionamide,2,27,1.453
embB|p.Gly406Ala,embB,p.Gly406Ala,ethambutol,1,27,1.453
pncA|p.Gly132Ala,pncA,p.Gly132Ala,pyrazinamide,1,25,1.346
rpoB|p.His445Leu,rpoB,p.His445Leu,rifampicin;rifapentine,2,25,1.346
rrs|n.1484G>T,rrs,n.1484G>T,amikacin;capreomycin;kanamycin,3,24,1.292
rpoB|p.His445Asp,rpoB,p.His445Asp,rifampicin;rifapentine,2,23,1.238
rpoB|p.Asp435Tyr,rpoB,p.Asp435Tyr,rifampicin;rifapentine,2,20,1.076
pncA|p.Ser59Pro,pncA,p.Ser59Pro,pyrazinamide,1,20,1.076
gid|p.Ala134Glu,gid,p.Ala134Glu,streptomycin,1,20,1.076
pncA|c.375_389delCGATGAGGTCGATGT,pncA,c.375_389delCGATGAGGTCGATGT,pyrazinamide,1,20,1.076
mmpR5|c.141_142dupTC,mmpR5,c.141_142dupTC,bedaquiline;clofazimine,2,18,0.969
gyrB|p.Glu501Asp,gyrB,p.Glu501Asp,levofloxacin;moxifloxacin,2,16,0.861
gyrA|p.Gly88Cys,gyrA,p.Gly88Cys,levofloxacin;moxifloxacin,2,16,0.861
mmpR5|c.139dupG,mmpR5,c.139dupG,bedaquiline;clofazimine,2,12,0.646
pncA|p.Trp68Cys,pncA,p.Trp68Cys,pyrazinamide,1,10,0.538
gyrA|p.Gly88Ala,gyrA,p.Gly88Ala,levofloxacin;moxifloxacin,2,10,0.538
gid|c.107delT,gid,c.107delT,streptomycin,1,9,0.484
embB|p.Met306Leu,embB,p.Met306Leu,ethambutol,1,9,0.484
pncA|p.His51Asp,pncA,p.His51Asp,pyrazinamide,1,9,0.484
gid|c.115delC,gid,c.115delC,streptomycin,1,8,0.431
embB|p.Gly406Cys,embB,p.Gly406Cys,ethambutol,1,8,0.431
rpoB|p.Val170Phe,rpoB,p.Val170Phe,rifampicin;rifapentine,2,8,0.431
mmpR5|p.Met146Thr,mmpR5,p.Met146Thr,bedaquiline;clofazimine,2,8,0.431
gid|c.102delG,gid,c.102delG,streptomycin,1,8,0.431
mmpR5|c.138_139delTG,mmpR5,c.138_139delTG,bedaquiline;clofazimine,2,7,0.377
pncA|p.Val139Gly,pncA,p.Val139Gly,pyrazinamide,1,7,0.377
pncA|c.-11A>G,pncA,c.-11A>G,pyrazinamide,1,7,0.377
eis|c.-10G>A,eis,c.-10G>A,kanamycin,1,6,0.323
mmpR5|p.Leu32Ser,mmpR5,p.Leu32Ser,bedaquiline;clofazimine,2,6,0.323
rplC|p.Cys154Arg,rplC,p.Cys154Arg,linezolid,1,5,0.269
eis|c.-14C>T,eis,c.-14C>T,amikacin;kanamycin,2,5,0.269
tlyA|p.Asn236Lys,tlyA,p.Asn236Lys,capreomycin,1,5,0.269
pncA|p.Gly97Cys,pncA,p.Gly97Cys,pyrazinamide,1,5,0.269
mmpR5|c.138_139dupTG,mmpR5,c.138_139dupTG,bedaquiline;clofazimine,2,5,0.269
mmpR5|c.293delA,mmpR5,c.293delA,bedaquiline;clofazimine,2,5,0.269
ethA|p.Met1?,ethA,p.Met1?,ethionamide;prothionamide,2,5,0.269
pncA|p.Asp12Ala,pncA,p.Asp12Ala,pyrazinamide,1,4,0.215
mmpR5|c.475_478delCAGC,mmpR5,c.475_478delCAGC,bedaquiline;clofazimine,2,4,0.215
pncA|p.Thr135Pro,pncA,p.Thr135Pro,pyrazinamide,1,4,0.215
rrs|n.1402C>T,rrs,n.1402C>T,amikacin;capreomycin;kanamycin,3,4,0.215
mmpR5|c.198delG,mmpR5,c.198delG,bedaquiline;clofazimine,2,4,0.215
fbiC|c.1913_1914dupTC,fbiC,c.1913_1914dupTC,delamanid;pretomanid,2,4,0.215
gid|c.475delA,gid,c.475delA,streptomycin,1,4,0.215
pncA|c.515delT,pncA,c.515delT,pyrazinamide,1,4,0.215
mmpR5|p.Val1?,mmpR5,p.Val1?,bedaquiline;clofazimine,2,3,0.161
pncA|p.Cys14Trp,pncA,p.Cys14Trp,pyrazinamide,1,3,0.161
pncA|p.Val139Ala,pncA,p.Val139Ala,pyrazinamide,1,3,0.161
pepQ|c.817dupG,pepQ,c.817dupG,bedaquiline;clofazimine,2,3,0.161
katG|p.Ser315Arg,katG,p.Ser315Arg,isoniazid,1,3,0.161
rpoB|p.Ser450Trp,rpoB,p.Ser450Trp,rifampicin;rifapentine,2,3,0.161
gyrB|p.Asn499Thr,gyrB,p.Asn499Thr,levofloxacin;moxifloxacin,2,3,0.161
gid|c.87delC,gid,c.87delC,streptomycin,1,3,0.161
gid|c.545delG,gid,c.545delG,streptomycin,1,3,0.161
ethA|c.860delA,ethA,c.860delA,ethionamide;prothionamide,2,3,0.161
mmpR5|c.165delA,mmpR5,c.165delA,bedaquiline;clofazimine,2,3,0.161
gyrB|p.Asp461Asn,gyrB,p.Asp461Asn,levofloxacin;moxifloxacin,2,3,0.161
gid|c.351delG,gid,c.351delG,streptomycin,1,2,0.108
ethA|c.1290delC,ethA,c.1290delC,ethionamide;prothionamide,2,2,0.108
ethA|c.871delC,ethA,c.871delC,ethionamide;prothionamide,2,2,0.108
gid|c.304delC,gid,c.304delC,streptomycin,1,2,0.108
katG|c.18delA,katG,c.18delA,isoniazid,1,2,0.108
mmpR5|c.137dupG,mmpR5,c.137dupG,bedaquiline;clofazimine,2,2,0.108
mmpR5|c.144delC,mmpR5,c.144delC,bedaquiline;clofazimine,2,2,0.108
katG|c.1416_1417dupAG,katG,c.1416_1417dupAG,isoniazid,1,2,0.108
mmpR5|c.466dupC,mmpR5,c.466dupC,bedaquiline;clofazimine,2,2,0.108
mmpR5|c.430dupG,mmpR5,c.430dupG,bedaquiline;clofazimine,2,2,0.108
pncA|p.Met175Val,pncA,p.Met175Val,pyrazinamide,1,2,0.108
pncA|p.Leu172Pro,pncA,p.Leu172Pro,pyrazinamide,1,2,0.108
pncA|p.Phe58Ser,pncA,p.Phe58Ser,pyrazinamide,1,2,0.108
pncA|p.Thr76Pro,pncA,p.Thr76Pro,pyrazinamide,1,2,0.108
rpoB|p.Gln432Lys,rpoB,p.Gln432Lys,rifampicin;rifapentine,2,2,0.108
rpoB|p.His445Pro,rpoB,p.His445Pro,rifampicin;rifapentine,2,2,0.108
rrl|n.2270G>T,rrl,n.2270G>T,linezolid,1,2,0.108
rrl|n.2814G>T,rrl,n.2814G>T,linezolid,1,2,0.108
rpoB|p.Met434Ile,rpoB,p.Met434Ile,rifampicin;rifapentine,2,2,0.108
rpoB|c.1296_1304delATTCATGGA,rpoB,c.1296_1304delATTCATGGA,rifampicin;rifapentine,2,2,0.108
pncA|p.Val130Gly,pncA,p.Val130Gly,pyrazinamide,1,2,0.108
pncA|p.Gly108Arg,pncA,p.Gly108Arg,pyrazinamide,1,2,0.108
pncA|c.389delT,pncA,c.389delT,pyrazinamide,1,2,0.108
pncA|c.393dupC,pncA,c.393dupC,pyrazinamide,1,2,0.108
pncA|c.390_391dupGG,pncA,c.390_391dupGG,pyrazinamide,1,2,0.108
mmpR5|p.Arg156*,mmpR5,p.Arg156*,bedaquiline;clofazimine,2,2,0.108
mmpR5|p.Gln76*,mmpR5,p.Gln76*,bedaquiline;clofazimine,2,2,0.108
pncA|c.64delA,pncA,c.64delA,pyrazinamide,1,2,0.108
gid|p.Gly28*,gid,p.Gly28*,streptomycin,1,2,0.108
gid|c.351dupG,gid,c.351dupG,streptomycin,1,2,0.108
mmpR5|p.Tyr157*,mmpR5,p.Tyr157*,bedaquiline;clofazimine,2,2,0.108
mmpR5|p.Ala36Val,mmpR5,p.Ala36Val,bedaquiline;clofazimine,2,2,0.108
mmpR5|c.492_493dupCG,mmpR5,c.492_493dupCG,bedaquiline;clofazimine,2,2,0.108
mmpR5|p.Ile67Ser,mmpR5,p.Ile67Ser,bedaquiline;clofazimine,2,2,0.108
mmpR5|c.32_33insT,mmpR5,c.32_33insT,bedaquiline;clofazimine,2,2,0.108
mmpR5|c.435_436insC,mmpR5,c.435_436insC,bedaquiline;clofazimine,2,2,0.108
mmpR5|c.441_442delGA,mmpR5,c.441_442delGA,bedaquiline;clofazimine,2,2,0.108
mmpR5|c.412delG,mmpR5,c.412delG,bedaquiline;clofazimine,2,2,0.108
embB|p.Tyr319Ser,embB,p.Tyr319Ser,ethambutol,1,2,0.108
ethA|c.672dupG,ethA,c.672dupG,ethionamide;prothionamide,2,2,0.108
embB|p.Gly406Ser,embB,p.Gly406Ser,ethambutol,1,1,0.054
ethA|c.65delA,ethA,c.65delA,ethionamide;prothionamide,2,1,0.054
ethA|c.777dupC,ethA,c.777dupC,ethionamide;prothionamide,2,1,0.054
ddn|c.311delA,ddn,c.311delA,delamanid;pretomanid,2,1,0.054
ddn|c.365_366insC,ddn,c.365_366insC,delamanid;pretomanid,2,1,0.054
ddn|p.Lys104*,ddn,p.Lys104*,delamanid;pretomanid,2,1,0.054
atpE|p.Glu61Asp,atpE,p.Glu61Asp,bedaquiline,1,1,0.054
embB|p.Asp354Ala,embB,p.Asp354Ala,ethambutol,1,1,0.054
ddn|c.114_115dupCG,ddn,c.114_115dupCG,delamanid;pretomanid,2,1,0.054
ethA|c.1307delC,ethA,c.1307delC,ethionamide;prothionamide,2,1,0.054
ethA|c.1143dupC,ethA,c.1143dupC,ethionamide;prothionamide,2,1,0.054
ethA|c.1112delG,ethA,c.1112delG,ethionamide;prothionamide,2,1,0.054
ethA|c.1047delT,ethA,c.1047delT,ethionamide;prothionamide,2,1,0.054
ethA|c.1029delG,ethA,c.1029delG,ethionamide;prothionamide,2,1,0.054
ethA|p.Gln206*,ethA,p.Gln206*,ethionamide;prothionamide,2,1,0.054
ethA|c.5_8delCCGA,ethA,c.5_8delCCGA,ethionamide;prothionamide,2,1,0.054
ethA|c.1341delC,ethA,c.1341delC,ethionamide;prothionamide,2,1,0.054
atpE|p.Ile66Met,atpE,p.Ile66Met,bedaquiline,1,1,0.054
ddn|c.274dupC,ddn,c.274dupC,delamanid;pretomanid,2,1,0.054
ethA|p.Tyr211*,ethA,p.Tyr211*,ethionamide;prothionamide,2,1,0.054
fbiA|c.373dupC,fbiA,c.373dupC,delamanid;pretomanid,2,1,0.054
ethA|p.Gln165*,ethA,p.Gln165*,ethionamide;prothionamide,2,1,0.054
fbiC|c.1481_1511delATGTGCTTGCCGCCCTGCGATCGGCGGAGCG,fbiC,c.1481_1511delATGTGCTTGCCGCCCTGCGATCGGCGGAGCG,delamanid;pretomanid,2,1,0.054
fbiC|c.181_191delAGCGCCGCGCG,fbiC,c.181_191delAGCGCCGCGCG,delamanid;pretomanid,2,1,0.054
fbiC|c.2547_2565dupCACATACGCCCTGCTTGCG,fbiC,c.2547_2565dupCACATACGCCCTGCTTGCG,delamanid;pretomanid,2,1,0.054
fbiC|c.930_931delAA,fbiC,c.930_931delAA,delamanid;pretomanid,2,1,0.054
fbiC|c.989_990dupGC,fbiC,c.989_990dupGC,delamanid;pretomanid,2,1,0.054
fbiC|p.Trp161*,fbiC,p.Trp161*,delamanid;pretomanid,2,1,0.054
fbiC|p.Trp198*,fbiC,p.Trp198*,delamanid;pretomanid,2,1,0.054
fbiC|p.Trp444*,fbiC,p.Trp444*,delamanid;pretomanid,2,1,0.054
mmpR5|c.291delC,mmpR5,c.291delC,bedaquiline;clofazimine,2,1,0.054
mmpR5|c.282delG,mmpR5,c.282delG,bedaquiline;clofazimine,2,1,0.054
mmpR5|c.280_281insT,mmpR5,c.280_281insT,bedaquiline;clofazimine,2,1,0.054
mmpR5|c.244_245dupCG,mmpR5,c.244_245dupCG,bedaquiline;clofazimine,2,1,0.054
mmpR5|c.214delC,mmpR5,c.214delC,bedaquiline;clofazimine,2,1,0.054
mmpR5|c.240delT,mmpR5,c.240delT,bedaquiline;clofazimine,2,1,0.054
mmpR5|c.19delG,mmpR5,c.19delG,bedaquiline;clofazimine,2,1,0.054
mmpR5|c.151_152insT,mmpR5,c.151_152insT,bedaquiline;clofazimine,2,1,0.054
katG|c.18_27delACCCATTACA,katG,c.18_27delACCCATTACA,isoniazid,1,1,0.054
katG|c.120delC,katG,c.120delC,isoniazid,1,1,0.054
katG|c.117delG,katG,c.117delG,isoniazid,1,1,0.054
inhA|p.Ser94Ala,inhA,p.Ser94Ala,ethionamide;isoniazid;prothionamide,3,1,0.054
mmpR5|c.139_140dupGA,mmpR5,c.139_140dupGA,bedaquiline;clofazimine,2,1,0.054
gid|c.386delG,gid,c.386delG,streptomycin,1,1,0.054
gid|p.Trp148*,gid,p.Trp148*,streptomycin,1,1,0.054
gyrA|p.Asp89Asn,gyrA,p.Asp89Asn,levofloxacin;moxifloxacin,2,1,0.054
gid|c.563delT,gid,c.563delT,streptomycin,1,1,0.054
gid|c.61delC,gid,c.61delC,streptomycin,1,1,0.054
gid|c.420dupC,gid,c.420dupC,streptomycin,1,1,0.054
gid|c.52dupC,gid,c.52dupC,streptomycin,1,1,0.054
fbiC|p.Tyr104*,fbiC,p.Tyr104*,delamanid;pretomanid,2,1,0.054
mmpR5|p.Arg134*,mmpR5,p.Arg134*,bedaquiline;clofazimine,2,1,0.054
mmpR5|c.386delC,mmpR5,c.386delC,bedaquiline;clofazimine,2,1,0.054
mmpR5|c.320_321dupGC,mmpR5,c.320_321dupGC,bedaquiline;clofazimine,2,1,0.054
pepQ|c.221dupC,pepQ,c.221dupC,bedaquiline;clofazimine,2,1,0.054
mmpR5|c.321dupC,mmpR5,c.321dupC,bedaquiline;clofazimine,2,1,0.054
mmpR5|p.Asn70Asp,mmpR5,p.Asn70Asp,bedaquiline;clofazimine,2,1,0.054
mmpR5|p.Gly121Arg,mmpR5,p.Gly121Arg,bedaquiline;clofazimine,2,1,0.054
mmpR5|c.366dupG,mmpR5,c.366dupG,bedaquiline;clofazimine,2,1,0.054
mmpR5|c.429_430dupGG,mmpR5,c.429_430dupGG,bedaquiline;clofazimine,2,1,0.054
pepQ|c.371dupC,pepQ,c.371dupC,bedaquiline;clofazimine,2,1,0.054
pncA|c.169delC,pncA,c.169delC,pyrazinamide,1,1,0.054
pncA|p.Gly132Ser,pncA,p.Gly132Ser,pyrazinamide,1,1,0.054
pncA|p.Glu111*,pncA,p.Glu111*,pyrazinamide,1,1,0.054
pncA|p.Gly105Asp,pncA,p.Gly105Asp,pyrazinamide,1,1,0.054
pncA|p.Gln141Pro,pncA,p.Gln141Pro,pyrazinamide,1,1,0.054
pncA|p.Cys72Arg,pncA,p.Cys72Arg,pyrazinamide,1,1,0.054
pncA|p.Asp12Gly,pncA,p.Asp12Gly,pyrazinamide,1,1,0.054
pncA|c.62delT,pncA,c.62delT,pyrazinamide,1,1,0.054
pncA|p.Ala102Pro,pncA,p.Ala102Pro,pyrazinamide,1,1,0.054
pncA|c.459_466delCAGGGTGC,pncA,c.459_466delCAGGGTGC,pyrazinamide,1,1,0.054
pncA|c.407dupA,pncA,c.407dupA,pyrazinamide,1,1,0.054
pncA|c.314dupG,pncA,c.314dupG,pyrazinamide,1,1,0.054
pncA|c.192_193insA,pncA,c.192_193insA,pyrazinamide,1,1,0.054
pncA|c.468_499delGGTGGACCTGACAGCGGGTGTGTCGGCCGATA,pncA,c.468_499delGGTGGACCTGACAGCGGGTGTGTCGGCCGATA,pyrazinamide,1,1,0.054
pepQ|c.150dupC,pepQ,c.150dupC,bedaquiline;clofazimine,2,1,0.054
pncA|p.Val125Phe,pncA,p.Val125Phe,pyrazinamide,1,1,0.054
pncA|p.Ile31Ser,pncA,p.Ile31Ser,pyrazinamide,1,1,0.054
rpoB|p.Asp435Asn,rpoB,p.Asp435Asn,rifampicin;rifapentine,2,1,0.054
rpoB|p.Asp435Ala,rpoB,p.Asp435Ala,rifampicin;rifapentine,2,1,0.054
rpoB|p.Asn438Lys,rpoB,p.Asn438Lys,rifampicin;rifapentine,2,1,0.054
rpoB|p.Asn437Asp,rpoB,p.Asn437Asp,rifampicin;rifapentine,2,1,0.054
rpoB|c.1312_1314delAAC,rpoB,c.1312_1314delAAC,rifampicin;rifapentine,2,1,0.054
pncA|p.Val180Phe,pncA,p.Val180Phe,pyrazinamide,1,1,0.054
rpoB|c.1294_1299delCAATTC,rpoB,c.1294_1299delCAATTC,rifampicin;rifapentine,2,1,0.054
rpoB|c.1306_1308delCAG,rpoB,c.1306_1308delCAG,rifampicin;rifapentine,2,1,0.054
pncA|p.Thr61Pro,pncA,p.Thr61Pro,pyrazinamide,1,1,0.054
pncA|p.Thr47Ala,pncA,p.Thr47Ala,pyrazinamide,1,1,0.054
pncA|p.Thr142Met,pncA,p.Thr142Met,pyrazinamide,1,1,0.054
rpoB|p.Ser431Thr,rpoB,p.Ser431Thr,rifampicin;rifapentine,2,1,0.054
rpoB|p.Ser441Leu,rpoB,p.Ser441Leu,rifampicin;rifapentine,2,1,0.054
rpoB|p.Ser441Ala,rpoB,p.Ser441Ala,rifampicin;rifapentine,2,1,0.054
tlyA|c.388dupG,tlyA,c.388dupG,capreomycin,1,1,0.054
tlyA|c.311dupG,tlyA,c.311dupG,capreomycin,1,1,0.054
